# WaveFront *.obj file (generated by Autodesk ATF)

mtllib Minispielkonsole.mtl

g Körper1

v 12.734125 1.885808 0.000000
v 6.734125 1.885808 0.000000
v 0.734125 1.885808 0.000000
v 0.636579 1.983353 0.009607
v 0.542783 2.077150 0.038060
v 0.456339 2.163593 0.084265
v 0.380571 2.239362 0.146447
v 0.318390 2.301543 0.222215
v 0.272185 2.347748 0.308658
v 0.243732 2.376201 0.402455
v 0.236532 2.383401 0.450991
v 0.234125 2.385808 0.500000
v 6.734125 2.385808 0.500000
v 13.234125 2.385808 0.500000
v 13.231717 2.383401 0.450991
v 13.224517 2.376201 0.402455
v 13.196064 2.347748 0.308658
v 13.149859 2.301543 0.222215
v 13.087678 2.239362 0.146447
v 13.011910 2.163593 0.084265
v 12.925466 2.077150 0.038060
v 12.831670 1.983353 0.009607
v 2.834125 2.015218 0.017037
v 5.434125 2.015218 0.017037
v 8.034125 2.015218 0.017037
v 10.634125 2.015218 0.017037
v 2.834125 2.135808 0.066987
v 5.434125 2.135808 0.066987
v 8.034125 2.135808 0.066987
v 10.634125 2.135808 0.066987
v 2.834125 2.239362 0.146447
v 5.434125 2.239362 0.146447
v 8.034125 2.239362 0.146447
v 10.634125 2.239362 0.146447
v 2.834125 2.318821 0.250000
v 5.434125 2.318821 0.250000
v 8.034125 2.318821 0.250000
v 10.634125 2.318821 0.250000
v 2.834125 2.368771 0.370590
v 5.434125 2.368771 0.370590
v 8.034125 2.368771 0.370590
v 10.634125 2.368771 0.370590
v 0.734125 -6.114192 0.000000
v 0.636579 -6.211737 0.009607
v 0.542783 -6.305533 0.038060
v 0.456339 -6.391977 0.084265
v 0.380571 -6.467745 0.146447
v 0.318390 -6.529926 0.222215
v 0.272185 -6.576131 0.308658
v 0.243732 -6.604584 0.402455
v 0.236532 -6.611784 0.450991
v 0.234125 -6.614192 0.500000
v 0.604715 -4.364192 0.017037
v 0.604715 -2.114192 0.017037
v 0.604715 0.135808 0.017037
v 0.484125 -4.364192 0.066987
v 0.484125 -2.114192 0.066987
v 0.484125 0.135808 0.066987
v 0.380571 -4.364192 0.146447
v 0.380571 -2.114192 0.146447
v 0.380571 0.135808 0.146447
v 0.301112 -4.364192 0.250000
v 0.301112 -2.114192 0.250000
v 0.301112 0.135808 0.250000
v 0.251162 -4.364192 0.370590
v 0.251162 -2.114192 0.370590
v 0.251162 0.135808 0.370590
v 6.734125 -6.114192 0.000000
v 12.734125 -6.114192 0.000000
v 12.831670 -6.211737 0.009607
v 12.925466 -6.305533 0.038060
v 13.011910 -6.391977 0.084265
v 13.087678 -6.467745 0.146447
v 13.149859 -6.529926 0.222215
v 13.196064 -6.576131 0.308658
v 13.224517 -6.604584 0.402455
v 13.231717 -6.611784 0.450991
v 13.234125 -6.614192 0.500000
v 6.734125 -6.614192 0.500000
v 10.634125 -6.243601 0.017037
v 8.034125 -6.243601 0.017037
v 5.434125 -6.243601 0.017037
v 2.834125 -6.243601 0.017037
v 10.634125 -6.364192 0.066987
v 8.034125 -6.364192 0.066987
v 5.434125 -6.364192 0.066987
v 2.834125 -6.364192 0.066987
v 10.634125 -6.467745 0.146447
v 8.034125 -6.467745 0.146447
v 5.434125 -6.467745 0.146447
v 2.834125 -6.467745 0.146447
v 10.634125 -6.547204 0.250000
v 8.034125 -6.547204 0.250000
v 5.434125 -6.547204 0.250000
v 2.834125 -6.547204 0.250000
v 10.634125 -6.597155 0.370590
v 8.034125 -6.597155 0.370590
v 5.434125 -6.597155 0.370590
v 2.834125 -6.597155 0.370590
v 13.217088 -4.364192 0.370590
v 13.217088 -2.114192 0.370590
v 13.217088 0.135808 0.370590
v 13.167137 -4.364192 0.250000
v 13.167137 -2.114192 0.250000
v 13.167137 0.135808 0.250000
v 13.087678 -4.364192 0.146447
v 13.087678 -2.114192 0.146447
v 13.087678 0.135808 0.146447
v 12.984125 -4.364192 0.066987
v 12.984125 -2.114192 0.066987
v 12.984125 0.135808 0.066987
v 12.863534 -4.364192 0.017037
v 12.863534 -2.114192 0.017037
v 12.863534 0.135808 0.017037
v 13.234125 2.385808 4.500000
v 13.234125 -6.614192 4.500000
v 0.234125 2.385808 4.500000
v 6.734125 2.385808 4.500000
v 12.835595 2.104003 1.500000
v 12.839301 2.075851 1.500000
v 12.850167 2.049618 1.500000
v 12.867453 2.027091 1.500000
v 12.889980 2.009806 1.500000
v 12.916213 1.998939 1.500000
v 12.944365 1.995233 1.500000
v 12.972516 1.998939 1.500000
v 12.998750 2.009806 1.500000
v 13.021277 2.027091 1.500000
v 13.038562 2.049618 1.500000
v 13.049428 2.075851 1.500000
v 13.053135 2.104003 1.500000
v 13.049428 2.132155 1.500000
v 13.038562 2.158388 1.500000
v 13.021277 2.180915 1.500000
v 12.998750 2.198201 1.500000
v 12.972516 2.209067 1.500000
v 12.944365 2.212773 1.500000
v 12.916213 2.209067 1.500000
v 12.889980 2.198201 1.500000
v 12.867453 2.180915 1.500000
v 12.850167 2.158388 1.500000
v 12.839301 2.132155 1.500000
v 12.944365 2.104003 1.434644
v 12.835595 2.104003 4.500000
v 12.839301 2.075851 4.500000
v 12.850167 2.049618 4.500000
v 12.867453 2.027091 4.500000
v 12.889980 2.009806 4.500000
v 12.916213 1.998939 4.500000
v 12.944365 1.995233 4.500000
v 12.972516 1.998939 4.500000
v 12.998750 2.009806 4.500000
v 13.021277 2.027091 4.500000
v 13.038562 2.049618 4.500000
v 13.049428 2.075851 4.500000
v 13.053135 2.104003 4.500000
v 13.049428 2.132155 4.500000
v 13.038562 2.158388 4.500000
v 13.021277 2.180915 4.500000
v 12.998750 2.198201 4.500000
v 12.972516 2.209067 4.500000
v 12.944365 2.212773 4.500000
v 12.916213 2.209067 4.500000
v 12.889980 2.198201 4.500000
v 12.867453 2.180915 4.500000
v 12.850167 2.158388 4.500000
v 12.839301 2.132155 4.500000
v 12.835595 2.104003 3.900000
v 12.835595 2.104003 3.300000
v 12.835595 2.104003 2.700000
v 12.835595 2.104003 2.100000
v 12.839301 2.075851 3.900000
v 12.839301 2.075851 3.300000
v 12.839301 2.075851 2.700000
v 12.839301 2.075851 2.100000
v 12.850167 2.049618 3.900000
v 12.850167 2.049618 3.300000
v 12.850167 2.049618 2.700000
v 12.850167 2.049618 2.100000
v 12.867453 2.027091 3.900000
v 12.867453 2.027091 3.300000
v 12.867453 2.027091 2.700000
v 12.867453 2.027091 2.100000
v 12.889980 2.009806 3.900000
v 12.889980 2.009806 3.300000
v 12.889980 2.009806 2.700000
v 12.889980 2.009806 2.100000
v 12.916213 1.998939 3.900000
v 12.916213 1.998939 3.300000
v 12.916213 1.998939 2.700000
v 12.916213 1.998939 2.100000
v 12.944365 1.995233 3.900000
v 12.944365 1.995233 3.300000
v 12.944365 1.995233 2.700000
v 12.944365 1.995233 2.100000
v 12.972516 1.998939 3.900000
v 12.972516 1.998939 3.300000
v 12.972516 1.998939 2.700000
v 12.972516 1.998939 2.100000
v 12.998750 2.009806 3.900000
v 12.998750 2.009806 3.300000
v 12.998750 2.009806 2.700000
v 12.998750 2.009806 2.100000
v 13.021277 2.027091 3.900000
v 13.021277 2.027091 3.300000
v 13.021277 2.027091 2.700000
v 13.021277 2.027091 2.100000
v 13.038562 2.049618 3.900000
v 13.038562 2.049618 3.300000
v 13.038562 2.049618 2.700000
v 13.038562 2.049618 2.100000
v 13.049428 2.075851 3.900000
v 13.049428 2.075851 3.300000
v 13.049428 2.075851 2.700000
v 13.049428 2.075851 2.100000
v 13.053135 2.104003 3.900000
v 13.053135 2.104003 3.300000
v 13.053135 2.104003 2.700000
v 13.053135 2.104003 2.100000
v 13.049428 2.132155 3.900000
v 13.049428 2.132155 3.300000
v 13.049428 2.132155 2.700000
v 13.049428 2.132155 2.100000
v 13.038562 2.158388 3.900000
v 13.038562 2.158388 3.300000
v 13.038562 2.158388 2.700000
v 13.038562 2.158388 2.100000
v 13.021277 2.180915 3.900000
v 13.021277 2.180915 3.300000
v 13.021277 2.180915 2.700000
v 13.021277 2.180915 2.100000
v 12.998750 2.198201 3.900000
v 12.998750 2.198201 3.300000
v 12.998750 2.198201 2.700000
v 12.998750 2.198201 2.100000
v 12.972516 2.209067 3.900000
v 12.972516 2.209067 3.300000
v 12.972516 2.209067 2.700000
v 12.972516 2.209067 2.100000
v 12.944365 2.212773 3.900000
v 12.944365 2.212773 3.300000
v 12.944365 2.212773 2.700000
v 12.944365 2.212773 2.100000
v 12.916213 2.209067 3.900000
v 12.916213 2.209067 3.300000
v 12.916213 2.209067 2.700000
v 12.916213 2.209067 2.100000
v 12.889980 2.198201 3.900000
v 12.889980 2.198201 3.300000
v 12.889980 2.198201 2.700000
v 12.889980 2.198201 2.100000
v 12.867453 2.180915 3.900000
v 12.867453 2.180915 3.300000
v 12.867453 2.180915 2.700000
v 12.867453 2.180915 2.100000
v 12.850167 2.158388 3.900000
v 12.850167 2.158388 3.300000
v 12.850167 2.158388 2.700000
v 12.850167 2.158388 2.100000
v 12.839301 2.132155 3.900000
v 12.839301 2.132155 3.300000
v 12.839301 2.132155 2.700000
v 12.839301 2.132155 2.100000
v 12.838559 -6.337906 1.500000
v 12.842265 -6.366058 1.500000
v 12.853131 -6.392291 1.500000
v 12.870417 -6.414818 1.500000
v 12.892944 -6.432104 1.500000
v 12.919177 -6.442970 1.500000
v 12.947329 -6.446676 1.500000
v 12.975481 -6.442970 1.500000
v 13.001714 -6.432104 1.500000
v 13.024241 -6.414818 1.500000
v 13.041526 -6.392291 1.500000
v 13.052393 -6.366058 1.500000
v 13.056099 -6.337906 1.500000
v 13.052393 -6.309754 1.500000
v 13.041526 -6.283521 1.500000
v 13.024241 -6.260994 1.500000
v 13.001714 -6.243708 1.500000
v 12.975481 -6.232842 1.500000
v 12.947329 -6.229136 1.500000
v 12.919177 -6.232842 1.500000
v 12.892944 -6.243708 1.500000
v 12.870417 -6.260994 1.500000
v 12.853131 -6.283521 1.500000
v 12.842265 -6.309754 1.500000
v 12.947329 -6.337906 1.434644
v 12.838559 -6.337906 4.500000
v 12.842265 -6.366058 4.500000
v 12.853131 -6.392291 4.500000
v 12.870417 -6.414818 4.500000
v 12.892944 -6.432104 4.500000
v 12.919177 -6.442970 4.500000
v 12.947329 -6.446676 4.500000
v 12.975481 -6.442970 4.500000
v 13.001714 -6.432104 4.500000
v 13.024241 -6.414818 4.500000
v 13.041526 -6.392291 4.500000
v 13.052393 -6.366058 4.500000
v 13.056099 -6.337906 4.500000
v 13.052393 -6.309754 4.500000
v 13.041526 -6.283521 4.500000
v 13.024241 -6.260994 4.500000
v 13.001714 -6.243708 4.500000
v 12.975481 -6.232842 4.500000
v 12.947329 -6.229136 4.500000
v 12.919177 -6.232842 4.500000
v 12.892944 -6.243708 4.500000
v 12.870417 -6.260994 4.500000
v 12.853131 -6.283521 4.500000
v 12.842265 -6.309754 4.500000
v 12.838559 -6.337906 3.900000
v 12.838559 -6.337906 3.300000
v 12.838559 -6.337906 2.700000
v 12.838559 -6.337906 2.100000
v 12.842265 -6.366058 3.900000
v 12.842265 -6.366058 3.300000
v 12.842265 -6.366058 2.700000
v 12.842265 -6.366058 2.100000
v 12.853131 -6.392291 3.900000
v 12.853131 -6.392291 3.300000
v 12.853131 -6.392291 2.700000
v 12.853131 -6.392291 2.100000
v 12.870417 -6.414818 3.900000
v 12.870417 -6.414818 3.300000
v 12.870417 -6.414818 2.700000
v 12.870417 -6.414818 2.100000
v 12.892944 -6.432104 3.900000
v 12.892944 -6.432104 3.300000
v 12.892944 -6.432104 2.700000
v 12.892944 -6.432104 2.100000
v 12.919177 -6.442970 3.900000
v 12.919177 -6.442970 3.300000
v 12.919177 -6.442970 2.700000
v 12.919177 -6.442970 2.100000
v 12.947329 -6.446676 3.900000
v 12.947329 -6.446676 3.300000
v 12.947329 -6.446676 2.700000
v 12.947329 -6.446676 2.100000
v 12.975481 -6.442970 3.900000
v 12.975481 -6.442970 3.300000
v 12.975481 -6.442970 2.700000
v 12.975481 -6.442970 2.100000
v 13.001714 -6.432104 3.900000
v 13.001714 -6.432104 3.300000
v 13.001714 -6.432104 2.700000
v 13.001714 -6.432104 2.100000
v 13.024241 -6.414818 3.900000
v 13.024241 -6.414818 3.300000
v 13.024241 -6.414818 2.700000
v 13.024241 -6.414818 2.100000
v 13.041526 -6.392291 3.900000
v 13.041526 -6.392291 3.300000
v 13.041526 -6.392291 2.700000
v 13.041526 -6.392291 2.100000
v 13.052393 -6.366058 3.900000
v 13.052393 -6.366058 3.300000
v 13.052393 -6.366058 2.700000
v 13.052393 -6.366058 2.100000
v 13.056099 -6.337906 3.900000
v 13.056099 -6.337906 3.300000
v 13.056099 -6.337906 2.700000
v 13.056099 -6.337906 2.100000
v 13.052393 -6.309754 3.900000
v 13.052393 -6.309754 3.300000
v 13.052393 -6.309754 2.700000
v 13.052393 -6.309754 2.100000
v 13.041526 -6.283521 3.900000
v 13.041526 -6.283521 3.300000
v 13.041526 -6.283521 2.700000
v 13.041526 -6.283521 2.100000
v 13.024241 -6.260994 3.900000
v 13.024241 -6.260994 3.300000
v 13.024241 -6.260994 2.700000
v 13.024241 -6.260994 2.100000
v 13.001714 -6.243708 3.900000
v 13.001714 -6.243708 3.300000
v 13.001714 -6.243708 2.700000
v 13.001714 -6.243708 2.100000
v 12.975481 -6.232842 3.900000
v 12.975481 -6.232842 3.300000
v 12.975481 -6.232842 2.700000
v 12.975481 -6.232842 2.100000
v 12.947329 -6.229136 3.900000
v 12.947329 -6.229136 3.300000
v 12.947329 -6.229136 2.700000
v 12.947329 -6.229136 2.100000
v 12.919177 -6.232842 3.900000
v 12.919177 -6.232842 3.300000
v 12.919177 -6.232842 2.700000
v 12.919177 -6.232842 2.100000
v 12.892944 -6.243708 3.900000
v 12.892944 -6.243708 3.300000
v 12.892944 -6.243708 2.700000
v 12.892944 -6.243708 2.100000
v 12.870417 -6.260994 3.900000
v 12.870417 -6.260994 3.300000
v 12.870417 -6.260994 2.700000
v 12.870417 -6.260994 2.100000
v 12.853131 -6.283521 3.900000
v 12.853131 -6.283521 3.300000
v 12.853131 -6.283521 2.700000
v 12.853131 -6.283521 2.100000
v 12.842265 -6.309754 3.900000
v 12.842265 -6.309754 3.300000
v 12.842265 -6.309754 2.700000
v 12.842265 -6.309754 2.100000
v 0.408938 -6.327611 1.500000
v 0.412645 -6.355763 1.500000
v 0.423511 -6.381996 1.500000
v 0.440796 -6.404523 1.500000
v 0.463323 -6.421809 1.500000
v 0.489557 -6.432675 1.500000
v 0.517708 -6.436381 1.500000
v 0.545860 -6.432675 1.500000
v 0.572093 -6.421809 1.500000
v 0.594620 -6.404523 1.500000
v 0.611906 -6.381996 1.500000
v 0.622772 -6.355763 1.500000
v 0.626478 -6.327611 1.500000
v 0.622772 -6.299459 1.500000
v 0.611906 -6.273226 1.500000
v 0.594620 -6.250699 1.500000
v 0.572093 -6.233413 1.500000
v 0.545860 -6.222547 1.500000
v 0.517708 -6.218841 1.500000
v 0.489557 -6.222547 1.500000
v 0.463323 -6.233413 1.500000
v 0.440796 -6.250699 1.500000
v 0.423511 -6.273226 1.500000
v 0.412645 -6.299459 1.500000
v 0.517708 -6.327611 1.434644
v 0.408938 -6.327611 4.500000
v 0.412645 -6.355763 4.500000
v 0.423511 -6.381996 4.500000
v 0.440796 -6.404523 4.500000
v 0.463323 -6.421809 4.500000
v 0.489557 -6.432675 4.500000
v 0.517708 -6.436381 4.500000
v 0.545860 -6.432675 4.500000
v 0.572093 -6.421809 4.500000
v 0.594620 -6.404523 4.500000
v 0.611906 -6.381996 4.500000
v 0.622772 -6.355763 4.500000
v 0.626478 -6.327611 4.500000
v 0.622772 -6.299459 4.500000
v 0.611906 -6.273226 4.500000
v 0.594620 -6.250699 4.500000
v 0.572093 -6.233413 4.500000
v 0.545860 -6.222547 4.500000
v 0.517708 -6.218841 4.500000
v 0.489557 -6.222547 4.500000
v 0.463323 -6.233413 4.500000
v 0.440796 -6.250699 4.500000
v 0.423511 -6.273226 4.500000
v 0.412645 -6.299459 4.500000
v 0.408938 -6.327611 3.900000
v 0.408938 -6.327611 3.300000
v 0.408938 -6.327611 2.700000
v 0.408938 -6.327611 2.100000
v 0.412645 -6.355763 3.900000
v 0.412645 -6.355763 3.300000
v 0.412645 -6.355763 2.700000
v 0.412645 -6.355763 2.100000
v 0.423511 -6.381996 3.900000
v 0.423511 -6.381996 3.300000
v 0.423511 -6.381996 2.700000
v 0.423511 -6.381996 2.100000
v 0.440796 -6.404523 3.900000
v 0.440796 -6.404523 3.300000
v 0.440796 -6.404523 2.700000
v 0.440796 -6.404523 2.100000
v 0.463323 -6.421809 3.900000
v 0.463323 -6.421809 3.300000
v 0.463323 -6.421809 2.700000
v 0.463323 -6.421809 2.100000
v 0.489557 -6.432675 3.900000
v 0.489557 -6.432675 3.300000
v 0.489557 -6.432675 2.700000
v 0.489557 -6.432675 2.100000
v 0.517708 -6.436381 3.900000
v 0.517708 -6.436381 3.300000
v 0.517708 -6.436381 2.700000
v 0.517708 -6.436381 2.100000
v 0.545860 -6.432675 3.900000
v 0.545860 -6.432675 3.300000
v 0.545860 -6.432675 2.700000
v 0.545860 -6.432675 2.100000
v 0.572093 -6.421809 3.900000
v 0.572093 -6.421809 3.300000
v 0.572093 -6.421809 2.700000
v 0.572093 -6.421809 2.100000
v 0.594620 -6.404523 3.900000
v 0.594620 -6.404523 3.300000
v 0.594620 -6.404523 2.700000
v 0.594620 -6.404523 2.100000
v 0.611906 -6.381996 3.900000
v 0.611906 -6.381996 3.300000
v 0.611906 -6.381996 2.700000
v 0.611906 -6.381996 2.100000
v 0.622772 -6.355763 3.900000
v 0.622772 -6.355763 3.300000
v 0.622772 -6.355763 2.700000
v 0.622772 -6.355763 2.100000
v 0.626478 -6.327611 3.900000
v 0.626478 -6.327611 3.300000
v 0.626478 -6.327611 2.700000
v 0.626478 -6.327611 2.100000
v 0.622772 -6.299459 3.900000
v 0.622772 -6.299459 3.300000
v 0.622772 -6.299459 2.700000
v 0.622772 -6.299459 2.100000
v 0.611906 -6.273226 3.900000
v 0.611906 -6.273226 3.300000
v 0.611906 -6.273226 2.700000
v 0.611906 -6.273226 2.100000
v 0.594620 -6.250699 3.900000
v 0.594620 -6.250699 3.300000
v 0.594620 -6.250699 2.700000
v 0.594620 -6.250699 2.100000
v 0.572093 -6.233413 3.900000
v 0.572093 -6.233413 3.300000
v 0.572093 -6.233413 2.700000
v 0.572093 -6.233413 2.100000
v 0.545860 -6.222547 3.900000
v 0.545860 -6.222547 3.300000
v 0.545860 -6.222547 2.700000
v 0.545860 -6.222547 2.100000
v 0.517708 -6.218841 3.900000
v 0.517708 -6.218841 3.300000
v 0.517708 -6.218841 2.700000
v 0.517708 -6.218841 2.100000
v 0.489557 -6.222547 3.900000
v 0.489557 -6.222547 3.300000
v 0.489557 -6.222547 2.700000
v 0.489557 -6.222547 2.100000
v 0.463323 -6.233413 3.900000
v 0.463323 -6.233413 3.300000
v 0.463323 -6.233413 2.700000
v 0.463323 -6.233413 2.100000
v 0.440796 -6.250699 3.900000
v 0.440796 -6.250699 3.300000
v 0.440796 -6.250699 2.700000
v 0.440796 -6.250699 2.100000
v 0.423511 -6.273226 3.900000
v 0.423511 -6.273226 3.300000
v 0.423511 -6.273226 2.700000
v 0.423511 -6.273226 2.100000
v 0.412645 -6.299459 3.900000
v 0.412645 -6.299459 3.300000
v 0.412645 -6.299459 2.700000
v 0.412645 -6.299459 2.100000
v 0.388864 2.121375 1.500000
v 0.392570 2.093224 1.500000
v 0.403436 2.066990 1.500000
v 0.420722 2.044463 1.500000
v 0.443249 2.027178 1.500000
v 0.469482 2.016312 1.500000
v 0.497634 2.012605 1.500000
v 0.525786 2.016312 1.500000
v 0.552019 2.027178 1.500000
v 0.574546 2.044463 1.500000
v 0.591831 2.066990 1.500000
v 0.602698 2.093224 1.500000
v 0.606404 2.121375 1.500000
v 0.602698 2.149527 1.500000
v 0.591831 2.175760 1.500000
v 0.574546 2.198287 1.500000
v 0.552019 2.215573 1.500000
v 0.525786 2.226439 1.500000
v 0.497634 2.230145 1.500000
v 0.469482 2.226439 1.500000
v 0.443249 2.215573 1.500000
v 0.420722 2.198287 1.500000
v 0.403436 2.175760 1.500000
v 0.392570 2.149527 1.500000
v 0.497634 2.121375 1.434644
v 0.388864 2.121375 4.500000
v 0.392570 2.093224 4.500000
v 0.403436 2.066990 4.500000
v 0.420722 2.044463 4.500000
v 0.443249 2.027178 4.500000
v 0.469482 2.016312 4.500000
v 0.497634 2.012605 4.500000
v 0.525786 2.016312 4.500000
v 0.552019 2.027178 4.500000
v 0.574546 2.044463 4.500000
v 0.591831 2.066990 4.500000
v 0.602698 2.093224 4.500000
v 0.606404 2.121375 4.500000
v 0.602698 2.149527 4.500000
v 0.591831 2.175760 4.500000
v 0.574546 2.198287 4.500000
v 0.552019 2.215573 4.500000
v 0.525786 2.226439 4.500000
v 0.497634 2.230145 4.500000
v 0.469482 2.226439 4.500000
v 0.443249 2.215573 4.500000
v 0.420722 2.198287 4.500000
v 0.403436 2.175760 4.500000
v 0.392570 2.149527 4.500000
v 0.388864 2.121375 3.900000
v 0.388864 2.121375 3.300000
v 0.388864 2.121375 2.700000
v 0.388864 2.121375 2.100000
v 0.392570 2.093224 3.900000
v 0.392570 2.093224 3.300000
v 0.392570 2.093224 2.700000
v 0.392570 2.093224 2.100000
v 0.403436 2.066990 3.900000
v 0.403436 2.066990 3.300000
v 0.403436 2.066990 2.700000
v 0.403436 2.066990 2.100000
v 0.420722 2.044463 3.900000
v 0.420722 2.044463 3.300000
v 0.420722 2.044463 2.700000
v 0.420722 2.044463 2.100000
v 0.443249 2.027178 3.900000
v 0.443249 2.027178 3.300000
v 0.443249 2.027178 2.700000
v 0.443249 2.027178 2.100000
v 0.469482 2.016312 3.900000
v 0.469482 2.016312 3.300000
v 0.469482 2.016312 2.700000
v 0.469482 2.016312 2.100000
v 0.497634 2.012605 3.900000
v 0.497634 2.012605 3.300000
v 0.497634 2.012605 2.700000
v 0.497634 2.012605 2.100000
v 0.525786 2.016312 3.900000
v 0.525786 2.016312 3.300000
v 0.525786 2.016312 2.700000
v 0.525786 2.016312 2.100000
v 0.552019 2.027178 3.900000
v 0.552019 2.027178 3.300000
v 0.552019 2.027178 2.700000
v 0.552019 2.027178 2.100000
v 0.574546 2.044463 3.900000
v 0.574546 2.044463 3.300000
v 0.574546 2.044463 2.700000
v 0.574546 2.044463 2.100000
v 0.591831 2.066990 3.900000
v 0.591831 2.066990 3.300000
v 0.591831 2.066990 2.700000
v 0.591831 2.066990 2.100000
v 0.602698 2.093224 3.900000
v 0.602698 2.093224 3.300000
v 0.602698 2.093224 2.700000
v 0.602698 2.093224 2.100000
v 0.606404 2.121375 3.900000
v 0.606404 2.121375 3.300000
v 0.606404 2.121375 2.700000
v 0.606404 2.121375 2.100000
v 0.602698 2.149527 3.900000
v 0.602698 2.149527 3.300000
v 0.602698 2.149527 2.700000
v 0.602698 2.149527 2.100000
v 0.591831 2.175760 3.900000
v 0.591831 2.175760 3.300000
v 0.591831 2.175760 2.700000
v 0.591831 2.175760 2.100000
v 0.574546 2.198287 3.900000
v 0.574546 2.198287 3.300000
v 0.574546 2.198287 2.700000
v 0.574546 2.198287 2.100000
v 0.552019 2.215573 3.900000
v 0.552019 2.215573 3.300000
v 0.552019 2.215573 2.700000
v 0.552019 2.215573 2.100000
v 0.525786 2.226439 3.900000
v 0.525786 2.226439 3.300000
v 0.525786 2.226439 2.700000
v 0.525786 2.226439 2.100000
v 0.497634 2.230145 3.900000
v 0.497634 2.230145 3.300000
v 0.497634 2.230145 2.700000
v 0.497634 2.230145 2.100000
v 0.469482 2.226439 3.900000
v 0.469482 2.226439 3.300000
v 0.469482 2.226439 2.700000
v 0.469482 2.226439 2.100000
v 0.443249 2.215573 3.900000
v 0.443249 2.215573 3.300000
v 0.443249 2.215573 2.700000
v 0.443249 2.215573 2.100000
v 0.420722 2.198287 3.900000
v 0.420722 2.198287 3.300000
v 0.420722 2.198287 2.700000
v 0.420722 2.198287 2.100000
v 0.403436 2.175760 3.900000
v 0.403436 2.175760 3.300000
v 0.403436 2.175760 2.700000
v 0.403436 2.175760 2.100000
v 0.392570 2.149527 3.900000
v 0.392570 2.149527 3.300000
v 0.392570 2.149527 2.700000
v 0.392570 2.149527 2.100000
v 0.734125 -6.114192 0.500000
v 6.734125 -6.114192 0.500000
v 12.734125 -6.114192 0.500000
v 12.734125 1.885808 0.500000
v 6.734125 1.885808 0.500000
v 0.734125 1.885808 0.500000
v 0.734125 1.885808 4.500000
v 0.734125 -6.114192 4.500000
v 12.734125 1.885808 4.500000
v 6.734125 1.885808 4.500000
v 12.734125 -6.114192 4.500000
v 6.734125 -6.114192 4.500000
v 0.234125 -6.614192 4.500000
v 6.734125 -6.614192 4.500000
vt -6.000000 -0.392699 0.000000
vt -0.000000 -0.392699 0.000000
vt -6.097545 -0.294524 0.000000
vt -3.900000 -0.261799 0.000000
vt -6.191342 -0.196350 0.000000
vt -3.900000 -0.130900 0.000000
vt -6.277785 -0.098175 0.000000
vt -3.900000 0.000000 0.000000
vt -6.353553 0.000000 0.000000
vt -6.415735 0.098175 0.000000
vt -3.900000 0.130900 0.000000
vt -6.461940 0.196350 0.000000
vt -3.900000 0.261799 0.000000
vt -6.490393 0.294524 0.000000
vt -6.497592 0.343612 0.000000
vt -6.500000 0.392699 0.000000
vt -0.000000 0.392699 0.000000
vt -1.300000 0.261799 0.000000
vt 1.300000 0.261799 0.000000
vt 1.300000 0.130900 0.000000
vt 3.900000 0.130900 0.000000
vt 3.900000 0.000000 0.000000
vt 6.415735 0.098175 0.000000
vt 6.353553 0.000000 0.000000
vt 6.277785 -0.098175 0.000000
vt 3.900000 -0.130900 0.000000
vt 6.191342 -0.196350 0.000000
vt 3.900000 -0.261799 0.000000
vt 6.097545 -0.294524 0.000000
vt 6.000000 -0.392699 0.000000
vt 1.300000 -0.261799 0.000000
vt -1.300000 -0.261799 0.000000
vt -1.300000 -0.130900 0.000000
vt 6.461940 0.196350 0.000000
vt 3.900000 0.261799 0.000000
vt 6.490393 0.294524 0.000000
vt 6.497592 0.343612 0.000000
vt 6.500000 0.392699 0.000000
vt 1.300000 -0.130900 0.000000
vt 1.300000 0.000000 0.000000
vt -1.300000 0.000000 0.000000
vt -1.300000 0.130900 0.000000
vt -4.000000 -0.392699 0.000000
vt 4.000000 -0.392699 0.000000
vt -4.097545 -0.294524 0.000000
vt -2.250000 -0.261799 0.000000
vt -4.191342 -0.196350 0.000000
vt -2.250000 -0.130900 0.000000
vt -4.277785 -0.098175 0.000000
vt -2.250000 0.000000 0.000000
vt -4.353553 0.000000 0.000000
vt -4.415735 0.098175 0.000000
vt -2.250000 0.130900 0.000000
vt -4.461940 0.196350 0.000000
vt -2.250000 0.261799 0.000000
vt -4.490393 0.294524 0.000000
vt -4.497592 0.343612 0.000000
vt -4.500000 0.392699 0.000000
vt 0.000000 0.261799 0.000000
vt 4.497592 0.343612 0.000000
vt 2.250000 0.261799 0.000000
vt 4.490393 0.294524 0.000000
vt 4.461940 0.196350 0.000000
vt 2.250000 0.130900 0.000000
vt 4.415735 0.098175 0.000000
vt 2.250000 0.000000 0.000000
vt 4.353553 0.000000 0.000000
vt 4.277785 -0.098175 0.000000
vt 2.250000 -0.130900 0.000000
vt 4.191342 -0.196350 0.000000
vt 2.250000 -0.261799 0.000000
vt 4.097545 -0.294524 0.000000
vt 0.000000 -0.261799 0.000000
vt 4.500000 0.392699 0.000000
vt 0.000000 -0.130900 0.000000
vt 0.000000 0.000000 0.000000
vt 0.000000 0.130900 0.000000
vt -6.000000 -0.392699 0.000000
vt -0.000000 -0.392699 0.000000
vt -6.097545 -0.294524 0.000000
vt -3.900000 -0.261799 0.000000
vt -6.191342 -0.196350 0.000000
vt -3.900000 -0.130900 0.000000
vt -6.277785 -0.098175 0.000000
vt -3.900000 0.000000 0.000000
vt -6.353553 0.000000 0.000000
vt -6.415735 0.098175 0.000000
vt -3.900000 0.130900 0.000000
vt -6.461940 0.196350 0.000000
vt -3.900000 0.261799 0.000000
vt -6.490393 0.294524 0.000000
vt -6.497592 0.343612 0.000000
vt -6.500000 0.392699 0.000000
vt -0.000000 0.392699 0.000000
vt -1.300000 0.261799 0.000000
vt 1.300000 0.261799 0.000000
vt 1.300000 0.130900 0.000000
vt 3.900000 0.130900 0.000000
vt 3.900000 0.000000 0.000000
vt 6.415735 0.098175 0.000000
vt 6.353553 0.000000 0.000000
vt 6.277785 -0.098175 0.000000
vt 3.900000 -0.130900 0.000000
vt 6.191342 -0.196350 0.000000
vt 3.900000 -0.261799 0.000000
vt 6.097545 -0.294524 0.000000
vt 6.000000 -0.392699 0.000000
vt 1.300000 -0.261799 0.000000
vt -1.300000 -0.261799 0.000000
vt -1.300000 -0.130900 0.000000
vt 6.461940 0.196350 0.000000
vt 3.900000 0.261799 0.000000
vt 6.490393 0.294524 0.000000
vt 6.497592 0.343612 0.000000
vt 6.500000 0.392699 0.000000
vt 1.300000 -0.130900 0.000000
vt 1.300000 0.000000 0.000000
vt -1.300000 0.000000 0.000000
vt -1.300000 0.130900 0.000000
vt 4.500000 0.392699 0.000000
vt -4.500000 0.392699 0.000000
vt 4.497592 0.343612 0.000000
vt 0.000000 0.261799 0.000000
vt 2.250000 0.261799 0.000000
vt 2.250000 0.130900 0.000000
vt 4.461940 0.196350 0.000000
vt 4.415735 0.098175 0.000000
vt 2.250000 -0.000000 0.000000
vt 4.353553 -0.000000 0.000000
vt 4.277785 -0.098175 0.000000
vt 2.250000 -0.130900 0.000000
vt 4.191342 -0.196350 0.000000
vt 2.250000 -0.261799 0.000000
vt 4.097545 -0.294524 0.000000
vt 4.000000 -0.392699 0.000000
vt 0.000000 -0.261799 0.000000
vt -2.250000 -0.261799 0.000000
vt -2.250000 -0.130900 0.000000
vt -4.191342 -0.196350 0.000000
vt -4.277785 -0.098175 0.000000
vt -2.250000 -0.000000 0.000000
vt -4.353553 -0.000000 0.000000
vt -4.415735 0.098175 0.000000
vt -2.250000 0.130900 0.000000
vt -4.461940 0.196350 0.000000
vt -2.250000 0.261799 0.000000
vt -4.490393 0.294524 0.000000
vt -4.497592 0.343612 0.000000
vt -4.097545 -0.294524 0.000000
vt -4.000000 -0.392699 0.000000
vt 4.490393 0.294524 0.000000
vt 0.000000 0.130900 0.000000
vt 0.000000 -0.000000 0.000000
vt 0.000000 -0.130900 0.000000
vt -1.750000 -4.500000 0.000000
vt 2.250000 -4.500000 0.000000
vt -1.750000 4.500000 0.000000
vt 2.250000 4.500000 0.000000
vt 2.250000 6.500000 0.000000
vt -1.750000 6.500000 0.000000
vt 2.250000 0.000000 0.000000
vt -1.750000 0.000000 0.000000
vt 2.250000 -6.500000 0.000000
vt -1.750000 -6.500000 0.000000
vt -4.000000 -6.000000 0.000000
vt 4.000000 -6.000000 0.000000
vt -4.000000 0.000000 0.000000
vt 4.000000 0.000000 0.000000
vt -4.000000 6.000000 0.000000
vt 4.000000 6.000000 0.000000
vt -0.063453 0.156618 0.000000
vt 0.063442 0.156618 0.000000
vt -0.063453 0.170856 0.000000
vt -0.063453 0.128142 0.000000
vt 0.063442 0.128142 0.000000
vt -0.063453 0.142380 0.000000
vt -0.063453 0.099666 0.000000
vt 0.063442 0.099666 0.000000
vt -0.063453 0.113904 0.000000
vt -0.063453 0.071190 0.000000
vt 0.063442 0.071190 0.000000
vt -0.063453 0.085428 0.000000
vt -0.063453 0.042714 0.000000
vt 0.063442 0.042714 0.000000
vt -0.063453 0.056952 0.000000
vt -0.063453 0.014238 0.000000
vt 0.063442 0.014238 0.000000
vt -0.063453 0.028476 0.000000
vt -0.063453 -0.014238 0.000000
vt 0.063442 -0.014238 0.000000
vt -0.063453 0.000000 0.000000
vt -0.063453 -0.042714 0.000000
vt 0.063442 -0.042714 0.000000
vt -0.063453 -0.028476 0.000000
vt -0.063453 -0.071190 0.000000
vt 0.063442 -0.071190 0.000000
vt -0.063453 -0.056952 0.000000
vt -0.063453 -0.099666 0.000000
vt 0.063442 -0.099666 0.000000
vt -0.063453 -0.085428 0.000000
vt -0.063453 -0.128142 0.000000
vt 0.063442 -0.128142 0.000000
vt -0.063453 -0.113904 0.000000
vt -0.063453 -0.156618 0.000000
vt 0.063442 -0.156618 0.000000
vt -0.063453 -0.142380 0.000000
vt -0.063453 -0.170856 0.000000
vt 0.063442 -0.170856 0.000000
vt 0.063442 -0.056952 0.000000
vt 0.063442 0.056952 0.000000
vt 0.063442 -0.142380 0.000000
vt 0.063442 -0.113904 0.000000
vt 0.063442 -0.085428 0.000000
vt 0.063442 -0.028476 0.000000
vt 0.063442 0.000000 0.000000
vt 0.063442 0.028476 0.000000
vt 0.063442 0.085428 0.000000
vt 0.063442 0.113904 0.000000
vt 0.063442 0.142380 0.000000
vt -1.500000 0.313235 0.000000
vt -0.900000 0.313235 0.000000
vt -1.500000 0.341711 0.000000
vt -0.900000 0.341711 0.000000
vt -1.500000 -0.341711 0.000000
vt -0.900000 -0.341711 0.000000
vt -1.500000 -0.313235 0.000000
vt -0.900000 -0.313235 0.000000
vt -1.500000 -0.284759 0.000000
vt -0.900000 -0.284759 0.000000
vt -1.500000 -0.256283 0.000000
vt -0.900000 -0.256283 0.000000
vt -1.500000 -0.227807 0.000000
vt -0.900000 -0.227807 0.000000
vt -1.500000 -0.199331 0.000000
vt -0.900000 -0.199331 0.000000
vt -1.500000 -0.170856 0.000000
vt -0.900000 -0.170856 0.000000
vt -1.500000 -0.142380 0.000000
vt -0.900000 -0.142380 0.000000
vt -1.500000 -0.113904 0.000000
vt -0.900000 -0.113904 0.000000
vt -1.500000 -0.085428 0.000000
vt -0.900000 -0.085428 0.000000
vt -1.500000 -0.056952 0.000000
vt -0.900000 -0.056952 0.000000
vt -1.500000 -0.028476 0.000000
vt -0.900000 -0.028476 0.000000
vt -1.500000 0.000000 0.000000
vt -0.900000 0.000000 0.000000
vt -1.500000 0.028476 0.000000
vt -0.900000 0.028476 0.000000
vt -1.500000 0.056952 0.000000
vt -0.900000 0.056952 0.000000
vt -1.500000 0.085428 0.000000
vt -0.900000 0.085428 0.000000
vt -1.500000 0.113904 0.000000
vt -0.900000 0.113904 0.000000
vt -1.500000 0.142380 0.000000
vt -0.900000 0.142380 0.000000
vt -1.500000 0.170856 0.000000
vt -0.900000 0.170856 0.000000
vt -1.500000 0.199331 0.000000
vt -0.900000 0.199331 0.000000
vt -1.500000 0.227807 0.000000
vt -0.900000 0.227807 0.000000
vt -1.500000 0.256283 0.000000
vt -0.900000 0.256283 0.000000
vt -1.500000 0.284759 0.000000
vt -0.900000 0.284759 0.000000
vt 1.500000 -0.313235 0.000000
vt 0.900000 -0.313235 0.000000
vt 1.500000 -0.341711 0.000000
vt 0.900000 -0.341711 0.000000
vt 1.500000 0.341711 0.000000
vt 0.900000 0.341711 0.000000
vt 1.500000 0.313235 0.000000
vt 0.900000 0.313235 0.000000
vt 1.500000 0.284759 0.000000
vt 0.900000 0.284759 0.000000
vt 1.500000 0.256283 0.000000
vt 0.900000 0.256283 0.000000
vt 1.500000 0.227807 0.000000
vt 0.900000 0.227807 0.000000
vt 1.500000 0.199331 0.000000
vt 0.900000 0.199331 0.000000
vt 1.500000 0.170856 0.000000
vt 0.900000 0.170856 0.000000
vt 1.500000 0.142380 0.000000
vt 0.900000 0.142380 0.000000
vt 1.500000 0.113904 0.000000
vt 0.900000 0.113904 0.000000
vt 1.500000 0.085428 0.000000
vt 0.900000 0.085428 0.000000
vt 1.500000 0.056952 0.000000
vt 0.900000 0.056952 0.000000
vt 1.500000 0.028476 0.000000
vt 0.900000 0.028476 0.000000
vt 1.500000 0.000000 0.000000
vt 0.900000 0.000000 0.000000
vt 1.500000 -0.028476 0.000000
vt 0.900000 -0.028476 0.000000
vt 1.500000 -0.056952 0.000000
vt 0.900000 -0.056952 0.000000
vt 1.500000 -0.085428 0.000000
vt 0.900000 -0.085428 0.000000
vt 1.500000 -0.113904 0.000000
vt 0.900000 -0.113904 0.000000
vt 1.500000 -0.142380 0.000000
vt 0.900000 -0.142380 0.000000
vt 1.500000 -0.170856 0.000000
vt 0.900000 -0.170856 0.000000
vt 1.500000 -0.199331 0.000000
vt 0.900000 -0.199331 0.000000
vt 1.500000 -0.227807 0.000000
vt 0.900000 -0.227807 0.000000
vt 1.500000 -0.256283 0.000000
vt 0.900000 -0.256283 0.000000
vt 1.500000 -0.284759 0.000000
vt 0.900000 -0.284759 0.000000
vt -0.300000 -0.341711 0.000000
vt -0.300000 -0.313235 0.000000
vt -0.300000 -0.284759 0.000000
vt -0.300000 -0.256283 0.000000
vt -0.300000 -0.227807 0.000000
vt -0.300000 -0.199331 0.000000
vt -0.300000 -0.170856 0.000000
vt -0.300000 -0.142380 0.000000
vt -0.300000 -0.113904 0.000000
vt -0.300000 -0.085428 0.000000
vt -0.300000 -0.056952 0.000000
vt -0.300000 -0.028476 0.000000
vt -0.300000 0.000000 0.000000
vt -0.300000 0.028476 0.000000
vt -0.300000 0.056952 0.000000
vt -0.300000 0.085428 0.000000
vt -0.300000 0.113904 0.000000
vt -0.300000 0.142380 0.000000
vt -0.300000 0.170856 0.000000
vt -0.300000 0.199331 0.000000
vt -0.300000 0.227807 0.000000
vt -0.300000 0.256283 0.000000
vt -0.300000 0.284759 0.000000
vt -0.300000 0.313235 0.000000
vt -0.300000 0.341711 0.000000
vt 0.300000 -0.341711 0.000000
vt 0.300000 -0.313235 0.000000
vt 0.300000 -0.284759 0.000000
vt 0.300000 -0.256283 0.000000
vt 0.300000 -0.227807 0.000000
vt 0.300000 -0.199331 0.000000
vt 0.300000 -0.170856 0.000000
vt 0.300000 -0.142380 0.000000
vt 0.300000 -0.113904 0.000000
vt 0.300000 -0.085428 0.000000
vt 0.300000 -0.056952 0.000000
vt 0.300000 -0.028476 0.000000
vt 0.300000 0.000000 0.000000
vt 0.300000 0.028476 0.000000
vt 0.300000 0.056952 0.000000
vt 0.300000 0.085428 0.000000
vt 0.300000 0.113904 0.000000
vt 0.300000 0.142380 0.000000
vt 0.300000 0.170856 0.000000
vt 0.300000 0.199331 0.000000
vt 0.300000 0.227807 0.000000
vt 0.300000 0.256283 0.000000
vt 0.300000 0.284759 0.000000
vt 0.300000 0.313235 0.000000
vt 0.300000 0.341711 0.000000
vt -0.063453 0.156618 0.000000
vt 0.063442 0.156618 0.000000
vt -0.063453 0.170856 0.000000
vt -0.063453 0.128142 0.000000
vt 0.063442 0.128142 0.000000
vt -0.063453 0.142380 0.000000
vt -0.063453 0.099666 0.000000
vt 0.063442 0.099666 0.000000
vt -0.063453 0.113904 0.000000
vt -0.063453 0.071190 0.000000
vt 0.063442 0.071190 0.000000
vt -0.063453 0.085428 0.000000
vt -0.063453 0.042714 0.000000
vt 0.063442 0.042714 0.000000
vt -0.063453 0.056952 0.000000
vt -0.063453 0.014238 0.000000
vt 0.063442 0.014238 0.000000
vt -0.063453 0.028476 0.000000
vt -0.063453 -0.014238 0.000000
vt 0.063442 -0.014238 0.000000
vt -0.063453 0.000000 0.000000
vt -0.063453 -0.042714 0.000000
vt 0.063442 -0.042714 0.000000
vt -0.063453 -0.028476 0.000000
vt -0.063453 -0.071190 0.000000
vt 0.063442 -0.071190 0.000000
vt -0.063453 -0.056952 0.000000
vt -0.063453 -0.099666 0.000000
vt 0.063442 -0.099666 0.000000
vt -0.063453 -0.085428 0.000000
vt -0.063453 -0.128142 0.000000
vt 0.063442 -0.128142 0.000000
vt -0.063453 -0.113904 0.000000
vt -0.063453 -0.156618 0.000000
vt 0.063442 -0.156618 0.000000
vt -0.063453 -0.142380 0.000000
vt -0.063453 -0.170856 0.000000
vt 0.063442 -0.170856 0.000000
vt 0.063442 -0.056952 0.000000
vt 0.063442 0.056952 0.000000
vt 0.063442 -0.142380 0.000000
vt 0.063442 -0.113904 0.000000
vt 0.063442 -0.085428 0.000000
vt 0.063442 -0.028476 0.000000
vt 0.063442 0.000000 0.000000
vt 0.063442 0.028476 0.000000
vt 0.063442 0.085428 0.000000
vt 0.063442 0.113904 0.000000
vt 0.063442 0.142380 0.000000
vt -1.500000 0.313235 0.000000
vt -0.900000 0.313235 0.000000
vt -1.500000 0.341711 0.000000
vt -0.900000 0.341711 0.000000
vt -1.500000 -0.341711 0.000000
vt -0.900000 -0.341711 0.000000
vt -1.500000 -0.313235 0.000000
vt -0.900000 -0.313235 0.000000
vt -1.500000 -0.284759 0.000000
vt -0.900000 -0.284759 0.000000
vt -1.500000 -0.256283 0.000000
vt -0.900000 -0.256283 0.000000
vt -1.500000 -0.227807 0.000000
vt -0.900000 -0.227807 0.000000
vt -1.500000 -0.199331 0.000000
vt -0.900000 -0.199331 0.000000
vt -1.500000 -0.170856 0.000000
vt -0.900000 -0.170856 0.000000
vt -1.500000 -0.142380 0.000000
vt -0.900000 -0.142380 0.000000
vt -1.500000 -0.113904 0.000000
vt -0.900000 -0.113904 0.000000
vt -1.500000 -0.085428 0.000000
vt -0.900000 -0.085428 0.000000
vt -1.500000 -0.056952 0.000000
vt -0.900000 -0.056952 0.000000
vt -1.500000 -0.028476 0.000000
vt -0.900000 -0.028476 0.000000
vt -1.500000 0.000000 0.000000
vt -0.900000 0.000000 0.000000
vt -1.500000 0.028476 0.000000
vt -0.900000 0.028476 0.000000
vt -1.500000 0.056952 0.000000
vt -0.900000 0.056952 0.000000
vt -1.500000 0.085428 0.000000
vt -0.900000 0.085428 0.000000
vt -1.500000 0.113904 0.000000
vt -0.900000 0.113904 0.000000
vt -1.500000 0.142380 0.000000
vt -0.900000 0.142380 0.000000
vt -1.500000 0.170856 0.000000
vt -0.900000 0.170856 0.000000
vt -1.500000 0.199331 0.000000
vt -0.900000 0.199331 0.000000
vt -1.500000 0.227807 0.000000
vt -0.900000 0.227807 0.000000
vt -1.500000 0.256283 0.000000
vt -0.900000 0.256283 0.000000
vt -1.500000 0.284759 0.000000
vt -0.900000 0.284759 0.000000
vt 1.500000 -0.313235 0.000000
vt 0.900000 -0.313235 0.000000
vt 1.500000 -0.341711 0.000000
vt 0.900000 -0.341711 0.000000
vt 1.500000 0.341711 0.000000
vt 0.900000 0.341711 0.000000
vt 1.500000 0.313235 0.000000
vt 0.900000 0.313235 0.000000
vt 1.500000 0.284759 0.000000
vt 0.900000 0.284759 0.000000
vt 1.500000 0.256283 0.000000
vt 0.900000 0.256283 0.000000
vt 1.500000 0.227807 0.000000
vt 0.900000 0.227807 0.000000
vt 1.500000 0.199331 0.000000
vt 0.900000 0.199331 0.000000
vt 1.500000 0.170856 0.000000
vt 0.900000 0.170856 0.000000
vt 1.500000 0.142380 0.000000
vt 0.900000 0.142380 0.000000
vt 1.500000 0.113904 0.000000
vt 0.900000 0.113904 0.000000
vt 1.500000 0.085428 0.000000
vt 0.900000 0.085428 0.000000
vt 1.500000 0.056952 0.000000
vt 0.900000 0.056952 0.000000
vt 1.500000 0.028476 0.000000
vt 0.900000 0.028476 0.000000
vt 1.500000 0.000000 0.000000
vt 0.900000 0.000000 0.000000
vt 1.500000 -0.028476 0.000000
vt 0.900000 -0.028476 0.000000
vt 1.500000 -0.056952 0.000000
vt 0.900000 -0.056952 0.000000
vt 1.500000 -0.085428 0.000000
vt 0.900000 -0.085428 0.000000
vt 1.500000 -0.113904 0.000000
vt 0.900000 -0.113904 0.000000
vt 1.500000 -0.142380 0.000000
vt 0.900000 -0.142380 0.000000
vt 1.500000 -0.170856 0.000000
vt 0.900000 -0.170856 0.000000
vt 1.500000 -0.199331 0.000000
vt 0.900000 -0.199331 0.000000
vt 1.500000 -0.227807 0.000000
vt 0.900000 -0.227807 0.000000
vt 1.500000 -0.256283 0.000000
vt 0.900000 -0.256283 0.000000
vt 1.500000 -0.284759 0.000000
vt 0.900000 -0.284759 0.000000
vt -0.300000 -0.341711 0.000000
vt -0.300000 -0.313235 0.000000
vt -0.300000 -0.284759 0.000000
vt -0.300000 -0.256283 0.000000
vt -0.300000 -0.227807 0.000000
vt -0.300000 -0.199331 0.000000
vt -0.300000 -0.170856 0.000000
vt -0.300000 -0.142380 0.000000
vt -0.300000 -0.113904 0.000000
vt -0.300000 -0.085428 0.000000
vt -0.300000 -0.056952 0.000000
vt -0.300000 -0.028476 0.000000
vt -0.300000 0.000000 0.000000
vt -0.300000 0.028476 0.000000
vt -0.300000 0.056952 0.000000
vt -0.300000 0.085428 0.000000
vt -0.300000 0.113904 0.000000
vt -0.300000 0.142380 0.000000
vt -0.300000 0.170856 0.000000
vt -0.300000 0.199331 0.000000
vt -0.300000 0.227807 0.000000
vt -0.300000 0.256283 0.000000
vt -0.300000 0.284759 0.000000
vt -0.300000 0.313235 0.000000
vt -0.300000 0.341711 0.000000
vt 0.300000 -0.341711 0.000000
vt 0.300000 -0.313235 0.000000
vt 0.300000 -0.284759 0.000000
vt 0.300000 -0.256283 0.000000
vt 0.300000 -0.227807 0.000000
vt 0.300000 -0.199331 0.000000
vt 0.300000 -0.170856 0.000000
vt 0.300000 -0.142380 0.000000
vt 0.300000 -0.113904 0.000000
vt 0.300000 -0.085428 0.000000
vt 0.300000 -0.056952 0.000000
vt 0.300000 -0.028476 0.000000
vt 0.300000 0.000000 0.000000
vt 0.300000 0.028476 0.000000
vt 0.300000 0.056952 0.000000
vt 0.300000 0.085428 0.000000
vt 0.300000 0.113904 0.000000
vt 0.300000 0.142380 0.000000
vt 0.300000 0.170856 0.000000
vt 0.300000 0.199331 0.000000
vt 0.300000 0.227807 0.000000
vt 0.300000 0.256283 0.000000
vt 0.300000 0.284759 0.000000
vt 0.300000 0.313235 0.000000
vt 0.300000 0.341711 0.000000
vt -0.063453 0.156618 0.000000
vt 0.063442 0.156618 0.000000
vt -0.063453 0.170856 0.000000
vt -0.063453 0.128142 0.000000
vt 0.063442 0.128142 0.000000
vt -0.063453 0.142380 0.000000
vt -0.063453 0.099666 0.000000
vt 0.063442 0.099666 0.000000
vt -0.063453 0.113904 0.000000
vt -0.063453 0.071190 0.000000
vt 0.063442 0.071190 0.000000
vt -0.063453 0.085428 0.000000
vt -0.063453 0.042714 0.000000
vt 0.063442 0.042714 0.000000
vt -0.063453 0.056952 0.000000
vt -0.063453 0.014238 0.000000
vt 0.063442 0.014238 0.000000
vt -0.063453 0.028476 0.000000
vt -0.063453 -0.014238 0.000000
vt 0.063442 -0.014238 0.000000
vt -0.063453 0.000000 0.000000
vt -0.063453 -0.042714 0.000000
vt 0.063442 -0.042714 0.000000
vt -0.063453 -0.028476 0.000000
vt -0.063453 -0.071190 0.000000
vt 0.063442 -0.071190 0.000000
vt -0.063453 -0.056952 0.000000
vt -0.063453 -0.099666 0.000000
vt 0.063442 -0.099666 0.000000
vt -0.063453 -0.085428 0.000000
vt -0.063453 -0.128142 0.000000
vt 0.063442 -0.128142 0.000000
vt -0.063453 -0.113904 0.000000
vt -0.063453 -0.156618 0.000000
vt 0.063442 -0.156618 0.000000
vt -0.063453 -0.142380 0.000000
vt -0.063453 -0.170856 0.000000
vt 0.063442 -0.170856 0.000000
vt 0.063442 -0.056952 0.000000
vt 0.063442 0.056952 0.000000
vt 0.063442 -0.142380 0.000000
vt 0.063442 -0.113904 0.000000
vt 0.063442 -0.085428 0.000000
vt 0.063442 -0.028476 0.000000
vt 0.063442 0.000000 0.000000
vt 0.063442 0.028476 0.000000
vt 0.063442 0.085428 0.000000
vt 0.063442 0.113904 0.000000
vt 0.063442 0.142380 0.000000
vt -1.500000 0.313235 0.000000
vt -0.900000 0.313235 0.000000
vt -1.500000 0.341711 0.000000
vt -0.900000 0.341711 0.000000
vt -1.500000 -0.341711 0.000000
vt -0.900000 -0.341711 0.000000
vt -1.500000 -0.313235 0.000000
vt -0.900000 -0.313235 0.000000
vt -1.500000 -0.284759 0.000000
vt -0.900000 -0.284759 0.000000
vt -1.500000 -0.256283 0.000000
vt -0.900000 -0.256283 0.000000
vt -1.500000 -0.227807 0.000000
vt -0.900000 -0.227807 0.000000
vt -1.500000 -0.199331 0.000000
vt -0.900000 -0.199331 0.000000
vt -1.500000 -0.170856 0.000000
vt -0.900000 -0.170856 0.000000
vt -1.500000 -0.142380 0.000000
vt -0.900000 -0.142380 0.000000
vt -1.500000 -0.113904 0.000000
vt -0.900000 -0.113904 0.000000
vt -1.500000 -0.085428 0.000000
vt -0.900000 -0.085428 0.000000
vt -1.500000 -0.056952 0.000000
vt -0.900000 -0.056952 0.000000
vt -1.500000 -0.028476 0.000000
vt -0.900000 -0.028476 0.000000
vt -1.500000 0.000000 0.000000
vt -0.900000 0.000000 0.000000
vt -1.500000 0.028476 0.000000
vt -0.900000 0.028476 0.000000
vt -1.500000 0.056952 0.000000
vt -0.900000 0.056952 0.000000
vt -1.500000 0.085428 0.000000
vt -0.900000 0.085428 0.000000
vt -1.500000 0.113904 0.000000
vt -0.900000 0.113904 0.000000
vt -1.500000 0.142380 0.000000
vt -0.900000 0.142380 0.000000
vt -1.500000 0.170856 0.000000
vt -0.900000 0.170856 0.000000
vt -1.500000 0.199331 0.000000
vt -0.900000 0.199331 0.000000
vt -1.500000 0.227807 0.000000
vt -0.900000 0.227807 0.000000
vt -1.500000 0.256283 0.000000
vt -0.900000 0.256283 0.000000
vt -1.500000 0.284759 0.000000
vt -0.900000 0.284759 0.000000
vt 1.500000 -0.313235 0.000000
vt 0.900000 -0.313235 0.000000
vt 1.500000 -0.341711 0.000000
vt 0.900000 -0.341711 0.000000
vt 1.500000 0.341711 0.000000
vt 0.900000 0.341711 0.000000
vt 1.500000 0.313235 0.000000
vt 0.900000 0.313235 0.000000
vt 1.500000 0.284759 0.000000
vt 0.900000 0.284759 0.000000
vt 1.500000 0.256283 0.000000
vt 0.900000 0.256283 0.000000
vt 1.500000 0.227807 0.000000
vt 0.900000 0.227807 0.000000
vt 1.500000 0.199331 0.000000
vt 0.900000 0.199331 0.000000
vt 1.500000 0.170856 0.000000
vt 0.900000 0.170856 0.000000
vt 1.500000 0.142380 0.000000
vt 0.900000 0.142380 0.000000
vt 1.500000 0.113904 0.000000
vt 0.900000 0.113904 0.000000
vt 1.500000 0.085428 0.000000
vt 0.900000 0.085428 0.000000
vt 1.500000 0.056952 0.000000
vt 0.900000 0.056952 0.000000
vt 1.500000 0.028476 0.000000
vt 0.900000 0.028476 0.000000
vt 1.500000 0.000000 0.000000
vt 0.900000 0.000000 0.000000
vt 1.500000 -0.028476 0.000000
vt 0.900000 -0.028476 0.000000
vt 1.500000 -0.056952 0.000000
vt 0.900000 -0.056952 0.000000
vt 1.500000 -0.085428 0.000000
vt 0.900000 -0.085428 0.000000
vt 1.500000 -0.113904 0.000000
vt 0.900000 -0.113904 0.000000
vt 1.500000 -0.142380 0.000000
vt 0.900000 -0.142380 0.000000
vt 1.500000 -0.170856 0.000000
vt 0.900000 -0.170856 0.000000
vt 1.500000 -0.199331 0.000000
vt 0.900000 -0.199331 0.000000
vt 1.500000 -0.227807 0.000000
vt 0.900000 -0.227807 0.000000
vt 1.500000 -0.256283 0.000000
vt 0.900000 -0.256283 0.000000
vt 1.500000 -0.284759 0.000000
vt 0.900000 -0.284759 0.000000
vt -0.300000 -0.341711 0.000000
vt -0.300000 -0.313235 0.000000
vt -0.300000 -0.284759 0.000000
vt -0.300000 -0.256283 0.000000
vt -0.300000 -0.227807 0.000000
vt -0.300000 -0.199331 0.000000
vt -0.300000 -0.170856 0.000000
vt -0.300000 -0.142380 0.000000
vt -0.300000 -0.113904 0.000000
vt -0.300000 -0.085428 0.000000
vt -0.300000 -0.056952 0.000000
vt -0.300000 -0.028476 0.000000
vt -0.300000 0.000000 0.000000
vt -0.300000 0.028476 0.000000
vt -0.300000 0.056952 0.000000
vt -0.300000 0.085428 0.000000
vt -0.300000 0.113904 0.000000
vt -0.300000 0.142380 0.000000
vt -0.300000 0.170856 0.000000
vt -0.300000 0.199331 0.000000
vt -0.300000 0.227807 0.000000
vt -0.300000 0.256283 0.000000
vt -0.300000 0.284759 0.000000
vt -0.300000 0.313235 0.000000
vt -0.300000 0.341711 0.000000
vt 0.300000 -0.341711 0.000000
vt 0.300000 -0.313235 0.000000
vt 0.300000 -0.284759 0.000000
vt 0.300000 -0.256283 0.000000
vt 0.300000 -0.227807 0.000000
vt 0.300000 -0.199331 0.000000
vt 0.300000 -0.170856 0.000000
vt 0.300000 -0.142380 0.000000
vt 0.300000 -0.113904 0.000000
vt 0.300000 -0.085428 0.000000
vt 0.300000 -0.056952 0.000000
vt 0.300000 -0.028476 0.000000
vt 0.300000 0.000000 0.000000
vt 0.300000 0.028476 0.000000
vt 0.300000 0.056952 0.000000
vt 0.300000 0.085428 0.000000
vt 0.300000 0.113904 0.000000
vt 0.300000 0.142380 0.000000
vt 0.300000 0.170856 0.000000
vt 0.300000 0.199331 0.000000
vt 0.300000 0.227807 0.000000
vt 0.300000 0.256283 0.000000
vt 0.300000 0.284759 0.000000
vt 0.300000 0.313235 0.000000
vt 0.300000 0.341711 0.000000
vt -0.063453 0.156618 0.000000
vt 0.063442 0.156618 0.000000
vt -0.063453 0.170856 0.000000
vt -0.063453 0.128142 0.000000
vt 0.063442 0.128142 0.000000
vt -0.063453 0.142380 0.000000
vt -0.063453 0.099666 0.000000
vt 0.063442 0.099666 0.000000
vt -0.063453 0.113904 0.000000
vt -0.063453 0.071190 0.000000
vt 0.063442 0.071190 0.000000
vt -0.063453 0.085428 0.000000
vt -0.063453 0.042714 0.000000
vt 0.063442 0.042714 0.000000
vt -0.063453 0.056952 0.000000
vt -0.063453 0.014238 0.000000
vt 0.063442 0.014238 0.000000
vt -0.063453 0.028476 0.000000
vt -0.063453 -0.014238 0.000000
vt 0.063442 -0.014238 0.000000
vt -0.063453 0.000000 0.000000
vt -0.063453 -0.042714 0.000000
vt 0.063442 -0.042714 0.000000
vt -0.063453 -0.028476 0.000000
vt -0.063453 -0.071190 0.000000
vt 0.063442 -0.071190 0.000000
vt -0.063453 -0.056952 0.000000
vt -0.063453 -0.099666 0.000000
vt 0.063442 -0.099666 0.000000
vt -0.063453 -0.085428 0.000000
vt -0.063453 -0.128142 0.000000
vt 0.063442 -0.128142 0.000000
vt -0.063453 -0.113904 0.000000
vt -0.063453 -0.156618 0.000000
vt 0.063442 -0.156618 0.000000
vt -0.063453 -0.142380 0.000000
vt -0.063453 -0.170856 0.000000
vt 0.063442 -0.170856 0.000000
vt 0.063442 -0.056952 0.000000
vt 0.063442 0.056952 0.000000
vt 0.063442 -0.142380 0.000000
vt 0.063442 -0.113904 0.000000
vt 0.063442 -0.085428 0.000000
vt 0.063442 -0.028476 0.000000
vt 0.063442 0.000000 0.000000
vt 0.063442 0.028476 0.000000
vt 0.063442 0.085428 0.000000
vt 0.063442 0.113904 0.000000
vt 0.063442 0.142380 0.000000
vt -1.500000 0.313235 0.000000
vt -0.900000 0.313235 0.000000
vt -1.500000 0.341711 0.000000
vt -0.900000 0.341711 0.000000
vt -1.500000 -0.341711 0.000000
vt -0.900000 -0.341711 0.000000
vt -1.500000 -0.313235 0.000000
vt -0.900000 -0.313235 0.000000
vt -1.500000 -0.284759 0.000000
vt -0.900000 -0.284759 0.000000
vt -1.500000 -0.256283 0.000000
vt -0.900000 -0.256283 0.000000
vt -1.500000 -0.227807 0.000000
vt -0.900000 -0.227807 0.000000
vt -1.500000 -0.199331 0.000000
vt -0.900000 -0.199331 0.000000
vt -1.500000 -0.170856 0.000000
vt -0.900000 -0.170856 0.000000
vt -1.500000 -0.142380 0.000000
vt -0.900000 -0.142380 0.000000
vt -1.500000 -0.113904 0.000000
vt -0.900000 -0.113904 0.000000
vt -1.500000 -0.085428 0.000000
vt -0.900000 -0.085428 0.000000
vt -1.500000 -0.056952 0.000000
vt -0.900000 -0.056952 0.000000
vt -1.500000 -0.028476 0.000000
vt -0.900000 -0.028476 0.000000
vt -1.500000 0.000000 0.000000
vt -0.900000 0.000000 0.000000
vt -1.500000 0.028476 0.000000
vt -0.900000 0.028476 0.000000
vt -1.500000 0.056952 0.000000
vt -0.900000 0.056952 0.000000
vt -1.500000 0.085428 0.000000
vt -0.900000 0.085428 0.000000
vt -1.500000 0.113904 0.000000
vt -0.900000 0.113904 0.000000
vt -1.500000 0.142380 0.000000
vt -0.900000 0.142380 0.000000
vt -1.500000 0.170856 0.000000
vt -0.900000 0.170856 0.000000
vt -1.500000 0.199331 0.000000
vt -0.900000 0.199331 0.000000
vt -1.500000 0.227807 0.000000
vt -0.900000 0.227807 0.000000
vt -1.500000 0.256283 0.000000
vt -0.900000 0.256283 0.000000
vt -1.500000 0.284759 0.000000
vt -0.900000 0.284759 0.000000
vt 1.500000 -0.313235 0.000000
vt 0.900000 -0.313235 0.000000
vt 1.500000 -0.341711 0.000000
vt 0.900000 -0.341711 0.000000
vt 1.500000 0.341711 0.000000
vt 0.900000 0.341711 0.000000
vt 1.500000 0.313235 0.000000
vt 0.900000 0.313235 0.000000
vt 1.500000 0.284759 0.000000
vt 0.900000 0.284759 0.000000
vt 1.500000 0.256283 0.000000
vt 0.900000 0.256283 0.000000
vt 1.500000 0.227807 0.000000
vt 0.900000 0.227807 0.000000
vt 1.500000 0.199331 0.000000
vt 0.900000 0.199331 0.000000
vt 1.500000 0.170856 0.000000
vt 0.900000 0.170856 0.000000
vt 1.500000 0.142380 0.000000
vt 0.900000 0.142380 0.000000
vt 1.500000 0.113904 0.000000
vt 0.900000 0.113904 0.000000
vt 1.500000 0.085428 0.000000
vt 0.900000 0.085428 0.000000
vt 1.500000 0.056952 0.000000
vt 0.900000 0.056952 0.000000
vt 1.500000 0.028476 0.000000
vt 0.900000 0.028476 0.000000
vt 1.500000 0.000000 0.000000
vt 0.900000 0.000000 0.000000
vt 1.500000 -0.028476 0.000000
vt 0.900000 -0.028476 0.000000
vt 1.500000 -0.056952 0.000000
vt 0.900000 -0.056952 0.000000
vt 1.500000 -0.085428 0.000000
vt 0.900000 -0.085428 0.000000
vt 1.500000 -0.113904 0.000000
vt 0.900000 -0.113904 0.000000
vt 1.500000 -0.142380 0.000000
vt 0.900000 -0.142380 0.000000
vt 1.500000 -0.170856 0.000000
vt 0.900000 -0.170856 0.000000
vt 1.500000 -0.199331 0.000000
vt 0.900000 -0.199331 0.000000
vt 1.500000 -0.227807 0.000000
vt 0.900000 -0.227807 0.000000
vt 1.500000 -0.256283 0.000000
vt 0.900000 -0.256283 0.000000
vt 1.500000 -0.284759 0.000000
vt 0.900000 -0.284759 0.000000
vt -0.300000 -0.341711 0.000000
vt -0.300000 -0.313235 0.000000
vt -0.300000 -0.284759 0.000000
vt -0.300000 -0.256283 0.000000
vt -0.300000 -0.227807 0.000000
vt -0.300000 -0.199331 0.000000
vt -0.300000 -0.170856 0.000000
vt -0.300000 -0.142380 0.000000
vt -0.300000 -0.113904 0.000000
vt -0.300000 -0.085428 0.000000
vt -0.300000 -0.056952 0.000000
vt -0.300000 -0.028476 0.000000
vt -0.300000 0.000000 0.000000
vt -0.300000 0.028476 0.000000
vt -0.300000 0.056952 0.000000
vt -0.300000 0.085428 0.000000
vt -0.300000 0.113904 0.000000
vt -0.300000 0.142380 0.000000
vt -0.300000 0.170856 0.000000
vt -0.300000 0.199331 0.000000
vt -0.300000 0.227807 0.000000
vt -0.300000 0.256283 0.000000
vt -0.300000 0.284759 0.000000
vt -0.300000 0.313235 0.000000
vt -0.300000 0.341711 0.000000
vt 0.300000 -0.341711 0.000000
vt 0.300000 -0.313235 0.000000
vt 0.300000 -0.284759 0.000000
vt 0.300000 -0.256283 0.000000
vt 0.300000 -0.227807 0.000000
vt 0.300000 -0.199331 0.000000
vt 0.300000 -0.170856 0.000000
vt 0.300000 -0.142380 0.000000
vt 0.300000 -0.113904 0.000000
vt 0.300000 -0.085428 0.000000
vt 0.300000 -0.056952 0.000000
vt 0.300000 -0.028476 0.000000
vt 0.300000 0.000000 0.000000
vt 0.300000 0.028476 0.000000
vt 0.300000 0.056952 0.000000
vt 0.300000 0.085428 0.000000
vt 0.300000 0.113904 0.000000
vt 0.300000 0.142380 0.000000
vt 0.300000 0.170856 0.000000
vt 0.300000 0.199331 0.000000
vt 0.300000 0.227807 0.000000
vt 0.300000 0.256283 0.000000
vt 0.300000 0.284759 0.000000
vt 0.300000 0.313235 0.000000
vt 0.300000 0.341711 0.000000
vt -4.000000 -6.000000 0.000000
vt 4.000000 -6.000000 0.000000
vt -4.000000 0.000000 0.000000
vt 4.000000 0.000000 0.000000
vt -4.000000 6.000000 0.000000
vt 4.000000 6.000000 0.000000
vt -1.750000 -4.000000 0.000000
vt 2.250000 -4.000000 0.000000
vt -1.750000 4.000000 0.000000
vt 2.250000 4.000000 0.000000
vt 1.750000 6.000000 0.000000
vt -2.250000 6.000000 0.000000
vt 1.750000 0.000000 0.000000
vt -2.250000 0.000000 0.000000
vt 1.750000 -6.000000 0.000000
vt -2.250000 -6.000000 0.000000
vt 1.750000 4.000000 0.000000
vt -2.250000 4.000000 0.000000
vt 1.750000 -4.000000 0.000000
vt -2.250000 -4.000000 0.000000
vt -1.750000 -6.000000 0.000000
vt 2.250000 -6.000000 0.000000
vt -1.750000 0.000000 0.000000
vt 2.250000 0.000000 0.000000
vt -1.750000 6.000000 0.000000
vt 2.250000 6.000000 0.000000
vt -4.190043 6.105176 0.000000
vt -4.218195 6.101470 0.000000
vt -4.000000 6.000000 0.000000
vt -4.246347 6.105176 0.000000
vt -4.500000 0.000000 0.000000
vt -4.272580 6.116042 0.000000
vt -4.295107 6.133328 0.000000
vt -4.312392 6.155855 0.000000
vt -4.500000 6.500000 0.000000
vt -4.323259 6.182088 0.000000
vt -4.326965 6.210240 0.000000
vt -4.323259 6.238392 0.000000
vt -4.312392 6.264625 0.000000
vt -4.295107 6.287152 0.000000
vt -4.272580 6.304438 0.000000
vt -4.246347 6.315304 0.000000
vt -4.218195 6.319010 0.000000
vt -4.190043 6.315304 0.000000
vt -4.163810 6.304438 0.000000
vt 4.169329 6.307402 0.000000
vt 4.146802 6.290116 0.000000
vt -4.141283 6.287152 0.000000
vt 4.129517 6.267589 0.000000
vt -4.123997 6.264625 0.000000
vt 4.000000 6.000000 0.000000
vt -4.113131 6.238392 0.000000
vt -4.109425 6.210240 0.000000
vt -4.113131 6.182088 0.000000
vt -4.123997 6.155855 0.000000
vt -4.141283 6.133328 0.000000
vt -4.163810 6.116042 0.000000
vt 4.251866 6.108140 0.000000
vt 4.223714 6.104434 0.000000
vt 4.195563 6.108140 0.000000
vt 4.169329 6.119007 0.000000
vt 4.146802 6.136292 0.000000
vt 4.129517 6.158819 0.000000
vt 4.118651 6.185052 0.000000
vt 4.114944 6.213204 0.000000
vt 4.118651 6.241356 0.000000
vt 4.500000 6.500000 0.000000
vt 4.195563 6.318268 0.000000
vt 4.223714 6.321974 0.000000
vt 4.251866 6.318268 0.000000
vt 4.278099 6.307402 0.000000
vt 4.300626 6.290116 0.000000
vt 4.317912 6.267589 0.000000
vt 4.328778 6.241356 0.000000
vt 4.332484 6.213204 0.000000
vt 4.328778 6.185052 0.000000
vt 4.317912 6.158819 0.000000
vt 4.500000 0.000000 0.000000
vt 4.300626 6.136292 0.000000
vt 4.278099 6.119007 0.000000
vt 4.000000 0.000000 0.000000
vt 4.241571 -6.321480 0.000000
vt 4.213419 -6.325186 0.000000
vt 4.500000 -6.500000 0.000000
vt 4.185268 -6.321480 0.000000
vt 4.159034 -6.310614 0.000000
vt 4.136507 -6.293328 0.000000
vt -4.158655 -6.313403 0.000000
vt -4.181182 -6.330688 0.000000
vt -4.500000 -6.500000 0.000000
vt -4.207415 -6.341554 0.000000
vt -4.235567 -6.345261 0.000000
vt -4.141369 -6.290876 0.000000
vt 4.119222 -6.270801 0.000000
vt -4.000000 -6.000000 0.000000
vt 4.108356 -6.244568 0.000000
vt 4.000000 -6.000000 0.000000
vt 4.104649 -6.216416 0.000000
vt 4.108356 -6.188264 0.000000
vt 4.119222 -6.162031 0.000000
vt 4.136507 -6.139504 0.000000
vt 4.159034 -6.122219 0.000000
vt 4.185268 -6.111352 0.000000
vt 4.213419 -6.107646 0.000000
vt 4.241571 -6.111352 0.000000
vt 4.267804 -6.122219 0.000000
vt 4.290331 -6.139504 0.000000
vt 4.307617 -6.162031 0.000000
vt 4.318483 -6.188264 0.000000
vt 4.322189 -6.216416 0.000000
vt 4.318483 -6.244568 0.000000
vt 4.307617 -6.270801 0.000000
vt 4.290331 -6.293328 0.000000
vt 4.267804 -6.310614 0.000000
vt -4.263719 -6.341554 0.000000
vt -4.289952 -6.330688 0.000000
vt -4.312479 -6.313403 0.000000
vt -4.329765 -6.290876 0.000000
vt -4.340631 -6.264642 0.000000
vt -4.344337 -6.236491 0.000000
vt -4.340631 -6.208339 0.000000
vt -4.329765 -6.182106 0.000000
vt -4.312479 -6.159579 0.000000
vt -4.289952 -6.142293 0.000000
vt -4.263719 -6.131427 0.000000
vt -4.235567 -6.127721 0.000000
vt -4.207415 -6.131427 0.000000
vt -4.181182 -6.142293 0.000000
vt -4.158655 -6.159579 0.000000
vt -4.141369 -6.182106 0.000000
vt -4.130503 -6.208339 0.000000
vt -4.126797 -6.236491 0.000000
vt -4.130503 -6.264642 0.000000
vt -4.000000 0.000000 0.000000
vt 1.750000 4.500000 0.000000
vt -2.250000 4.500000 0.000000
vt 1.750000 -4.500000 0.000000
vt -2.250000 -4.500000 0.000000
vt -2.250000 -6.500000 0.000000
vt 1.750000 -6.500000 0.000000
vt -2.250000 0.000000 0.000000
vt 1.750000 0.000000 0.000000
vt -2.250000 6.500000 0.000000
vt 1.750000 6.500000 0.000000
vn -0.000000 0.000000 -1.000000
vn -0.000000 0.000000 -1.000000
vn -0.000000 0.195090 -0.980785
vn -0.000000 0.258819 -0.965926
vn -0.000000 0.382683 -0.923880
vn -0.000000 0.500000 -0.866025
vn -0.000000 0.555570 -0.831470
vn -0.000000 0.707107 -0.707107
vn -0.000000 0.707107 -0.707107
vn -0.000000 0.831470 -0.555570
vn -0.000000 0.866025 -0.500000
vn -0.000000 0.923880 -0.382683
vn -0.000000 0.965926 -0.258819
vn -0.000000 0.980785 -0.195090
vn -0.000000 0.995185 -0.098017
vn -0.000000 1.000000 -0.000000
vn -0.000000 1.000000 -0.000000
vn -0.000000 0.965926 -0.258819
vn -0.000000 0.965926 -0.258819
vn -0.000000 0.866025 -0.500000
vn -0.000000 0.866025 -0.500000
vn -0.000000 0.707107 -0.707107
vn -0.000000 0.831470 -0.555570
vn -0.000000 0.707107 -0.707107
vn -0.000000 0.555570 -0.831470
vn -0.000000 0.500000 -0.866025
vn -0.000000 0.382683 -0.923880
vn -0.000000 0.258819 -0.965926
vn -0.000000 0.195090 -0.980785
vn -0.000000 0.000000 -1.000000
vn -0.000000 0.258819 -0.965926
vn -0.000000 0.258819 -0.965926
vn -0.000000 0.500000 -0.866025
vn -0.000000 0.923880 -0.382683
vn -0.000000 0.965926 -0.258819
vn -0.000000 0.980785 -0.195090
vn -0.000000 0.995185 -0.098017
vn -0.000000 1.000000 -0.000000
vn -0.000000 0.500000 -0.866025
vn -0.000000 0.707107 -0.707107
vn -0.000000 0.707107 -0.707107
vn -0.000000 0.866025 -0.500000
vn -0.000000 0.000000 -1.000000
vn -0.195090 0.000000 -0.980785
vn -0.258819 0.000000 -0.965926
vn -0.382683 0.000000 -0.923880
vn -0.500000 0.000000 -0.866025
vn -0.555570 0.000000 -0.831470
vn -0.707107 0.000000 -0.707107
vn -0.707107 0.000000 -0.707107
vn -0.831470 0.000000 -0.555570
vn -0.866025 0.000000 -0.500000
vn -0.923880 0.000000 -0.382683
vn -0.965926 0.000000 -0.258819
vn -0.980785 0.000000 -0.195090
vn -0.995185 0.000000 -0.098017
vn -1.000000 -0.000000 -0.000000
vn -0.965926 0.000000 -0.258819
vn -0.995185 0.000000 -0.098017
vn -0.965926 0.000000 -0.258819
vn -0.980785 0.000000 -0.195090
vn -0.923880 0.000000 -0.382683
vn -0.866025 0.000000 -0.500000
vn -0.831470 0.000000 -0.555570
vn -0.707107 0.000000 -0.707107
vn -0.707107 0.000000 -0.707107
vn -0.555570 0.000000 -0.831470
vn -0.500000 0.000000 -0.866025
vn -0.382683 0.000000 -0.923880
vn -0.258819 0.000000 -0.965926
vn -0.195090 0.000000 -0.980785
vn -0.258819 0.000000 -0.965926
vn -1.000000 -0.000000 -0.000000
vn -0.500000 0.000000 -0.866025
vn -0.707107 0.000000 -0.707107
vn -0.866025 0.000000 -0.500000
vn -0.000000 -0.000000 -1.000000
vn -0.000000 -0.195090 -0.980785
vn -0.000000 -0.258819 -0.965926
vn -0.000000 -0.382683 -0.923880
vn -0.000000 -0.500000 -0.866025
vn -0.000000 -0.555570 -0.831470
vn -0.000000 -0.707107 -0.707107
vn -0.000000 -0.707107 -0.707107
vn -0.000000 -0.831470 -0.555570
vn -0.000000 -0.866025 -0.500000
vn -0.000000 -0.923880 -0.382683
vn -0.000000 -0.965926 -0.258819
vn -0.000000 -0.980785 -0.195090
vn -0.000000 -0.995185 -0.098017
vn -0.000000 -1.000000 0.000000
vn -0.000000 -1.000000 0.000000
vn -0.000000 -0.965926 -0.258819
vn -0.000000 -0.965926 -0.258819
vn -0.000000 -0.866025 -0.500000
vn -0.000000 -0.866025 -0.500000
vn -0.000000 -0.707107 -0.707107
vn -0.000000 -0.831470 -0.555570
vn -0.000000 -0.707107 -0.707107
vn -0.000000 -0.555570 -0.831470
vn -0.000000 -0.500000 -0.866025
vn -0.000000 -0.382683 -0.923880
vn -0.000000 -0.258819 -0.965926
vn -0.000000 -0.195090 -0.980785
vn -0.000000 -0.000000 -1.000000
vn -0.000000 -0.258819 -0.965926
vn -0.000000 -0.258819 -0.965926
vn -0.000000 -0.500000 -0.866025
vn -0.000000 -0.923880 -0.382683
vn -0.000000 -0.965926 -0.258819
vn -0.000000 -0.980785 -0.195090
vn -0.000000 -0.995185 -0.098017
vn -0.000000 -1.000000 0.000000
vn -0.000000 -0.500000 -0.866025
vn -0.000000 -0.707107 -0.707107
vn -0.000000 -0.707107 -0.707107
vn -0.000000 -0.866025 -0.500000
vn 1.000000 -0.000000 -0.000000
vn 1.000000 -0.000000 -0.000000
vn 0.995185 -0.000000 -0.098017
vn 0.965926 -0.000000 -0.258819
vn 0.965926 -0.000000 -0.258819
vn 0.866025 -0.000000 -0.500000
vn 0.923880 -0.000000 -0.382683
vn 0.831470 -0.000000 -0.555570
vn 0.707107 -0.000000 -0.707107
vn 0.707107 -0.000000 -0.707107
vn 0.555570 -0.000000 -0.831470
vn 0.500000 -0.000000 -0.866025
vn 0.382683 -0.000000 -0.923880
vn 0.258819 -0.000000 -0.965926
vn 0.195090 -0.000000 -0.980785
vn 0.258819 -0.000000 -0.965926
vn 0.258819 -0.000000 -0.965926
vn 0.500000 -0.000000 -0.866025
vn 0.382683 -0.000000 -0.923880
vn 0.555570 -0.000000 -0.831470
vn 0.707107 -0.000000 -0.707107
vn 0.707107 -0.000000 -0.707107
vn 0.831470 -0.000000 -0.555570
vn 0.866025 -0.000000 -0.500000
vn 0.923880 -0.000000 -0.382683
vn 0.965926 -0.000000 -0.258819
vn 0.980785 -0.000000 -0.195090
vn 0.995185 -0.000000 -0.098017
vn 0.195090 -0.000000 -0.980785
vn 0.980785 -0.000000 -0.195090
vn 0.866025 -0.000000 -0.500000
vn 0.707107 -0.000000 -0.707107
vn 0.500000 -0.000000 -0.866025
vn 1.000000 -0.000000 -0.000000
vn 1.000000 -0.000000 -0.000000
vn -0.000000 1.000000 -0.000000
vn -0.000000 1.000000 -0.000000
vn -0.000000 1.000000 -0.000000
vn 0.497489 0.133302 0.857167
vn 0.497489 0.133302 0.857167
vn 0.515038 0.000000 0.857167
vn 0.364187 0.364187 0.857167
vn 0.364187 0.364187 0.857167
vn 0.446036 0.257519 0.857167
vn 0.133302 0.497489 0.857167
vn 0.133302 0.497489 0.857167
vn 0.257519 0.446036 0.857167
vn -0.133302 0.497489 0.857167
vn -0.133302 0.497489 0.857167
vn -0.000000 0.515038 0.857167
vn -0.364187 0.364187 0.857167
vn -0.364187 0.364187 0.857167
vn -0.257519 0.446036 0.857167
vn -0.497489 0.133302 0.857167
vn -0.497489 0.133302 0.857167
vn -0.446036 0.257519 0.857167
vn -0.497489 -0.133302 0.857167
vn -0.497489 -0.133302 0.857167
vn -0.515038 0.000000 0.857167
vn -0.364187 -0.364187 0.857167
vn -0.364187 -0.364187 0.857167
vn -0.446036 -0.257519 0.857167
vn -0.133302 -0.497489 0.857167
vn -0.133302 -0.497489 0.857167
vn -0.257519 -0.446036 0.857167
vn 0.133302 -0.497489 0.857167
vn 0.133302 -0.497489 0.857167
vn -0.000000 -0.515038 0.857167
vn 0.364187 -0.364187 0.857167
vn 0.364187 -0.364187 0.857167
vn 0.257519 -0.446036 0.857167
vn 0.497489 -0.133302 0.857167
vn 0.497489 -0.133302 0.857167
vn 0.446036 -0.257519 0.857167
vn 0.515038 -0.000000 0.857167
vn -0.257519 -0.446036 0.857167
vn -0.257519 0.446036 0.857167
vn 0.446036 -0.257519 0.857167
vn 0.257519 -0.446036 0.857167
vn -0.000000 -0.515038 0.857167
vn -0.446036 -0.257519 0.857167
vn -0.515038 -0.000000 0.857167
vn -0.446036 0.257519 0.857167
vn -0.000000 0.515038 0.857167
vn 0.257519 0.446036 0.857167
vn 0.446036 0.257519 0.857167
vn 0.965926 0.258819 0.000000
vn 0.965926 0.258819 0.000000
vn 1.000000 0.000000 0.000000
vn 1.000000 0.000000 0.000000
vn 0.965926 -0.258819 0.000000
vn 0.965926 -0.258819 0.000000
vn 0.866025 -0.500000 0.000000
vn 0.866025 -0.500000 0.000000
vn 0.707107 -0.707107 0.000000
vn 0.707107 -0.707107 0.000000
vn 0.500000 -0.866025 0.000000
vn 0.500000 -0.866025 0.000000
vn 0.258819 -0.965926 0.000000
vn 0.258819 -0.965926 0.000000
vn -0.000000 -1.000000 -0.000000
vn -0.000000 -1.000000 -0.000000
vn -0.258819 -0.965926 -0.000000
vn -0.258819 -0.965926 -0.000000
vn -0.500000 -0.866025 -0.000000
vn -0.500000 -0.866025 -0.000000
vn -0.707107 -0.707107 -0.000000
vn -0.707107 -0.707107 -0.000000
vn -0.866025 -0.500000 -0.000000
vn -0.866025 -0.500000 -0.000000
vn -0.965926 -0.258819 -0.000000
vn -0.965926 -0.258819 -0.000000
vn -1.000000 -0.000000 -0.000000
vn -1.000000 -0.000000 -0.000000
vn -0.965926 0.258819 0.000000
vn -0.965926 0.258819 0.000000
vn -0.866025 0.500000 0.000000
vn -0.866025 0.500000 0.000000
vn -0.707107 0.707107 0.000000
vn -0.707107 0.707107 0.000000
vn -0.500000 0.866025 0.000000
vn -0.500000 0.866025 0.000000
vn -0.258819 0.965926 0.000000
vn -0.258819 0.965926 0.000000
vn -0.000000 1.000000 0.000000
vn -0.000000 1.000000 0.000000
vn 0.258819 0.965926 0.000000
vn 0.258819 0.965926 0.000000
vn 0.500000 0.866025 0.000000
vn 0.500000 0.866025 0.000000
vn 0.707107 0.707107 0.000000
vn 0.707107 0.707107 0.000000
vn 0.866025 0.500000 0.000000
vn 0.866025 0.500000 0.000000
vn 0.965926 -0.258819 0.000000
vn 0.965926 -0.258819 0.000000
vn 1.000000 -0.000000 0.000000
vn 1.000000 -0.000000 0.000000
vn 0.965926 0.258819 0.000000
vn 0.965926 0.258819 0.000000
vn 0.866025 0.500000 0.000000
vn 0.866025 0.500000 0.000000
vn 0.707107 0.707107 0.000000
vn 0.707107 0.707107 0.000000
vn 0.500000 0.866025 0.000000
vn 0.500000 0.866025 0.000000
vn 0.258819 0.965926 0.000000
vn 0.258819 0.965926 0.000000
vn -0.000000 1.000000 0.000000
vn -0.000000 1.000000 0.000000
vn -0.258819 0.965926 0.000000
vn -0.258819 0.965926 0.000000
vn -0.500000 0.866025 0.000000
vn -0.500000 0.866025 0.000000
vn -0.707107 0.707107 0.000000
vn -0.707107 0.707107 0.000000
vn -0.866025 0.500000 0.000000
vn -0.866025 0.500000 0.000000
vn -0.965926 0.258819 0.000000
vn -0.965926 0.258819 0.000000
vn -1.000000 -0.000000 -0.000000
vn -1.000000 -0.000000 -0.000000
vn -0.965926 -0.258819 -0.000000
vn -0.965926 -0.258819 -0.000000
vn -0.866025 -0.500000 -0.000000
vn -0.866025 -0.500000 -0.000000
vn -0.707107 -0.707107 -0.000000
vn -0.707107 -0.707107 -0.000000
vn -0.500000 -0.866025 -0.000000
vn -0.500000 -0.866025 -0.000000
vn -0.258819 -0.965926 -0.000000
vn -0.258819 -0.965926 -0.000000
vn -0.000000 -1.000000 -0.000000
vn -0.000000 -1.000000 -0.000000
vn 0.258819 -0.965926 0.000000
vn 0.258819 -0.965926 0.000000
vn 0.500000 -0.866025 0.000000
vn 0.500000 -0.866025 0.000000
vn 0.707107 -0.707107 0.000000
vn 0.707107 -0.707107 0.000000
vn 0.866025 -0.500000 0.000000
vn 0.866025 -0.500000 0.000000
vn 1.000000 -0.000000 0.000000
vn 0.965926 -0.258819 0.000000
vn 0.866025 -0.500000 0.000000
vn 0.707107 -0.707107 0.000000
vn 0.500000 -0.866025 0.000000
vn 0.258819 -0.965926 0.000000
vn -0.000000 -1.000000 -0.000000
vn -0.258819 -0.965926 -0.000000
vn -0.500000 -0.866025 -0.000000
vn -0.707107 -0.707107 -0.000000
vn -0.866025 -0.500000 -0.000000
vn -0.965926 -0.258819 -0.000000
vn -1.000000 -0.000000 -0.000000
vn -0.965926 0.258819 0.000000
vn -0.866025 0.500000 0.000000
vn -0.707107 0.707107 0.000000
vn -0.500000 0.866025 0.000000
vn -0.258819 0.965926 0.000000
vn -0.000000 1.000000 0.000000
vn 0.258819 0.965926 0.000000
vn 0.500000 0.866025 0.000000
vn 0.707107 0.707107 0.000000
vn 0.866025 0.500000 0.000000
vn 0.965926 0.258819 0.000000
vn 1.000000 -0.000000 0.000000
vn 0.965926 -0.258819 0.000000
vn 0.866025 -0.500000 0.000000
vn 0.707107 -0.707107 0.000000
vn 0.500000 -0.866025 0.000000
vn 0.258819 -0.965926 0.000000
vn -0.000000 -1.000000 -0.000000
vn -0.258819 -0.965926 -0.000000
vn -0.500000 -0.866025 -0.000000
vn -0.707107 -0.707107 -0.000000
vn -0.866025 -0.500000 -0.000000
vn -0.965926 -0.258819 -0.000000
vn -1.000000 -0.000000 -0.000000
vn -0.965926 0.258819 0.000000
vn -0.866025 0.500000 0.000000
vn -0.707107 0.707107 0.000000
vn -0.500000 0.866025 0.000000
vn -0.258819 0.965926 0.000000
vn -0.000000 1.000000 0.000000
vn 0.258819 0.965926 0.000000
vn 0.500000 0.866025 0.000000
vn 0.707107 0.707107 0.000000
vn 0.866025 0.500000 0.000000
vn 0.965926 0.258819 0.000000
vn 0.497489 0.133302 0.857167
vn 0.497489 0.133302 0.857167
vn 0.515038 0.000000 0.857167
vn 0.364187 0.364187 0.857167
vn 0.364187 0.364187 0.857167
vn 0.446036 0.257519 0.857167
vn 0.133302 0.497489 0.857167
vn 0.133302 0.497489 0.857167
vn 0.257519 0.446036 0.857167
vn -0.133302 0.497489 0.857167
vn -0.133302 0.497489 0.857167
vn -0.000000 0.515038 0.857167
vn -0.364187 0.364187 0.857167
vn -0.364187 0.364187 0.857167
vn -0.257519 0.446036 0.857167
vn -0.497489 0.133302 0.857167
vn -0.497489 0.133302 0.857167
vn -0.446036 0.257519 0.857167
vn -0.497489 -0.133302 0.857167
vn -0.497489 -0.133302 0.857167
vn -0.515038 0.000000 0.857167
vn -0.364187 -0.364187 0.857167
vn -0.364187 -0.364187 0.857167
vn -0.446036 -0.257519 0.857167
vn -0.133302 -0.497489 0.857167
vn -0.133302 -0.497489 0.857167
vn -0.257519 -0.446036 0.857167
vn 0.133302 -0.497489 0.857167
vn 0.133302 -0.497489 0.857167
vn -0.000000 -0.515038 0.857167
vn 0.364187 -0.364187 0.857167
vn 0.364187 -0.364187 0.857167
vn 0.257519 -0.446036 0.857167
vn 0.497489 -0.133302 0.857167
vn 0.497489 -0.133302 0.857167
vn 0.446036 -0.257519 0.857167
vn 0.515038 -0.000000 0.857167
vn -0.257519 -0.446036 0.857167
vn -0.257519 0.446036 0.857167
vn 0.446036 -0.257519 0.857167
vn 0.257519 -0.446036 0.857167
vn -0.000000 -0.515038 0.857167
vn -0.446036 -0.257519 0.857167
vn -0.515038 -0.000000 0.857167
vn -0.446036 0.257519 0.857167
vn -0.000000 0.515038 0.857167
vn 0.257519 0.446036 0.857167
vn 0.446036 0.257519 0.857167
vn 0.965926 0.258819 0.000000
vn 0.965926 0.258819 0.000000
vn 1.000000 0.000000 0.000000
vn 1.000000 0.000000 0.000000
vn 0.965926 -0.258819 0.000000
vn 0.965926 -0.258819 0.000000
vn 0.866025 -0.500000 0.000000
vn 0.866025 -0.500000 0.000000
vn 0.707107 -0.707107 0.000000
vn 0.707107 -0.707107 0.000000
vn 0.500000 -0.866025 0.000000
vn 0.500000 -0.866025 0.000000
vn 0.258819 -0.965926 0.000000
vn 0.258819 -0.965926 0.000000
vn -0.000000 -1.000000 -0.000000
vn -0.000000 -1.000000 -0.000000
vn -0.258819 -0.965926 -0.000000
vn -0.258819 -0.965926 -0.000000
vn -0.500000 -0.866025 -0.000000
vn -0.500000 -0.866025 -0.000000
vn -0.707107 -0.707107 -0.000000
vn -0.707107 -0.707107 -0.000000
vn -0.866025 -0.500000 -0.000000
vn -0.866025 -0.500000 -0.000000
vn -0.965926 -0.258819 -0.000000
vn -0.965926 -0.258819 -0.000000
vn -1.000000 -0.000000 -0.000000
vn -1.000000 -0.000000 -0.000000
vn -0.965926 0.258819 0.000000
vn -0.965926 0.258819 0.000000
vn -0.866025 0.500000 0.000000
vn -0.866025 0.500000 0.000000
vn -0.707107 0.707107 0.000000
vn -0.707107 0.707107 0.000000
vn -0.500000 0.866025 0.000000
vn -0.500000 0.866025 0.000000
vn -0.258819 0.965926 0.000000
vn -0.258819 0.965926 0.000000
vn -0.000000 1.000000 0.000000
vn -0.000000 1.000000 0.000000
vn 0.258819 0.965926 0.000000
vn 0.258819 0.965926 0.000000
vn 0.500000 0.866025 0.000000
vn 0.500000 0.866025 0.000000
vn 0.707107 0.707107 0.000000
vn 0.707107 0.707107 0.000000
vn 0.866025 0.500000 0.000000
vn 0.866025 0.500000 0.000000
vn 0.965926 -0.258819 0.000000
vn 0.965926 -0.258819 0.000000
vn 1.000000 -0.000000 0.000000
vn 1.000000 -0.000000 0.000000
vn 0.965926 0.258819 0.000000
vn 0.965926 0.258819 0.000000
vn 0.866025 0.500000 0.000000
vn 0.866025 0.500000 0.000000
vn 0.707107 0.707107 0.000000
vn 0.707107 0.707107 0.000000
vn 0.500000 0.866025 0.000000
vn 0.500000 0.866025 0.000000
vn 0.258819 0.965926 0.000000
vn 0.258819 0.965926 0.000000
vn -0.000000 1.000000 0.000000
vn -0.000000 1.000000 0.000000
vn -0.258819 0.965926 0.000000
vn -0.258819 0.965926 0.000000
vn -0.500000 0.866025 0.000000
vn -0.500000 0.866025 0.000000
vn -0.707107 0.707107 0.000000
vn -0.707107 0.707107 0.000000
vn -0.866025 0.500000 0.000000
vn -0.866025 0.500000 0.000000
vn -0.965926 0.258819 0.000000
vn -0.965926 0.258819 0.000000
vn -1.000000 -0.000000 -0.000000
vn -1.000000 -0.000000 -0.000000
vn -0.965926 -0.258819 -0.000000
vn -0.965926 -0.258819 -0.000000
vn -0.866025 -0.500000 -0.000000
vn -0.866025 -0.500000 -0.000000
vn -0.707107 -0.707107 -0.000000
vn -0.707107 -0.707107 -0.000000
vn -0.500000 -0.866025 -0.000000
vn -0.500000 -0.866025 -0.000000
vn -0.258819 -0.965926 -0.000000
vn -0.258819 -0.965926 -0.000000
vn -0.000000 -1.000000 -0.000000
vn -0.000000 -1.000000 -0.000000
vn 0.258819 -0.965926 0.000000
vn 0.258819 -0.965926 0.000000
vn 0.500000 -0.866025 0.000000
vn 0.500000 -0.866025 0.000000
vn 0.707107 -0.707107 0.000000
vn 0.707107 -0.707107 0.000000
vn 0.866025 -0.500000 0.000000
vn 0.866025 -0.500000 0.000000
vn 1.000000 -0.000000 0.000000
vn 0.965926 -0.258819 0.000000
vn 0.866025 -0.500000 0.000000
vn 0.707107 -0.707107 0.000000
vn 0.500000 -0.866025 0.000000
vn 0.258819 -0.965926 0.000000
vn -0.000000 -1.000000 -0.000000
vn -0.258819 -0.965926 -0.000000
vn -0.500000 -0.866025 -0.000000
vn -0.707107 -0.707107 -0.000000
vn -0.866025 -0.500000 -0.000000
vn -0.965926 -0.258819 -0.000000
vn -1.000000 -0.000000 -0.000000
vn -0.965926 0.258819 0.000000
vn -0.866025 0.500000 0.000000
vn -0.707107 0.707107 0.000000
vn -0.500000 0.866025 0.000000
vn -0.258819 0.965926 0.000000
vn -0.000000 1.000000 0.000000
vn 0.258819 0.965926 0.000000
vn 0.500000 0.866025 0.000000
vn 0.707107 0.707107 0.000000
vn 0.866025 0.500000 0.000000
vn 0.965926 0.258819 0.000000
vn 1.000000 -0.000000 0.000000
vn 0.965926 -0.258819 0.000000
vn 0.866025 -0.500000 0.000000
vn 0.707107 -0.707107 0.000000
vn 0.500000 -0.866025 0.000000
vn 0.258819 -0.965926 0.000000
vn -0.000000 -1.000000 -0.000000
vn -0.258819 -0.965926 -0.000000
vn -0.500000 -0.866025 -0.000000
vn -0.707107 -0.707107 -0.000000
vn -0.866025 -0.500000 -0.000000
vn -0.965926 -0.258819 -0.000000
vn -1.000000 -0.000000 -0.000000
vn -0.965926 0.258819 0.000000
vn -0.866025 0.500000 0.000000
vn -0.707107 0.707107 0.000000
vn -0.500000 0.866025 0.000000
vn -0.258819 0.965926 0.000000
vn -0.000000 1.000000 0.000000
vn 0.258819 0.965926 0.000000
vn 0.500000 0.866025 0.000000
vn 0.707107 0.707107 0.000000
vn 0.866025 0.500000 0.000000
vn 0.965926 0.258819 0.000000
vn 0.497489 0.133302 0.857167
vn 0.497489 0.133302 0.857167
vn 0.515038 0.000000 0.857167
vn 0.364187 0.364187 0.857167
vn 0.364187 0.364187 0.857167
vn 0.446036 0.257519 0.857167
vn 0.133302 0.497489 0.857167
vn 0.133302 0.497489 0.857167
vn 0.257519 0.446036 0.857167
vn -0.133302 0.497489 0.857167
vn -0.133302 0.497489 0.857167
vn -0.000000 0.515038 0.857167
vn -0.364187 0.364187 0.857167
vn -0.364187 0.364187 0.857167
vn -0.257519 0.446036 0.857167
vn -0.497489 0.133302 0.857167
vn -0.497489 0.133302 0.857167
vn -0.446036 0.257519 0.857167
vn -0.497489 -0.133302 0.857167
vn -0.497489 -0.133302 0.857167
vn -0.515038 0.000000 0.857167
vn -0.364187 -0.364187 0.857167
vn -0.364187 -0.364187 0.857167
vn -0.446036 -0.257519 0.857167
vn -0.133302 -0.497489 0.857167
vn -0.133302 -0.497489 0.857167
vn -0.257519 -0.446036 0.857167
vn 0.133302 -0.497489 0.857167
vn 0.133302 -0.497489 0.857167
vn -0.000000 -0.515038 0.857167
vn 0.364187 -0.364187 0.857167
vn 0.364187 -0.364187 0.857167
vn 0.257519 -0.446036 0.857167
vn 0.497489 -0.133302 0.857167
vn 0.497489 -0.133302 0.857167
vn 0.446036 -0.257519 0.857167
vn 0.515038 -0.000000 0.857167
vn -0.257519 -0.446036 0.857167
vn -0.257519 0.446036 0.857167
vn 0.446036 -0.257519 0.857167
vn 0.257519 -0.446036 0.857167
vn -0.000000 -0.515038 0.857167
vn -0.446036 -0.257519 0.857167
vn -0.515038 -0.000000 0.857167
vn -0.446036 0.257519 0.857167
vn -0.000000 0.515038 0.857167
vn 0.257519 0.446036 0.857167
vn 0.446036 0.257519 0.857167
vn 0.965926 0.258819 0.000000
vn 0.965926 0.258819 0.000000
vn 1.000000 0.000000 0.000000
vn 1.000000 0.000000 0.000000
vn 0.965926 -0.258819 0.000000
vn 0.965926 -0.258819 0.000000
vn 0.866025 -0.500000 0.000000
vn 0.866025 -0.500000 0.000000
vn 0.707107 -0.707107 0.000000
vn 0.707107 -0.707107 0.000000
vn 0.500000 -0.866025 0.000000
vn 0.500000 -0.866025 0.000000
vn 0.258819 -0.965926 0.000000
vn 0.258819 -0.965926 0.000000
vn -0.000000 -1.000000 -0.000000
vn -0.000000 -1.000000 -0.000000
vn -0.258819 -0.965926 -0.000000
vn -0.258819 -0.965926 -0.000000
vn -0.500000 -0.866025 -0.000000
vn -0.500000 -0.866025 -0.000000
vn -0.707107 -0.707107 -0.000000
vn -0.707107 -0.707107 -0.000000
vn -0.866025 -0.500000 -0.000000
vn -0.866025 -0.500000 -0.000000
vn -0.965926 -0.258819 -0.000000
vn -0.965926 -0.258819 -0.000000
vn -1.000000 -0.000000 -0.000000
vn -1.000000 -0.000000 -0.000000
vn -0.965926 0.258819 0.000000
vn -0.965926 0.258819 0.000000
vn -0.866025 0.500000 0.000000
vn -0.866025 0.500000 0.000000
vn -0.707107 0.707107 0.000000
vn -0.707107 0.707107 0.000000
vn -0.500000 0.866025 0.000000
vn -0.500000 0.866025 0.000000
vn -0.258819 0.965926 0.000000
vn -0.258819 0.965926 0.000000
vn -0.000000 1.000000 0.000000
vn -0.000000 1.000000 0.000000
vn 0.258819 0.965926 0.000000
vn 0.258819 0.965926 0.000000
vn 0.500000 0.866025 0.000000
vn 0.500000 0.866025 0.000000
vn 0.707107 0.707107 0.000000
vn 0.707107 0.707107 0.000000
vn 0.866025 0.500000 0.000000
vn 0.866025 0.500000 0.000000
vn 0.965926 -0.258819 0.000000
vn 0.965926 -0.258819 0.000000
vn 1.000000 -0.000000 0.000000
vn 1.000000 -0.000000 0.000000
vn 0.965926 0.258819 0.000000
vn 0.965926 0.258819 0.000000
vn 0.866025 0.500000 0.000000
vn 0.866025 0.500000 0.000000
vn 0.707107 0.707107 0.000000
vn 0.707107 0.707107 0.000000
vn 0.500000 0.866025 0.000000
vn 0.500000 0.866025 0.000000
vn 0.258819 0.965926 0.000000
vn 0.258819 0.965926 0.000000
vn -0.000000 1.000000 0.000000
vn -0.000000 1.000000 0.000000
vn -0.258819 0.965926 0.000000
vn -0.258819 0.965926 0.000000
vn -0.500000 0.866025 0.000000
vn -0.500000 0.866025 0.000000
vn -0.707107 0.707107 0.000000
vn -0.707107 0.707107 0.000000
vn -0.866025 0.500000 0.000000
vn -0.866025 0.500000 0.000000
vn -0.965926 0.258819 0.000000
vn -0.965926 0.258819 0.000000
vn -1.000000 -0.000000 -0.000000
vn -1.000000 -0.000000 -0.000000
vn -0.965926 -0.258819 -0.000000
vn -0.965926 -0.258819 -0.000000
vn -0.866025 -0.500000 -0.000000
vn -0.866025 -0.500000 -0.000000
vn -0.707107 -0.707107 -0.000000
vn -0.707107 -0.707107 -0.000000
vn -0.500000 -0.866025 -0.000000
vn -0.500000 -0.866025 -0.000000
vn -0.258819 -0.965926 -0.000000
vn -0.258819 -0.965926 -0.000000
vn -0.000000 -1.000000 -0.000000
vn -0.000000 -1.000000 -0.000000
vn 0.258819 -0.965926 0.000000
vn 0.258819 -0.965926 0.000000
vn 0.500000 -0.866025 0.000000
vn 0.500000 -0.866025 0.000000
vn 0.707107 -0.707107 0.000000
vn 0.707107 -0.707107 0.000000
vn 0.866025 -0.500000 0.000000
vn 0.866025 -0.500000 0.000000
vn 1.000000 -0.000000 0.000000
vn 0.965926 -0.258819 0.000000
vn 0.866025 -0.500000 0.000000
vn 0.707107 -0.707107 0.000000
vn 0.500000 -0.866025 0.000000
vn 0.258819 -0.965926 0.000000
vn -0.000000 -1.000000 -0.000000
vn -0.258819 -0.965926 -0.000000
vn -0.500000 -0.866025 -0.000000
vn -0.707107 -0.707107 -0.000000
vn -0.866025 -0.500000 -0.000000
vn -0.965926 -0.258819 -0.000000
vn -1.000000 -0.000000 -0.000000
vn -0.965926 0.258819 0.000000
vn -0.866025 0.500000 0.000000
vn -0.707107 0.707107 0.000000
vn -0.500000 0.866025 0.000000
vn -0.258819 0.965926 0.000000
vn -0.000000 1.000000 0.000000
vn 0.258819 0.965926 0.000000
vn 0.500000 0.866025 0.000000
vn 0.707107 0.707107 0.000000
vn 0.866025 0.500000 0.000000
vn 0.965926 0.258819 0.000000
vn 1.000000 -0.000000 0.000000
vn 0.965926 -0.258819 0.000000
vn 0.866025 -0.500000 0.000000
vn 0.707107 -0.707107 0.000000
vn 0.500000 -0.866025 0.000000
vn 0.258819 -0.965926 0.000000
vn -0.000000 -1.000000 -0.000000
vn -0.258819 -0.965926 -0.000000
vn -0.500000 -0.866025 -0.000000
vn -0.707107 -0.707107 -0.000000
vn -0.866025 -0.500000 -0.000000
vn -0.965926 -0.258819 -0.000000
vn -1.000000 -0.000000 -0.000000
vn -0.965926 0.258819 0.000000
vn -0.866025 0.500000 0.000000
vn -0.707107 0.707107 0.000000
vn -0.500000 0.866025 0.000000
vn -0.258819 0.965926 0.000000
vn -0.000000 1.000000 0.000000
vn 0.258819 0.965926 0.000000
vn 0.500000 0.866025 0.000000
vn 0.707107 0.707107 0.000000
vn 0.866025 0.500000 0.000000
vn 0.965926 0.258819 0.000000
vn 0.497489 0.133302 0.857167
vn 0.497489 0.133302 0.857167
vn 0.515038 0.000000 0.857167
vn 0.364187 0.364187 0.857167
vn 0.364187 0.364187 0.857167
vn 0.446036 0.257519 0.857167
vn 0.133302 0.497489 0.857167
vn 0.133302 0.497489 0.857167
vn 0.257519 0.446036 0.857167
vn -0.133302 0.497489 0.857167
vn -0.133302 0.497489 0.857167
vn -0.000000 0.515038 0.857167
vn -0.364187 0.364187 0.857167
vn -0.364187 0.364187 0.857167
vn -0.257519 0.446036 0.857167
vn -0.497489 0.133302 0.857167
vn -0.497489 0.133302 0.857167
vn -0.446036 0.257519 0.857167
vn -0.497489 -0.133302 0.857167
vn -0.497489 -0.133302 0.857167
vn -0.515038 0.000000 0.857167
vn -0.364187 -0.364187 0.857167
vn -0.364187 -0.364187 0.857167
vn -0.446036 -0.257519 0.857167
vn -0.133302 -0.497489 0.857167
vn -0.133302 -0.497489 0.857167
vn -0.257519 -0.446036 0.857167
vn 0.133302 -0.497489 0.857167
vn 0.133302 -0.497489 0.857167
vn -0.000000 -0.515038 0.857167
vn 0.364187 -0.364187 0.857167
vn 0.364187 -0.364187 0.857167
vn 0.257519 -0.446036 0.857167
vn 0.497489 -0.133302 0.857167
vn 0.497489 -0.133302 0.857167
vn 0.446036 -0.257519 0.857167
vn 0.515038 -0.000000 0.857167
vn -0.257519 -0.446036 0.857167
vn -0.257519 0.446036 0.857167
vn 0.446036 -0.257519 0.857167
vn 0.257519 -0.446036 0.857167
vn -0.000000 -0.515038 0.857167
vn -0.446036 -0.257519 0.857167
vn -0.515038 -0.000000 0.857167
vn -0.446036 0.257519 0.857167
vn -0.000000 0.515038 0.857167
vn 0.257519 0.446036 0.857167
vn 0.446036 0.257519 0.857167
vn 0.965926 0.258819 0.000000
vn 0.965926 0.258819 0.000000
vn 1.000000 0.000000 0.000000
vn 1.000000 0.000000 0.000000
vn 0.965926 -0.258819 0.000000
vn 0.965926 -0.258819 0.000000
vn 0.866025 -0.500000 0.000000
vn 0.866025 -0.500000 0.000000
vn 0.707107 -0.707107 0.000000
vn 0.707107 -0.707107 0.000000
vn 0.500000 -0.866025 0.000000
vn 0.500000 -0.866025 0.000000
vn 0.258819 -0.965926 0.000000
vn 0.258819 -0.965926 0.000000
vn -0.000000 -1.000000 -0.000000
vn -0.000000 -1.000000 -0.000000
vn -0.258819 -0.965926 -0.000000
vn -0.258819 -0.965926 -0.000000
vn -0.500000 -0.866025 -0.000000
vn -0.500000 -0.866025 -0.000000
vn -0.707107 -0.707107 -0.000000
vn -0.707107 -0.707107 -0.000000
vn -0.866025 -0.500000 -0.000000
vn -0.866025 -0.500000 -0.000000
vn -0.965926 -0.258819 -0.000000
vn -0.965926 -0.258819 -0.000000
vn -1.000000 -0.000000 -0.000000
vn -1.000000 -0.000000 -0.000000
vn -0.965926 0.258819 0.000000
vn -0.965926 0.258819 0.000000
vn -0.866025 0.500000 0.000000
vn -0.866025 0.500000 0.000000
vn -0.707107 0.707107 0.000000
vn -0.707107 0.707107 0.000000
vn -0.500000 0.866025 0.000000
vn -0.500000 0.866025 0.000000
vn -0.258819 0.965926 0.000000
vn -0.258819 0.965926 0.000000
vn -0.000000 1.000000 0.000000
vn -0.000000 1.000000 0.000000
vn 0.258819 0.965926 0.000000
vn 0.258819 0.965926 0.000000
vn 0.500000 0.866025 0.000000
vn 0.500000 0.866025 0.000000
vn 0.707107 0.707107 0.000000
vn 0.707107 0.707107 0.000000
vn 0.866025 0.500000 0.000000
vn 0.866025 0.500000 0.000000
vn 0.965926 -0.258819 0.000000
vn 0.965926 -0.258819 0.000000
vn 1.000000 -0.000000 0.000000
vn 1.000000 -0.000000 0.000000
vn 0.965926 0.258819 0.000000
vn 0.965926 0.258819 0.000000
vn 0.866025 0.500000 0.000000
vn 0.866025 0.500000 0.000000
vn 0.707107 0.707107 0.000000
vn 0.707107 0.707107 0.000000
vn 0.500000 0.866025 0.000000
vn 0.500000 0.866025 0.000000
vn 0.258819 0.965926 0.000000
vn 0.258819 0.965926 0.000000
vn -0.000000 1.000000 0.000000
vn -0.000000 1.000000 0.000000
vn -0.258819 0.965926 0.000000
vn -0.258819 0.965926 0.000000
vn -0.500000 0.866025 0.000000
vn -0.500000 0.866025 0.000000
vn -0.707107 0.707107 0.000000
vn -0.707107 0.707107 0.000000
vn -0.866025 0.500000 0.000000
vn -0.866025 0.500000 0.000000
vn -0.965926 0.258819 0.000000
vn -0.965926 0.258819 0.000000
vn -1.000000 -0.000000 -0.000000
vn -1.000000 -0.000000 -0.000000
vn -0.965926 -0.258819 -0.000000
vn -0.965926 -0.258819 -0.000000
vn -0.866025 -0.500000 -0.000000
vn -0.866025 -0.500000 -0.000000
vn -0.707107 -0.707107 -0.000000
vn -0.707107 -0.707107 -0.000000
vn -0.500000 -0.866025 -0.000000
vn -0.500000 -0.866025 -0.000000
vn -0.258819 -0.965926 -0.000000
vn -0.258819 -0.965926 -0.000000
vn -0.000000 -1.000000 -0.000000
vn -0.000000 -1.000000 -0.000000
vn 0.258819 -0.965926 0.000000
vn 0.258819 -0.965926 0.000000
vn 0.500000 -0.866025 0.000000
vn 0.500000 -0.866025 0.000000
vn 0.707107 -0.707107 0.000000
vn 0.707107 -0.707107 0.000000
vn 0.866025 -0.500000 0.000000
vn 0.866025 -0.500000 0.000000
vn 1.000000 -0.000000 0.000000
vn 0.965926 -0.258819 0.000000
vn 0.866025 -0.500000 0.000000
vn 0.707107 -0.707107 0.000000
vn 0.500000 -0.866025 0.000000
vn 0.258819 -0.965926 0.000000
vn -0.000000 -1.000000 -0.000000
vn -0.258819 -0.965926 -0.000000
vn -0.500000 -0.866025 -0.000000
vn -0.707107 -0.707107 -0.000000
vn -0.866025 -0.500000 -0.000000
vn -0.965926 -0.258819 -0.000000
vn -1.000000 -0.000000 -0.000000
vn -0.965926 0.258819 0.000000
vn -0.866025 0.500000 0.000000
vn -0.707107 0.707107 0.000000
vn -0.500000 0.866025 0.000000
vn -0.258819 0.965926 0.000000
vn -0.000000 1.000000 0.000000
vn 0.258819 0.965926 0.000000
vn 0.500000 0.866025 0.000000
vn 0.707107 0.707107 0.000000
vn 0.866025 0.500000 0.000000
vn 0.965926 0.258819 0.000000
vn 1.000000 -0.000000 0.000000
vn 0.965926 -0.258819 0.000000
vn 0.866025 -0.500000 0.000000
vn 0.707107 -0.707107 0.000000
vn 0.500000 -0.866025 0.000000
vn 0.258819 -0.965926 0.000000
vn -0.000000 -1.000000 -0.000000
vn -0.258819 -0.965926 -0.000000
vn -0.500000 -0.866025 -0.000000
vn -0.707107 -0.707107 -0.000000
vn -0.866025 -0.500000 -0.000000
vn -0.965926 -0.258819 -0.000000
vn -1.000000 -0.000000 -0.000000
vn -0.965926 0.258819 0.000000
vn -0.866025 0.500000 0.000000
vn -0.707107 0.707107 0.000000
vn -0.500000 0.866025 0.000000
vn -0.258819 0.965926 0.000000
vn -0.000000 1.000000 0.000000
vn 0.258819 0.965926 0.000000
vn 0.500000 0.866025 0.000000
vn 0.707107 0.707107 0.000000
vn 0.866025 0.500000 0.000000
vn 0.965926 0.258819 0.000000
vn 0.000000 0.000000 1.000000
vn 0.000000 0.000000 1.000000
vn 0.000000 0.000000 1.000000
vn 0.000000 0.000000 1.000000
vn 0.000000 0.000000 1.000000
vn 0.000000 0.000000 1.000000
vn 1.000000 0.000000 0.000000
vn 1.000000 0.000000 0.000000
vn 1.000000 0.000000 0.000000
vn 1.000000 0.000000 0.000000
vn 0.000000 -1.000000 0.000000
vn 0.000000 -1.000000 0.000000
vn 0.000000 -1.000000 0.000000
vn 0.000000 -1.000000 0.000000
vn 0.000000 -1.000000 0.000000
vn 0.000000 -1.000000 0.000000
vn -1.000000 0.000000 0.000000
vn -1.000000 0.000000 0.000000
vn -1.000000 0.000000 0.000000
vn -1.000000 0.000000 0.000000
vn 0.000000 1.000000 0.000000
vn 0.000000 1.000000 0.000000
vn 0.000000 1.000000 0.000000
vn 0.000000 1.000000 0.000000
vn 0.000000 1.000000 0.000000
vn 0.000000 1.000000 0.000000
vn 0.000000 0.000000 1.000000
vn 0.000000 0.000000 1.000000
vn 0.000000 0.000000 1.000000
vn 0.000000 0.000000 1.000000
vn 0.000000 0.000000 1.000000
vn 0.000000 0.000000 1.000000
vn 0.000000 0.000000 1.000000
vn 0.000000 0.000000 1.000000
vn 0.000000 0.000000 1.000000
vn 0.000000 0.000000 1.000000
vn 0.000000 0.000000 1.000000
vn 0.000000 0.000000 1.000000
vn 0.000000 0.000000 1.000000
vn 0.000000 0.000000 1.000000
vn 0.000000 0.000000 1.000000
vn 0.000000 0.000000 1.000000
vn 0.000000 0.000000 1.000000
vn 0.000000 0.000000 1.000000
vn 0.000000 0.000000 1.000000
vn 0.000000 0.000000 1.000000
vn 0.000000 0.000000 1.000000
vn 0.000000 0.000000 1.000000
vn 0.000000 0.000000 1.000000
vn 0.000000 0.000000 1.000000
vn 0.000000 0.000000 1.000000
vn 0.000000 0.000000 1.000000
vn 0.000000 0.000000 1.000000
vn 0.000000 0.000000 1.000000
vn 0.000000 0.000000 1.000000
vn 0.000000 0.000000 1.000000
vn 0.000000 0.000000 1.000000
vn 0.000000 0.000000 1.000000
vn 0.000000 0.000000 1.000000
vn 0.000000 0.000000 1.000000
vn 0.000000 0.000000 1.000000
vn 0.000000 0.000000 1.000000
vn 0.000000 0.000000 1.000000
vn 0.000000 0.000000 1.000000
vn 0.000000 0.000000 1.000000
vn 0.000000 0.000000 1.000000
vn 0.000000 0.000000 1.000000
vn 0.000000 0.000000 1.000000
vn 0.000000 0.000000 1.000000
vn 0.000000 0.000000 1.000000
vn 0.000000 0.000000 1.000000
vn 0.000000 0.000000 1.000000
vn 0.000000 0.000000 1.000000
vn 0.000000 0.000000 1.000000
vn 0.000000 0.000000 1.000000
vn 0.000000 0.000000 1.000000
vn 0.000000 0.000000 1.000000
vn 0.000000 0.000000 1.000000
vn 0.000000 0.000000 1.000000
vn 0.000000 0.000000 1.000000
vn 0.000000 0.000000 1.000000
vn 0.000000 0.000000 1.000000
vn 0.000000 0.000000 1.000000
vn 0.000000 0.000000 1.000000
vn 0.000000 0.000000 1.000000
vn 0.000000 0.000000 1.000000
vn 0.000000 0.000000 1.000000
vn 0.000000 0.000000 1.000000
vn 0.000000 0.000000 1.000000
vn 0.000000 0.000000 1.000000
vn 0.000000 0.000000 1.000000
vn 0.000000 0.000000 1.000000
vn 0.000000 0.000000 1.000000
vn 0.000000 0.000000 1.000000
vn 0.000000 0.000000 1.000000
vn 0.000000 0.000000 1.000000
vn 0.000000 0.000000 1.000000
vn 0.000000 0.000000 1.000000
vn 0.000000 0.000000 1.000000
vn 0.000000 0.000000 1.000000
vn 0.000000 0.000000 1.000000
vn 0.000000 0.000000 1.000000
vn 0.000000 0.000000 1.000000
vn 0.000000 0.000000 1.000000
vn 0.000000 0.000000 1.000000
vn 0.000000 0.000000 1.000000
vn 0.000000 0.000000 1.000000
vn 0.000000 0.000000 1.000000
vn 0.000000 0.000000 1.000000
vn 0.000000 0.000000 1.000000
vn 0.000000 0.000000 1.000000
vn 0.000000 0.000000 1.000000
vn 0.000000 0.000000 1.000000
vn 0.000000 0.000000 1.000000
vn 0.000000 0.000000 1.000000
vn 0.000000 0.000000 1.000000
vn 0.000000 0.000000 1.000000
vn 0.000000 0.000000 1.000000
vn 0.000000 0.000000 1.000000
vn 0.000000 0.000000 1.000000
vn 0.000000 0.000000 1.000000
vn 0.000000 0.000000 1.000000
vn 0.000000 0.000000 1.000000
vn 0.000000 0.000000 1.000000
vn 0.000000 0.000000 1.000000
vn 0.000000 0.000000 1.000000
vn 0.000000 0.000000 1.000000
vn 0.000000 0.000000 1.000000
vn 0.000000 0.000000 1.000000
vn 0.000000 0.000000 1.000000
vn 0.000000 0.000000 1.000000
vn 0.000000 0.000000 1.000000
vn 0.000000 0.000000 1.000000
vn 0.000000 0.000000 1.000000
vn -1.000000 -0.000000 -0.000000
vn -1.000000 -0.000000 -0.000000
vn -0.000000 -1.000000 -0.000000
vn -0.000000 -1.000000 -0.000000
vn -0.000000 -1.000000 -0.000000
usemtl EPX_82_(mit_Carbon-3D-Druckern_M2,_M3,_L1)
f 1/1/1 2/2/2 22/3/3
f 22/3/3 2/2/2 26/4/4
f 22/3/3 26/4/4 21/5/5
f 21/5/5 26/4/4 30/6/6
f 21/5/5 30/6/6 20/7/7
f 20/7/7 30/6/6 34/8/8
f 20/7/7 34/8/8 19/9/9
f 19/9/9 34/8/8 18/10/10
f 18/10/10 34/8/8 38/11/11
f 18/10/10 38/11/11 17/12/12
f 17/12/12 38/11/11 42/13/13
f 17/12/12 42/13/13 16/14/14
f 16/14/14 42/13/13 15/15/15
f 15/15/15 42/13/13 14/16/16
f 14/16/16 42/13/13 13/17/17
f 13/17/17 42/13/13 41/18/18
f 13/17/17 41/18/18 40/19/19
f 40/19/19 41/18/18 36/20/20
f 40/19/19 36/20/20 35/21/21
f 35/21/21 36/20/20 31/22/22
f 35/21/21 31/22/22 8/23/23
f 8/23/23 31/22/22 7/24/24
f 7/24/24 31/22/22 6/25/25
f 6/25/25 31/22/22 27/26/26
f 6/25/25 27/26/26 5/27/27
f 5/27/27 27/26/26 23/28/28
f 5/27/27 23/28/28 4/29/29
f 4/29/29 23/28/28 3/30/30
f 3/30/30 23/28/28 2/2/2
f 2/2/2 23/28/28 24/31/31
f 2/2/2 24/31/31 25/32/32
f 25/32/32 24/31/31 29/33/33
f 25/32/32 29/33/33 30/6/6
f 30/6/6 29/33/33 34/8/8
f 8/23/23 9/34/34 35/21/21
f 35/21/21 9/34/34 39/35/35
f 35/21/21 39/35/35 40/19/19
f 40/19/19 39/35/35 13/17/17
f 9/34/34 10/36/36 39/35/35
f 39/35/35 10/36/36 11/37/37
f 39/35/35 11/37/37 13/17/17
f 13/17/17 11/37/37 12/38/38
f 26/4/4 2/2/2 25/32/32
f 24/31/31 23/28/28 28/39/39
f 28/39/39 23/28/28 27/26/26
f 28/39/39 27/26/26 32/40/40
f 32/40/40 27/26/26 31/22/22
f 32/40/40 31/22/22 36/20/20
f 30/6/6 26/4/4 25/32/32
f 24/31/31 28/39/39 29/33/33
f 29/33/33 28/39/39 33/41/41
f 29/33/33 33/41/41 34/8/8
f 34/8/8 33/41/41 38/11/11
f 33/41/41 28/39/39 32/40/40
f 33/41/41 32/40/40 37/42/42
f 37/42/42 32/40/40 36/20/20
f 37/42/42 36/20/20 41/18/18
f 42/13/13 38/11/11 37/42/42
f 37/42/42 38/11/11 33/41/41
f 42/13/13 37/42/42 41/18/18
f 3/43/30 43/44/43 4/45/44
f 4/45/44 43/44/43 55/46/45
f 4/45/44 55/46/45 5/47/46
f 5/47/46 55/46/45 58/48/47
f 5/47/46 58/48/47 6/49/48
f 6/49/48 58/48/47 61/50/49
f 6/49/48 61/50/49 7/51/50
f 7/51/50 61/50/49 8/52/51
f 8/52/51 61/50/49 64/53/52
f 8/52/51 64/53/52 9/54/53
f 9/54/53 64/53/52 67/55/54
f 9/54/53 67/55/54 10/56/55
f 10/56/55 67/55/54 11/57/56
f 11/57/56 67/55/54 12/58/57
f 12/58/57 67/55/54 66/59/58
f 12/58/57 66/59/58 51/60/59
f 51/60/59 66/59/58 65/61/60
f 51/60/59 65/61/60 50/62/61
f 50/62/61 65/61/60 49/63/62
f 49/63/62 65/61/60 62/64/63
f 49/63/62 62/64/63 48/65/64
f 48/65/64 62/64/63 59/66/65
f 48/65/64 59/66/65 47/67/66
f 47/67/66 59/66/65 46/68/67
f 46/68/67 59/66/65 56/69/68
f 46/68/67 56/69/68 45/70/69
f 45/70/69 56/69/68 53/71/70
f 45/70/69 53/71/70 44/72/71
f 44/72/71 53/71/70 43/44/43
f 43/44/43 53/71/70 54/73/72
f 43/44/43 54/73/72 55/46/45
f 55/46/45 54/73/72 58/48/47
f 51/60/59 52/74/73 12/58/57
f 54/73/72 53/71/70 57/75/74
f 57/75/74 53/71/70 56/69/68
f 57/75/74 56/69/68 60/76/75
f 60/76/75 56/69/68 59/66/65
f 60/76/75 59/66/65 63/77/76
f 63/77/76 59/66/65 62/64/63
f 63/77/76 62/64/63 66/59/58
f 66/59/58 62/64/63 65/61/60
f 61/50/49 58/48/47 57/75/74
f 57/75/74 58/48/47 54/73/72
f 61/50/49 57/75/74 60/76/75
f 64/53/52 61/50/49 60/76/75
f 64/53/52 60/76/75 63/77/76
f 67/55/54 64/53/52 63/77/76
f 67/55/54 63/77/76 66/59/58
f 43/78/43 68/79/77 44/80/78
f 44/80/78 68/79/77 83/81/79
f 44/80/78 83/81/79 45/82/80
f 45/82/80 83/81/79 87/83/81
f 45/82/80 87/83/81 46/84/82
f 46/84/82 87/83/81 91/85/83
f 46/84/82 91/85/83 47/86/84
f 47/86/84 91/85/83 48/87/85
f 48/87/85 91/85/83 95/88/86
f 48/87/85 95/88/86 49/89/87
f 49/89/87 95/88/86 99/90/88
f 49/89/87 99/90/88 50/91/89
f 50/91/89 99/90/88 51/92/90
f 51/92/90 99/90/88 52/93/91
f 52/93/91 99/90/88 79/94/92
f 79/94/92 99/90/88 98/95/93
f 79/94/92 98/95/93 97/96/94
f 97/96/94 98/95/93 93/97/95
f 97/96/94 93/97/95 92/98/96
f 92/98/96 93/97/95 88/99/97
f 92/98/96 88/99/97 74/100/98
f 74/100/98 88/99/97 73/101/99
f 73/101/99 88/99/97 72/102/100
f 72/102/100 88/99/97 84/103/101
f 72/102/100 84/103/101 71/104/102
f 71/104/102 84/103/101 80/105/103
f 71/104/102 80/105/103 70/106/104
f 70/106/104 80/105/103 69/107/105
f 69/107/105 80/105/103 68/79/77
f 68/79/77 80/105/103 81/108/106
f 68/79/77 81/108/106 82/109/107
f 82/109/107 81/108/106 86/110/108
f 82/109/107 86/110/108 87/83/81
f 87/83/81 86/110/108 91/85/83
f 74/100/98 75/111/109 92/98/96
f 92/98/96 75/111/109 96/112/110
f 92/98/96 96/112/110 97/96/94
f 97/96/94 96/112/110 79/94/92
f 75/111/109 76/113/111 96/112/110
f 96/112/110 76/113/111 77/114/112
f 96/112/110 77/114/112 79/94/92
f 79/94/92 77/114/112 78/115/113
f 83/81/79 68/79/77 82/109/107
f 81/108/106 80/105/103 85/116/114
f 85/116/114 80/105/103 84/103/101
f 85/116/114 84/103/101 89/117/115
f 89/117/115 84/103/101 88/99/97
f 89/117/115 88/99/97 93/97/95
f 87/83/81 83/81/79 82/109/107
f 81/108/106 85/116/114 86/110/108
f 86/110/108 85/116/114 90/118/116
f 86/110/108 90/118/116 91/85/83
f 91/85/83 90/118/116 95/88/86
f 90/118/116 85/116/114 89/117/115
f 90/118/116 89/117/115 94/119/117
f 94/119/117 89/117/115 93/97/95
f 94/119/117 93/97/95 98/95/93
f 99/90/88 95/88/86 94/119/117
f 94/119/117 95/88/86 90/118/116
f 99/90/88 94/119/117 98/95/93
f 14/120/118 78/121/119 15/122/120
f 15/122/120 78/121/119 101/123/121
f 15/122/120 101/123/121 102/124/122
f 102/124/122 101/123/121 105/125/123
f 102/124/122 105/125/123 17/126/124
f 17/126/124 105/125/123 18/127/125
f 18/127/125 105/125/123 108/128/126
f 18/127/125 108/128/126 19/129/127
f 19/129/127 108/128/126 20/130/128
f 20/130/128 108/128/126 111/131/129
f 20/130/128 111/131/129 21/132/130
f 21/132/130 111/131/129 114/133/131
f 21/132/130 114/133/131 22/134/132
f 22/134/132 114/133/131 1/135/1
f 1/135/1 114/133/131 113/136/133
f 1/135/1 113/136/133 112/137/134
f 112/137/134 113/136/133 109/138/135
f 112/137/134 109/138/135 71/139/136
f 71/139/136 109/138/135 72/140/137
f 72/140/137 109/138/135 106/141/138
f 72/140/137 106/141/138 73/142/139
f 73/142/139 106/141/138 74/143/140
f 74/143/140 106/141/138 103/144/141
f 74/143/140 103/144/141 75/145/142
f 75/145/142 103/144/141 100/146/143
f 75/145/142 100/146/143 76/147/144
f 76/147/144 100/146/143 77/148/145
f 77/148/145 100/146/143 78/121/119
f 78/121/119 100/146/143 101/123/121
f 71/139/136 70/149/146 112/137/134
f 112/137/134 70/149/146 1/135/1
f 70/149/146 69/150/105 1/135/1
f 17/126/124 16/151/147 102/124/122
f 102/124/122 16/151/147 15/122/120
f 101/123/121 100/146/143 104/152/148
f 104/152/148 100/146/143 103/144/141
f 104/152/148 103/144/141 107/153/149
f 107/153/149 103/144/141 106/141/138
f 107/153/149 106/141/138 110/154/150
f 110/154/150 106/141/138 109/138/135
f 110/154/150 109/138/135 113/136/133
f 108/128/126 105/125/123 104/152/148
f 104/152/148 105/125/123 101/123/121
f 108/128/126 104/152/148 107/153/149
f 111/131/129 108/128/126 107/153/149
f 111/131/129 107/153/149 110/154/150
f 114/133/131 111/131/129 110/154/150
f 114/133/131 110/154/150 113/136/133
f 14/155/118 115/156/151 78/157/119
f 78/157/119 115/156/151 116/158/152
f 115/159/153 14/160/16 118/161/154
f 118/161/154 14/160/16 13/162/17
f 118/161/154 13/162/17 117/163/155
f 117/163/155 13/162/17 12/164/38
f 43/165/43 3/166/30 68/167/77
f 68/167/77 3/166/30 2/168/2
f 68/167/77 2/168/2 69/169/105
f 69/169/105 2/168/2 1/170/1
f 120/171/156 143/172/157 119/173/158
f 122/174/159 143/175/160 121/176/161
f 124/177/162 143/178/163 123/179/164
f 126/180/165 143/181/166 125/182/167
f 128/183/168 143/184/169 127/185/170
f 130/186/171 143/187/172 129/188/173
f 132/189/174 143/190/175 131/191/176
f 134/192/177 143/193/178 133/194/179
f 136/195/180 143/196/181 135/197/182
f 138/198/183 143/199/184 137/200/185
f 140/201/186 143/202/187 139/203/188
f 142/204/189 143/205/190 141/206/191
f 119/207/158 143/208/192 142/204/189
f 135/197/182 143/209/193 134/192/177
f 127/185/170 143/210/194 126/180/165
f 141/206/191 143/211/195 140/201/186
f 139/203/188 143/212/196 138/198/183
f 137/200/185 143/213/197 136/195/180
f 133/194/179 143/214/198 132/189/174
f 131/191/176 143/215/199 130/186/171
f 129/188/173 143/216/200 128/183/168
f 125/182/167 143/217/201 124/177/162
f 123/179/164 143/218/202 122/174/159
f 121/176/161 143/219/203 120/171/156
f 145/220/204 172/221/205 144/222/206
f 144/222/206 172/221/205 168/223/207
f 144/224/206 168/225/207 167/226/208
f 167/226/208 168/225/207 260/227/209
f 167/226/208 260/227/209 166/228/210
f 166/228/210 260/227/209 256/229/211
f 166/228/210 256/229/211 165/230/212
f 165/230/212 256/229/211 252/231/213
f 165/230/212 252/231/213 164/232/214
f 164/232/214 252/231/213 248/233/215
f 164/232/214 248/233/215 163/234/216
f 163/234/216 248/233/215 244/235/217
f 163/234/216 244/235/217 162/236/218
f 162/236/218 244/235/217 240/237/219
f 162/236/218 240/237/219 161/238/220
f 161/238/220 240/237/219 236/239/221
f 161/238/220 236/239/221 160/240/222
f 160/240/222 236/239/221 232/241/223
f 160/240/222 232/241/223 159/242/224
f 159/242/224 232/241/223 228/243/225
f 159/242/224 228/243/225 158/244/226
f 158/244/226 228/243/225 224/245/227
f 158/244/226 224/245/227 157/246/228
f 157/246/228 224/245/227 220/247/229
f 157/246/228 220/247/229 156/248/230
f 156/248/230 220/247/229 216/249/231
f 156/248/230 216/249/231 155/250/232
f 155/250/232 216/249/231 212/251/233
f 155/250/232 212/251/233 154/252/234
f 154/252/234 212/251/233 208/253/235
f 154/252/234 208/253/235 153/254/236
f 153/254/236 208/253/235 204/255/237
f 153/254/236 204/255/237 152/256/238
f 152/256/238 204/255/237 200/257/239
f 152/256/238 200/257/239 151/258/240
f 151/258/240 200/257/239 196/259/241
f 151/258/240 196/259/241 150/260/242
f 150/260/242 196/259/241 192/261/243
f 150/260/242 192/261/243 149/262/244
f 149/262/244 192/261/243 188/263/245
f 149/262/244 188/263/245 148/264/246
f 148/264/246 188/263/245 184/265/247
f 148/264/246 184/265/247 147/266/248
f 147/266/248 184/265/247 180/267/249
f 147/266/248 180/267/249 146/268/250
f 146/268/250 180/267/249 176/269/251
f 146/268/250 176/269/251 145/220/204
f 145/220/204 176/269/251 172/221/205
f 142/270/252 263/271/253 119/272/254
f 119/272/254 263/271/253 171/273/255
f 119/274/254 171/275/255 120/276/256
f 120/276/256 171/275/255 175/277/257
f 120/276/256 175/277/257 121/278/258
f 121/278/258 175/277/257 179/279/259
f 121/278/258 179/279/259 122/280/260
f 122/280/260 179/279/259 183/281/261
f 122/280/260 183/281/261 123/282/262
f 123/282/262 183/281/261 187/283/263
f 123/282/262 187/283/263 124/284/264
f 124/284/264 187/283/263 191/285/265
f 124/284/264 191/285/265 125/286/266
f 125/286/266 191/285/265 195/287/267
f 125/286/266 195/287/267 126/288/268
f 126/288/268 195/287/267 199/289/269
f 126/288/268 199/289/269 127/290/270
f 127/290/270 199/289/269 203/291/271
f 127/290/270 203/291/271 128/292/272
f 128/292/272 203/291/271 207/293/273
f 128/292/272 207/293/273 129/294/274
f 129/294/274 207/293/273 211/295/275
f 129/294/274 211/295/275 130/296/276
f 130/296/276 211/295/275 215/297/277
f 130/296/276 215/297/277 131/298/278
f 131/298/278 215/297/277 219/299/279
f 131/298/278 219/299/279 132/300/280
f 132/300/280 219/299/279 223/301/281
f 132/300/280 223/301/281 133/302/282
f 133/302/282 223/301/281 227/303/283
f 133/302/282 227/303/283 134/304/284
f 134/304/284 227/303/283 231/305/285
f 134/304/284 231/305/285 135/306/286
f 135/306/286 231/305/285 235/307/287
f 135/306/286 235/307/287 136/308/288
f 136/308/288 235/307/287 239/309/289
f 136/308/288 239/309/289 137/310/290
f 137/310/290 239/309/289 243/311/291
f 137/310/290 243/311/291 138/312/292
f 138/312/292 243/311/291 247/313/293
f 138/312/292 247/313/293 139/314/294
f 139/314/294 247/313/293 251/315/295
f 139/314/294 251/315/295 140/316/296
f 140/316/296 251/315/295 255/317/297
f 140/316/296 255/317/297 141/318/298
f 141/318/298 255/317/297 259/319/299
f 141/318/298 259/319/299 142/270/252
f 142/270/252 259/319/299 263/271/253
f 168/225/207 169/320/300 260/227/209
f 260/227/209 169/320/300 261/321/301
f 260/227/209 261/321/301 256/229/211
f 256/229/211 261/321/301 257/322/302
f 256/229/211 257/322/302 252/231/213
f 252/231/213 257/322/302 253/323/303
f 252/231/213 253/323/303 248/233/215
f 248/233/215 253/323/303 249/324/304
f 248/233/215 249/324/304 244/235/217
f 244/235/217 249/324/304 245/325/305
f 244/235/217 245/325/305 240/237/219
f 240/237/219 245/325/305 241/326/306
f 240/237/219 241/326/306 236/239/221
f 236/239/221 241/326/306 237/327/307
f 236/239/221 237/327/307 232/241/223
f 232/241/223 237/327/307 233/328/308
f 232/241/223 233/328/308 228/243/225
f 228/243/225 233/328/308 229/329/309
f 228/243/225 229/329/309 224/245/227
f 224/245/227 229/329/309 225/330/310
f 224/245/227 225/330/310 220/247/229
f 220/247/229 225/330/310 221/331/311
f 220/247/229 221/331/311 216/249/231
f 216/249/231 221/331/311 217/332/312
f 216/249/231 217/332/312 212/251/233
f 212/251/233 217/332/312 213/333/313
f 212/251/233 213/333/313 208/253/235
f 208/253/235 213/333/313 209/334/314
f 208/253/235 209/334/314 204/255/237
f 204/255/237 209/334/314 205/335/315
f 204/255/237 205/335/315 200/257/239
f 200/257/239 205/335/315 201/336/316
f 200/257/239 201/336/316 196/259/241
f 196/259/241 201/336/316 197/337/317
f 196/259/241 197/337/317 192/261/243
f 192/261/243 197/337/317 193/338/318
f 192/261/243 193/338/318 188/263/245
f 188/263/245 193/338/318 189/339/319
f 188/263/245 189/339/319 184/265/247
f 184/265/247 189/339/319 185/340/320
f 184/265/247 185/340/320 180/267/249
f 180/267/249 185/340/320 181/341/321
f 180/267/249 181/341/321 176/269/251
f 176/269/251 181/341/321 177/342/322
f 176/269/251 177/342/322 172/221/205
f 172/221/205 177/342/322 173/343/323
f 172/221/205 173/343/323 168/223/207
f 168/223/207 173/343/323 169/344/300
f 169/320/300 170/345/324 261/321/301
f 261/321/301 170/345/324 262/346/325
f 261/321/301 262/346/325 257/322/302
f 257/322/302 262/346/325 258/347/326
f 257/322/302 258/347/326 253/323/303
f 253/323/303 258/347/326 254/348/327
f 253/323/303 254/348/327 249/324/304
f 249/324/304 254/348/327 250/349/328
f 249/324/304 250/349/328 245/325/305
f 245/325/305 250/349/328 246/350/329
f 245/325/305 246/350/329 241/326/306
f 241/326/306 246/350/329 242/351/330
f 241/326/306 242/351/330 237/327/307
f 237/327/307 242/351/330 238/352/331
f 237/327/307 238/352/331 233/328/308
f 233/328/308 238/352/331 234/353/332
f 233/328/308 234/353/332 229/329/309
f 229/329/309 234/353/332 230/354/333
f 229/329/309 230/354/333 225/330/310
f 225/330/310 230/354/333 226/355/334
f 225/330/310 226/355/334 221/331/311
f 221/331/311 226/355/334 222/356/335
f 221/331/311 222/356/335 217/332/312
f 217/332/312 222/356/335 218/357/336
f 217/332/312 218/357/336 213/333/313
f 213/333/313 218/357/336 214/358/337
f 213/333/313 214/358/337 209/334/314
f 209/334/314 214/358/337 210/359/338
f 209/334/314 210/359/338 205/335/315
f 205/335/315 210/359/338 206/360/339
f 205/335/315 206/360/339 201/336/316
f 201/336/316 206/360/339 202/361/340
f 201/336/316 202/361/340 197/337/317
f 197/337/317 202/361/340 198/362/341
f 197/337/317 198/362/341 193/338/318
f 193/338/318 198/362/341 194/363/342
f 193/338/318 194/363/342 189/339/319
f 189/339/319 194/363/342 190/364/343
f 189/339/319 190/364/343 185/340/320
f 185/340/320 190/364/343 186/365/344
f 185/340/320 186/365/344 181/341/321
f 181/341/321 186/365/344 182/366/345
f 181/341/321 182/366/345 177/342/322
f 177/342/322 182/366/345 178/367/346
f 177/342/322 178/367/346 173/343/323
f 173/343/323 178/367/346 174/368/347
f 173/343/323 174/368/347 169/344/300
f 169/344/300 174/368/347 170/369/324
f 170/345/324 171/273/255 262/346/325
f 262/346/325 171/273/255 263/271/253
f 262/346/325 263/271/253 258/347/326
f 258/347/326 263/271/253 259/319/299
f 258/347/326 259/319/299 254/348/327
f 254/348/327 259/319/299 255/317/297
f 254/348/327 255/317/297 250/349/328
f 250/349/328 255/317/297 251/315/295
f 250/349/328 251/315/295 246/350/329
f 246/350/329 251/315/295 247/313/293
f 246/350/329 247/313/293 242/351/330
f 242/351/330 247/313/293 243/311/291
f 242/351/330 243/311/291 238/352/331
f 238/352/331 243/311/291 239/309/289
f 238/352/331 239/309/289 234/353/332
f 234/353/332 239/309/289 235/307/287
f 234/353/332 235/307/287 230/354/333
f 230/354/333 235/307/287 231/305/285
f 230/354/333 231/305/285 226/355/334
f 226/355/334 231/305/285 227/303/283
f 226/355/334 227/303/283 222/356/335
f 222/356/335 227/303/283 223/301/281
f 222/356/335 223/301/281 218/357/336
f 218/357/336 223/301/281 219/299/279
f 218/357/336 219/299/279 214/358/337
f 214/358/337 219/299/279 215/297/277
f 214/358/337 215/297/277 210/359/338
f 210/359/338 215/297/277 211/295/275
f 210/359/338 211/295/275 206/360/339
f 206/360/339 211/295/275 207/293/273
f 206/360/339 207/293/273 202/361/340
f 202/361/340 207/293/273 203/291/271
f 202/361/340 203/291/271 198/362/341
f 198/362/341 203/291/271 199/289/269
f 198/362/341 199/289/269 194/363/342
f 194/363/342 199/289/269 195/287/267
f 194/363/342 195/287/267 190/364/343
f 190/364/343 195/287/267 191/285/265
f 190/364/343 191/285/265 186/365/344
f 186/365/344 191/285/265 187/283/263
f 186/365/344 187/283/263 182/366/345
f 182/366/345 187/283/263 183/281/261
f 182/366/345 183/281/261 178/367/346
f 178/367/346 183/281/261 179/279/259
f 178/367/346 179/279/259 174/368/347
f 174/368/347 179/279/259 175/277/257
f 174/368/347 175/277/257 170/369/324
f 170/369/324 175/277/257 171/275/255
f 265/370/348 288/371/349 264/372/350
f 267/373/351 288/374/352 266/375/353
f 269/376/354 288/377/355 268/378/356
f 271/379/357 288/380/358 270/381/359
f 273/382/360 288/383/361 272/384/362
f 275/385/363 288/386/364 274/387/365
f 277/388/366 288/389/367 276/390/368
f 279/391/369 288/392/370 278/393/371
f 281/394/372 288/395/373 280/396/374
f 283/397/375 288/398/376 282/399/377
f 285/400/378 288/401/379 284/402/380
f 287/403/381 288/404/382 286/405/383
f 264/406/350 288/407/384 287/403/381
f 280/396/374 288/408/385 279/391/369
f 272/384/362 288/409/386 271/379/357
f 286/405/383 288/410/387 285/400/378
f 284/402/380 288/411/388 283/397/375
f 282/399/377 288/412/389 281/394/372
f 278/393/371 288/413/390 277/388/366
f 276/390/368 288/414/391 275/385/363
f 274/387/365 288/415/392 273/382/360
f 270/381/359 288/416/393 269/376/354
f 268/378/356 288/417/394 267/373/351
f 266/375/353 288/418/395 265/370/348
f 290/419/396 317/420/397 289/421/398
f 289/421/398 317/420/397 313/422/399
f 289/423/398 313/424/399 312/425/400
f 312/425/400 313/424/399 405/426/401
f 312/425/400 405/426/401 311/427/402
f 311/427/402 405/426/401 401/428/403
f 311/427/402 401/428/403 310/429/404
f 310/429/404 401/428/403 397/430/405
f 310/429/404 397/430/405 309/431/406
f 309/431/406 397/430/405 393/432/407
f 309/431/406 393/432/407 308/433/408
f 308/433/408 393/432/407 389/434/409
f 308/433/408 389/434/409 307/435/410
f 307/435/410 389/434/409 385/436/411
f 307/435/410 385/436/411 306/437/412
f 306/437/412 385/436/411 381/438/413
f 306/437/412 381/438/413 305/439/414
f 305/439/414 381/438/413 377/440/415
f 305/439/414 377/440/415 304/441/416
f 304/441/416 377/440/415 373/442/417
f 304/441/416 373/442/417 303/443/418
f 303/443/418 373/442/417 369/444/419
f 303/443/418 369/444/419 302/445/420
f 302/445/420 369/444/419 365/446/421
f 302/445/420 365/446/421 301/447/422
f 301/447/422 365/446/421 361/448/423
f 301/447/422 361/448/423 300/449/424
f 300/449/424 361/448/423 357/450/425
f 300/449/424 357/450/425 299/451/426
f 299/451/426 357/450/425 353/452/427
f 299/451/426 353/452/427 298/453/428
f 298/453/428 353/452/427 349/454/429
f 298/453/428 349/454/429 297/455/430
f 297/455/430 349/454/429 345/456/431
f 297/455/430 345/456/431 296/457/432
f 296/457/432 345/456/431 341/458/433
f 296/457/432 341/458/433 295/459/434
f 295/459/434 341/458/433 337/460/435
f 295/459/434 337/460/435 294/461/436
f 294/461/436 337/460/435 333/462/437
f 294/461/436 333/462/437 293/463/438
f 293/463/438 333/462/437 329/464/439
f 293/463/438 329/464/439 292/465/440
f 292/465/440 329/464/439 325/466/441
f 292/465/440 325/466/441 291/467/442
f 291/467/442 325/466/441 321/468/443
f 291/467/442 321/468/443 290/419/396
f 290/419/396 321/468/443 317/420/397
f 287/469/444 408/470/445 264/471/446
f 264/471/446 408/470/445 316/472/447
f 264/473/446 316/474/447 265/475/448
f 265/475/448 316/474/447 320/476/449
f 265/475/448 320/476/449 266/477/450
f 266/477/450 320/476/449 324/478/451
f 266/477/450 324/478/451 267/479/452
f 267/479/452 324/478/451 328/480/453
f 267/479/452 328/480/453 268/481/454
f 268/481/454 328/480/453 332/482/455
f 268/481/454 332/482/455 269/483/456
f 269/483/456 332/482/455 336/484/457
f 269/483/456 336/484/457 270/485/458
f 270/485/458 336/484/457 340/486/459
f 270/485/458 340/486/459 271/487/460
f 271/487/460 340/486/459 344/488/461
f 271/487/460 344/488/461 272/489/462
f 272/489/462 344/488/461 348/490/463
f 272/489/462 348/490/463 273/491/464
f 273/491/464 348/490/463 352/492/465
f 273/491/464 352/492/465 274/493/466
f 274/493/466 352/492/465 356/494/467
f 274/493/466 356/494/467 275/495/468
f 275/495/468 356/494/467 360/496/469
f 275/495/468 360/496/469 276/497/470
f 276/497/470 360/496/469 364/498/471
f 276/497/470 364/498/471 277/499/472
f 277/499/472 364/498/471 368/500/473
f 277/499/472 368/500/473 278/501/474
f 278/501/474 368/500/473 372/502/475
f 278/501/474 372/502/475 279/503/476
f 279/503/476 372/502/475 376/504/477
f 279/503/476 376/504/477 280/505/478
f 280/505/478 376/504/477 380/506/479
f 280/505/478 380/506/479 281/507/480
f 281/507/480 380/506/479 384/508/481
f 281/507/480 384/508/481 282/509/482
f 282/509/482 384/508/481 388/510/483
f 282/509/482 388/510/483 283/511/484
f 283/511/484 388/510/483 392/512/485
f 283/511/484 392/512/485 284/513/486
f 284/513/486 392/512/485 396/514/487
f 284/513/486 396/514/487 285/515/488
f 285/515/488 396/514/487 400/516/489
f 285/515/488 400/516/489 286/517/490
f 286/517/490 400/516/489 404/518/491
f 286/517/490 404/518/491 287/469/444
f 287/469/444 404/518/491 408/470/445
f 313/424/399 314/519/492 405/426/401
f 405/426/401 314/519/492 406/520/493
f 405/426/401 406/520/493 401/428/403
f 401/428/403 406/520/493 402/521/494
f 401/428/403 402/521/494 397/430/405
f 397/430/405 402/521/494 398/522/495
f 397/430/405 398/522/495 393/432/407
f 393/432/407 398/522/495 394/523/496
f 393/432/407 394/523/496 389/434/409
f 389/434/409 394/523/496 390/524/497
f 389/434/409 390/524/497 385/436/411
f 385/436/411 390/524/497 386/525/498
f 385/436/411 386/525/498 381/438/413
f 381/438/413 386/525/498 382/526/499
f 381/438/413 382/526/499 377/440/415
f 377/440/415 382/526/499 378/527/500
f 377/440/415 378/527/500 373/442/417
f 373/442/417 378/527/500 374/528/501
f 373/442/417 374/528/501 369/444/419
f 369/444/419 374/528/501 370/529/502
f 369/444/419 370/529/502 365/446/421
f 365/446/421 370/529/502 366/530/503
f 365/446/421 366/530/503 361/448/423
f 361/448/423 366/530/503 362/531/504
f 361/448/423 362/531/504 357/450/425
f 357/450/425 362/531/504 358/532/505
f 357/450/425 358/532/505 353/452/427
f 353/452/427 358/532/505 354/533/506
f 353/452/427 354/533/506 349/454/429
f 349/454/429 354/533/506 350/534/507
f 349/454/429 350/534/507 345/456/431
f 345/456/431 350/534/507 346/535/508
f 345/456/431 346/535/508 341/458/433
f 341/458/433 346/535/508 342/536/509
f 341/458/433 342/536/509 337/460/435
f 337/460/435 342/536/509 338/537/510
f 337/460/435 338/537/510 333/462/437
f 333/462/437 338/537/510 334/538/511
f 333/462/437 334/538/511 329/464/439
f 329/464/439 334/538/511 330/539/512
f 329/464/439 330/539/512 325/466/441
f 325/466/441 330/539/512 326/540/513
f 325/466/441 326/540/513 321/468/443
f 321/468/443 326/540/513 322/541/514
f 321/468/443 322/541/514 317/420/397
f 317/420/397 322/541/514 318/542/515
f 317/420/397 318/542/515 313/422/399
f 313/422/399 318/542/515 314/543/492
f 314/519/492 315/544/516 406/520/493
f 406/520/493 315/544/516 407/545/517
f 406/520/493 407/545/517 402/521/494
f 402/521/494 407/545/517 403/546/518
f 402/521/494 403/546/518 398/522/495
f 398/522/495 403/546/518 399/547/519
f 398/522/495 399/547/519 394/523/496
f 394/523/496 399/547/519 395/548/520
f 394/523/496 395/548/520 390/524/497
f 390/524/497 395/548/520 391/549/521
f 390/524/497 391/549/521 386/525/498
f 386/525/498 391/549/521 387/550/522
f 386/525/498 387/550/522 382/526/499
f 382/526/499 387/550/522 383/551/523
f 382/526/499 383/551/523 378/527/500
f 378/527/500 383/551/523 379/552/524
f 378/527/500 379/552/524 374/528/501
f 374/528/501 379/552/524 375/553/525
f 374/528/501 375/553/525 370/529/502
f 370/529/502 375/553/525 371/554/526
f 370/529/502 371/554/526 366/530/503
f 366/530/503 371/554/526 367/555/527
f 366/530/503 367/555/527 362/531/504
f 362/531/504 367/555/527 363/556/528
f 362/531/504 363/556/528 358/532/505
f 358/532/505 363/556/528 359/557/529
f 358/532/505 359/557/529 354/533/506
f 354/533/506 359/557/529 355/558/530
f 354/533/506 355/558/530 350/534/507
f 350/534/507 355/558/530 351/559/531
f 350/534/507 351/559/531 346/535/508
f 346/535/508 351/559/531 347/560/532
f 346/535/508 347/560/532 342/536/509
f 342/536/509 347/560/532 343/561/533
f 342/536/509 343/561/533 338/537/510
f 338/537/510 343/561/533 339/562/534
f 338/537/510 339/562/534 334/538/511
f 334/538/511 339/562/534 335/563/535
f 334/538/511 335/563/535 330/539/512
f 330/539/512 335/563/535 331/564/536
f 330/539/512 331/564/536 326/540/513
f 326/540/513 331/564/536 327/565/537
f 326/540/513 327/565/537 322/541/514
f 322/541/514 327/565/537 323/566/538
f 322/541/514 323/566/538 318/542/515
f 318/542/515 323/566/538 319/567/539
f 318/542/515 319/567/539 314/543/492
f 314/543/492 319/567/539 315/568/516
f 315/544/516 316/472/447 407/545/517
f 407/545/517 316/472/447 408/470/445
f 407/545/517 408/470/445 403/546/518
f 403/546/518 408/470/445 404/518/491
f 403/546/518 404/518/491 399/547/519
f 399/547/519 404/518/491 400/516/489
f 399/547/519 400/516/489 395/548/520
f 395/548/520 400/516/489 396/514/487
f 395/548/520 396/514/487 391/549/521
f 391/549/521 396/514/487 392/512/485
f 391/549/521 392/512/485 387/550/522
f 387/550/522 392/512/485 388/510/483
f 387/550/522 388/510/483 383/551/523
f 383/551/523 388/510/483 384/508/481
f 383/551/523 384/508/481 379/552/524
f 379/552/524 384/508/481 380/506/479
f 379/552/524 380/506/479 375/553/525
f 375/553/525 380/506/479 376/504/477
f 375/553/525 376/504/477 371/554/526
f 371/554/526 376/504/477 372/502/475
f 371/554/526 372/502/475 367/555/527
f 367/555/527 372/502/475 368/500/473
f 367/555/527 368/500/473 363/556/528
f 363/556/528 368/500/473 364/498/471
f 363/556/528 364/498/471 359/557/529
f 359/557/529 364/498/471 360/496/469
f 359/557/529 360/496/469 355/558/530
f 355/558/530 360/496/469 356/494/467
f 355/558/530 356/494/467 351/559/531
f 351/559/531 356/494/467 352/492/465
f 351/559/531 352/492/465 347/560/532
f 347/560/532 352/492/465 348/490/463
f 347/560/532 348/490/463 343/561/533
f 343/561/533 348/490/463 344/488/461
f 343/561/533 344/488/461 339/562/534
f 339/562/534 344/488/461 340/486/459
f 339/562/534 340/486/459 335/563/535
f 335/563/535 340/486/459 336/484/457
f 335/563/535 336/484/457 331/564/536
f 331/564/536 336/484/457 332/482/455
f 331/564/536 332/482/455 327/565/537
f 327/565/537 332/482/455 328/480/453
f 327/565/537 328/480/453 323/566/538
f 323/566/538 328/480/453 324/478/451
f 323/566/538 324/478/451 319/567/539
f 319/567/539 324/478/451 320/476/449
f 319/567/539 320/476/449 315/568/516
f 315/568/516 320/476/449 316/474/447
f 410/569/540 433/570/541 409/571/542
f 412/572/543 433/573/544 411/574/545
f 414/575/546 433/576/547 413/577/548
f 416/578/549 433/579/550 415/580/551
f 418/581/552 433/582/553 417/583/554
f 420/584/555 433/585/556 419/586/557
f 422/587/558 433/588/559 421/589/560
f 424/590/561 433/591/562 423/592/563
f 426/593/564 433/594/565 425/595/566
f 428/596/567 433/597/568 427/598/569
f 430/599/570 433/600/571 429/601/572
f 432/602/573 433/603/574 431/604/575
f 409/605/542 433/606/576 432/602/573
f 425/595/566 433/607/577 424/590/561
f 417/583/554 433/608/578 416/578/549
f 431/604/575 433/609/579 430/599/570
f 429/601/572 433/610/580 428/596/567
f 427/598/569 433/611/581 426/593/564
f 423/592/563 433/612/582 422/587/558
f 421/589/560 433/613/583 420/584/555
f 419/586/557 433/614/584 418/581/552
f 415/580/551 433/615/585 414/575/546
f 413/577/548 433/616/586 412/572/543
f 411/574/545 433/617/587 410/569/540
f 435/618/588 462/619/589 434/620/590
f 434/620/590 462/619/589 458/621/591
f 434/622/590 458/623/591 457/624/592
f 457/624/592 458/623/591 550/625/593
f 457/624/592 550/625/593 456/626/594
f 456/626/594 550/625/593 546/627/595
f 456/626/594 546/627/595 455/628/596
f 455/628/596 546/627/595 542/629/597
f 455/628/596 542/629/597 454/630/598
f 454/630/598 542/629/597 538/631/599
f 454/630/598 538/631/599 453/632/600
f 453/632/600 538/631/599 534/633/601
f 453/632/600 534/633/601 452/634/602
f 452/634/602 534/633/601 530/635/603
f 452/634/602 530/635/603 451/636/604
f 451/636/604 530/635/603 526/637/605
f 451/636/604 526/637/605 450/638/606
f 450/638/606 526/637/605 522/639/607
f 450/638/606 522/639/607 449/640/608
f 449/640/608 522/639/607 518/641/609
f 449/640/608 518/641/609 448/642/610
f 448/642/610 518/641/609 514/643/611
f 448/642/610 514/643/611 447/644/612
f 447/644/612 514/643/611 510/645/613
f 447/644/612 510/645/613 446/646/614
f 446/646/614 510/645/613 506/647/615
f 446/646/614 506/647/615 445/648/616
f 445/648/616 506/647/615 502/649/617
f 445/648/616 502/649/617 444/650/618
f 444/650/618 502/649/617 498/651/619
f 444/650/618 498/651/619 443/652/620
f 443/652/620 498/651/619 494/653/621
f 443/652/620 494/653/621 442/654/622
f 442/654/622 494/653/621 490/655/623
f 442/654/622 490/655/623 441/656/624
f 441/656/624 490/655/623 486/657/625
f 441/656/624 486/657/625 440/658/626
f 440/658/626 486/657/625 482/659/627
f 440/658/626 482/659/627 439/660/628
f 439/660/628 482/659/627 478/661/629
f 439/660/628 478/661/629 438/662/630
f 438/662/630 478/661/629 474/663/631
f 438/662/630 474/663/631 437/664/632
f 437/664/632 474/663/631 470/665/633
f 437/664/632 470/665/633 436/666/634
f 436/666/634 470/665/633 466/667/635
f 436/666/634 466/667/635 435/618/588
f 435/618/588 466/667/635 462/619/589
f 432/668/636 553/669/637 409/670/638
f 409/670/638 553/669/637 461/671/639
f 409/672/638 461/673/639 410/674/640
f 410/674/640 461/673/639 465/675/641
f 410/674/640 465/675/641 411/676/642
f 411/676/642 465/675/641 469/677/643
f 411/676/642 469/677/643 412/678/644
f 412/678/644 469/677/643 473/679/645
f 412/678/644 473/679/645 413/680/646
f 413/680/646 473/679/645 477/681/647
f 413/680/646 477/681/647 414/682/648
f 414/682/648 477/681/647 481/683/649
f 414/682/648 481/683/649 415/684/650
f 415/684/650 481/683/649 485/685/651
f 415/684/650 485/685/651 416/686/652
f 416/686/652 485/685/651 489/687/653
f 416/686/652 489/687/653 417/688/654
f 417/688/654 489/687/653 493/689/655
f 417/688/654 493/689/655 418/690/656
f 418/690/656 493/689/655 497/691/657
f 418/690/656 497/691/657 419/692/658
f 419/692/658 497/691/657 501/693/659
f 419/692/658 501/693/659 420/694/660
f 420/694/660 501/693/659 505/695/661
f 420/694/660 505/695/661 421/696/662
f 421/696/662 505/695/661 509/697/663
f 421/696/662 509/697/663 422/698/664
f 422/698/664 509/697/663 513/699/665
f 422/698/664 513/699/665 423/700/666
f 423/700/666 513/699/665 517/701/667
f 423/700/666 517/701/667 424/702/668
f 424/702/668 517/701/667 521/703/669
f 424/702/668 521/703/669 425/704/670
f 425/704/670 521/703/669 525/705/671
f 425/704/670 525/705/671 426/706/672
f 426/706/672 525/705/671 529/707/673
f 426/706/672 529/707/673 427/708/674
f 427/708/674 529/707/673 533/709/675
f 427/708/674 533/709/675 428/710/676
f 428/710/676 533/709/675 537/711/677
f 428/710/676 537/711/677 429/712/678
f 429/712/678 537/711/677 541/713/679
f 429/712/678 541/713/679 430/714/680
f 430/714/680 541/713/679 545/715/681
f 430/714/680 545/715/681 431/716/682
f 431/716/682 545/715/681 549/717/683
f 431/716/682 549/717/683 432/668/636
f 432/668/636 549/717/683 553/669/637
f 458/623/591 459/718/684 550/625/593
f 550/625/593 459/718/684 551/719/685
f 550/625/593 551/719/685 546/627/595
f 546/627/595 551/719/685 547/720/686
f 546/627/595 547/720/686 542/629/597
f 542/629/597 547/720/686 543/721/687
f 542/629/597 543/721/687 538/631/599
f 538/631/599 543/721/687 539/722/688
f 538/631/599 539/722/688 534/633/601
f 534/633/601 539/722/688 535/723/689
f 534/633/601 535/723/689 530/635/603
f 530/635/603 535/723/689 531/724/690
f 530/635/603 531/724/690 526/637/605
f 526/637/605 531/724/690 527/725/691
f 526/637/605 527/725/691 522/639/607
f 522/639/607 527/725/691 523/726/692
f 522/639/607 523/726/692 518/641/609
f 518/641/609 523/726/692 519/727/693
f 518/641/609 519/727/693 514/643/611
f 514/643/611 519/727/693 515/728/694
f 514/643/611 515/728/694 510/645/613
f 510/645/613 515/728/694 511/729/695
f 510/645/613 511/729/695 506/647/615
f 506/647/615 511/729/695 507/730/696
f 506/647/615 507/730/696 502/649/617
f 502/649/617 507/730/696 503/731/697
f 502/649/617 503/731/697 498/651/619
f 498/651/619 503/731/697 499/732/698
f 498/651/619 499/732/698 494/653/621
f 494/653/621 499/732/698 495/733/699
f 494/653/621 495/733/699 490/655/623
f 490/655/623 495/733/699 491/734/700
f 490/655/623 491/734/700 486/657/625
f 486/657/625 491/734/700 487/735/701
f 486/657/625 487/735/701 482/659/627
f 482/659/627 487/735/701 483/736/702
f 482/659/627 483/736/702 478/661/629
f 478/661/629 483/736/702 479/737/703
f 478/661/629 479/737/703 474/663/631
f 474/663/631 479/737/703 475/738/704
f 474/663/631 475/738/704 470/665/633
f 470/665/633 475/738/704 471/739/705
f 470/665/633 471/739/705 466/667/635
f 466/667/635 471/739/705 467/740/706
f 466/667/635 467/740/706 462/619/589
f 462/619/589 467/740/706 463/741/707
f 462/619/589 463/741/707 458/621/591
f 458/621/591 463/741/707 459/742/684
f 459/718/684 460/743/708 551/719/685
f 551/719/685 460/743/708 552/744/709
f 551/719/685 552/744/709 547/720/686
f 547/720/686 552/744/709 548/745/710
f 547/720/686 548/745/710 543/721/687
f 543/721/687 548/745/710 544/746/711
f 543/721/687 544/746/711 539/722/688
f 539/722/688 544/746/711 540/747/712
f 539/722/688 540/747/712 535/723/689
f 535/723/689 540/747/712 536/748/713
f 535/723/689 536/748/713 531/724/690
f 531/724/690 536/748/713 532/749/714
f 531/724/690 532/749/714 527/725/691
f 527/725/691 532/749/714 528/750/715
f 527/725/691 528/750/715 523/726/692
f 523/726/692 528/750/715 524/751/716
f 523/726/692 524/751/716 519/727/693
f 519/727/693 524/751/716 520/752/717
f 519/727/693 520/752/717 515/728/694
f 515/728/694 520/752/717 516/753/718
f 515/728/694 516/753/718 511/729/695
f 511/729/695 516/753/718 512/754/719
f 511/729/695 512/754/719 507/730/696
f 507/730/696 512/754/719 508/755/720
f 507/730/696 508/755/720 503/731/697
f 503/731/697 508/755/720 504/756/721
f 503/731/697 504/756/721 499/732/698
f 499/732/698 504/756/721 500/757/722
f 499/732/698 500/757/722 495/733/699
f 495/733/699 500/757/722 496/758/723
f 495/733/699 496/758/723 491/734/700
f 491/734/700 496/758/723 492/759/724
f 491/734/700 492/759/724 487/735/701
f 487/735/701 492/759/724 488/760/725
f 487/735/701 488/760/725 483/736/702
f 483/736/702 488/760/725 484/761/726
f 483/736/702 484/761/726 479/737/703
f 479/737/703 484/761/726 480/762/727
f 479/737/703 480/762/727 475/738/704
f 475/738/704 480/762/727 476/763/728
f 475/738/704 476/763/728 471/739/705
f 471/739/705 476/763/728 472/764/729
f 471/739/705 472/764/729 467/740/706
f 467/740/706 472/764/729 468/765/730
f 467/740/706 468/765/730 463/741/707
f 463/741/707 468/765/730 464/766/731
f 463/741/707 464/766/731 459/742/684
f 459/742/684 464/766/731 460/767/708
f 460/743/708 461/671/639 552/744/709
f 552/744/709 461/671/639 553/669/637
f 552/744/709 553/669/637 548/745/710
f 548/745/710 553/669/637 549/717/683
f 548/745/710 549/717/683 544/746/711
f 544/746/711 549/717/683 545/715/681
f 544/746/711 545/715/681 540/747/712
f 540/747/712 545/715/681 541/713/679
f 540/747/712 541/713/679 536/748/713
f 536/748/713 541/713/679 537/711/677
f 536/748/713 537/711/677 532/749/714
f 532/749/714 537/711/677 533/709/675
f 532/749/714 533/709/675 528/750/715
f 528/750/715 533/709/675 529/707/673
f 528/750/715 529/707/673 524/751/716
f 524/751/716 529/707/673 525/705/671
f 524/751/716 525/705/671 520/752/717
f 520/752/717 525/705/671 521/703/669
f 520/752/717 521/703/669 516/753/718
f 516/753/718 521/703/669 517/701/667
f 516/753/718 517/701/667 512/754/719
f 512/754/719 517/701/667 513/699/665
f 512/754/719 513/699/665 508/755/720
f 508/755/720 513/699/665 509/697/663
f 508/755/720 509/697/663 504/756/721
f 504/756/721 509/697/663 505/695/661
f 504/756/721 505/695/661 500/757/722
f 500/757/722 505/695/661 501/693/659
f 500/757/722 501/693/659 496/758/723
f 496/758/723 501/693/659 497/691/657
f 496/758/723 497/691/657 492/759/724
f 492/759/724 497/691/657 493/689/655
f 492/759/724 493/689/655 488/760/725
f 488/760/725 493/689/655 489/687/653
f 488/760/725 489/687/653 484/761/726
f 484/761/726 489/687/653 485/685/651
f 484/761/726 485/685/651 480/762/727
f 480/762/727 485/685/651 481/683/649
f 480/762/727 481/683/649 476/763/728
f 476/763/728 481/683/649 477/681/647
f 476/763/728 477/681/647 472/764/729
f 472/764/729 477/681/647 473/679/645
f 472/764/729 473/679/645 468/765/730
f 468/765/730 473/679/645 469/677/643
f 468/765/730 469/677/643 464/766/731
f 464/766/731 469/677/643 465/675/641
f 464/766/731 465/675/641 460/767/708
f 460/767/708 465/675/641 461/673/639
f 555/768/732 578/769/733 554/770/734
f 557/771/735 578/772/736 556/773/737
f 559/774/738 578/775/739 558/776/740
f 561/777/741 578/778/742 560/779/743
f 563/780/744 578/781/745 562/782/746
f 565/783/747 578/784/748 564/785/749
f 567/786/750 578/787/751 566/788/752
f 569/789/753 578/790/754 568/791/755
f 571/792/756 578/793/757 570/794/758
f 573/795/759 578/796/760 572/797/761
f 575/798/762 578/799/763 574/800/764
f 577/801/765 578/802/766 576/803/767
f 554/804/734 578/805/768 577/801/765
f 570/794/758 578/806/769 569/789/753
f 562/782/746 578/807/770 561/777/741
f 576/803/767 578/808/771 575/798/762
f 574/800/764 578/809/772 573/795/759
f 572/797/761 578/810/773 571/792/756
f 568/791/755 578/811/774 567/786/750
f 566/788/752 578/812/775 565/783/747
f 564/785/749 578/813/776 563/780/744
f 560/779/743 578/814/777 559/774/738
f 558/776/740 578/815/778 557/771/735
f 556/773/737 578/816/779 555/768/732
f 580/817/780 607/818/781 579/819/782
f 579/819/782 607/818/781 603/820/783
f 579/821/782 603/822/783 602/823/784
f 602/823/784 603/822/783 695/824/785
f 602/823/784 695/824/785 601/825/786
f 601/825/786 695/824/785 691/826/787
f 601/825/786 691/826/787 600/827/788
f 600/827/788 691/826/787 687/828/789
f 600/827/788 687/828/789 599/829/790
f 599/829/790 687/828/789 683/830/791
f 599/829/790 683/830/791 598/831/792
f 598/831/792 683/830/791 679/832/793
f 598/831/792 679/832/793 597/833/794
f 597/833/794 679/832/793 675/834/795
f 597/833/794 675/834/795 596/835/796
f 596/835/796 675/834/795 671/836/797
f 596/835/796 671/836/797 595/837/798
f 595/837/798 671/836/797 667/838/799
f 595/837/798 667/838/799 594/839/800
f 594/839/800 667/838/799 663/840/801
f 594/839/800 663/840/801 593/841/802
f 593/841/802 663/840/801 659/842/803
f 593/841/802 659/842/803 592/843/804
f 592/843/804 659/842/803 655/844/805
f 592/843/804 655/844/805 591/845/806
f 591/845/806 655/844/805 651/846/807
f 591/845/806 651/846/807 590/847/808
f 590/847/808 651/846/807 647/848/809
f 590/847/808 647/848/809 589/849/810
f 589/849/810 647/848/809 643/850/811
f 589/849/810 643/850/811 588/851/812
f 588/851/812 643/850/811 639/852/813
f 588/851/812 639/852/813 587/853/814
f 587/853/814 639/852/813 635/854/815
f 587/853/814 635/854/815 586/855/816
f 586/855/816 635/854/815 631/856/817
f 586/855/816 631/856/817 585/857/818
f 585/857/818 631/856/817 627/858/819
f 585/857/818 627/858/819 584/859/820
f 584/859/820 627/858/819 623/860/821
f 584/859/820 623/860/821 583/861/822
f 583/861/822 623/860/821 619/862/823
f 583/861/822 619/862/823 582/863/824
f 582/863/824 619/862/823 615/864/825
f 582/863/824 615/864/825 581/865/826
f 581/865/826 615/864/825 611/866/827
f 581/865/826 611/866/827 580/817/780
f 580/817/780 611/866/827 607/818/781
f 577/867/828 698/868/829 554/869/830
f 554/869/830 698/868/829 606/870/831
f 554/871/830 606/872/831 555/873/832
f 555/873/832 606/872/831 610/874/833
f 555/873/832 610/874/833 556/875/834
f 556/875/834 610/874/833 614/876/835
f 556/875/834 614/876/835 557/877/836
f 557/877/836 614/876/835 618/878/837
f 557/877/836 618/878/837 558/879/838
f 558/879/838 618/878/837 622/880/839
f 558/879/838 622/880/839 559/881/840
f 559/881/840 622/880/839 626/882/841
f 559/881/840 626/882/841 560/883/842
f 560/883/842 626/882/841 630/884/843
f 560/883/842 630/884/843 561/885/844
f 561/885/844 630/884/843 634/886/845
f 561/885/844 634/886/845 562/887/846
f 562/887/846 634/886/845 638/888/847
f 562/887/846 638/888/847 563/889/848
f 563/889/848 638/888/847 642/890/849
f 563/889/848 642/890/849 564/891/850
f 564/891/850 642/890/849 646/892/851
f 564/891/850 646/892/851 565/893/852
f 565/893/852 646/892/851 650/894/853
f 565/893/852 650/894/853 566/895/854
f 566/895/854 650/894/853 654/896/855
f 566/895/854 654/896/855 567/897/856
f 567/897/856 654/896/855 658/898/857
f 567/897/856 658/898/857 568/899/858
f 568/899/858 658/898/857 662/900/859
f 568/899/858 662/900/859 569/901/860
f 569/901/860 662/900/859 666/902/861
f 569/901/860 666/902/861 570/903/862
f 570/903/862 666/902/861 670/904/863
f 570/903/862 670/904/863 571/905/864
f 571/905/864 670/904/863 674/906/865
f 571/905/864 674/906/865 572/907/866
f 572/907/866 674/906/865 678/908/867
f 572/907/866 678/908/867 573/909/868
f 573/909/868 678/908/867 682/910/869
f 573/909/868 682/910/869 574/911/870
f 574/911/870 682/910/869 686/912/871
f 574/911/870 686/912/871 575/913/872
f 575/913/872 686/912/871 690/914/873
f 575/913/872 690/914/873 576/915/874
f 576/915/874 690/914/873 694/916/875
f 576/915/874 694/916/875 577/867/828
f 577/867/828 694/916/875 698/868/829
f 603/822/783 604/917/876 695/824/785
f 695/824/785 604/917/876 696/918/877
f 695/824/785 696/918/877 691/826/787
f 691/826/787 696/918/877 692/919/878
f 691/826/787 692/919/878 687/828/789
f 687/828/789 692/919/878 688/920/879
f 687/828/789 688/920/879 683/830/791
f 683/830/791 688/920/879 684/921/880
f 683/830/791 684/921/880 679/832/793
f 679/832/793 684/921/880 680/922/881
f 679/832/793 680/922/881 675/834/795
f 675/834/795 680/922/881 676/923/882
f 675/834/795 676/923/882 671/836/797
f 671/836/797 676/923/882 672/924/883
f 671/836/797 672/924/883 667/838/799
f 667/838/799 672/924/883 668/925/884
f 667/838/799 668/925/884 663/840/801
f 663/840/801 668/925/884 664/926/885
f 663/840/801 664/926/885 659/842/803
f 659/842/803 664/926/885 660/927/886
f 659/842/803 660/927/886 655/844/805
f 655/844/805 660/927/886 656/928/887
f 655/844/805 656/928/887 651/846/807
f 651/846/807 656/928/887 652/929/888
f 651/846/807 652/929/888 647/848/809
f 647/848/809 652/929/888 648/930/889
f 647/848/809 648/930/889 643/850/811
f 643/850/811 648/930/889 644/931/890
f 643/850/811 644/931/890 639/852/813
f 639/852/813 644/931/890 640/932/891
f 639/852/813 640/932/891 635/854/815
f 635/854/815 640/932/891 636/933/892
f 635/854/815 636/933/892 631/856/817
f 631/856/817 636/933/892 632/934/893
f 631/856/817 632/934/893 627/858/819
f 627/858/819 632/934/893 628/935/894
f 627/858/819 628/935/894 623/860/821
f 623/860/821 628/935/894 624/936/895
f 623/860/821 624/936/895 619/862/823
f 619/862/823 624/936/895 620/937/896
f 619/862/823 620/937/896 615/864/825
f 615/864/825 620/937/896 616/938/897
f 615/864/825 616/938/897 611/866/827
f 611/866/827 616/938/897 612/939/898
f 611/866/827 612/939/898 607/818/781
f 607/818/781 612/939/898 608/940/899
f 607/818/781 608/940/899 603/820/783
f 603/820/783 608/940/899 604/941/876
f 604/917/876 605/942/900 696/918/877
f 696/918/877 605/942/900 697/943/901
f 696/918/877 697/943/901 692/919/878
f 692/919/878 697/943/901 693/944/902
f 692/919/878 693/944/902 688/920/879
f 688/920/879 693/944/902 689/945/903
f 688/920/879 689/945/903 684/921/880
f 684/921/880 689/945/903 685/946/904
f 684/921/880 685/946/904 680/922/881
f 680/922/881 685/946/904 681/947/905
f 680/922/881 681/947/905 676/923/882
f 676/923/882 681/947/905 677/948/906
f 676/923/882 677/948/906 672/924/883
f 672/924/883 677/948/906 673/949/907
f 672/924/883 673/949/907 668/925/884
f 668/925/884 673/949/907 669/950/908
f 668/925/884 669/950/908 664/926/885
f 664/926/885 669/950/908 665/951/909
f 664/926/885 665/951/909 660/927/886
f 660/927/886 665/951/909 661/952/910
f 660/927/886 661/952/910 656/928/887
f 656/928/887 661/952/910 657/953/911
f 656/928/887 657/953/911 652/929/888
f 652/929/888 657/953/911 653/954/912
f 652/929/888 653/954/912 648/930/889
f 648/930/889 653/954/912 649/955/913
f 648/930/889 649/955/913 644/931/890
f 644/931/890 649/955/913 645/956/914
f 644/931/890 645/956/914 640/932/891
f 640/932/891 645/956/914 641/957/915
f 640/932/891 641/957/915 636/933/892
f 636/933/892 641/957/915 637/958/916
f 636/933/892 637/958/916 632/934/893
f 632/934/893 637/958/916 633/959/917
f 632/934/893 633/959/917 628/935/894
f 628/935/894 633/959/917 629/960/918
f 628/935/894 629/960/918 624/936/895
f 624/936/895 629/960/918 625/961/919
f 624/936/895 625/961/919 620/937/896
f 620/937/896 625/961/919 621/962/920
f 620/937/896 621/962/920 616/938/897
f 616/938/897 621/962/920 617/963/921
f 616/938/897 617/963/921 612/939/898
f 612/939/898 617/963/921 613/964/922
f 612/939/898 613/964/922 608/940/899
f 608/940/899 613/964/922 609/965/923
f 608/940/899 609/965/923 604/941/876
f 604/941/876 609/965/923 605/966/900
f 605/942/900 606/870/831 697/943/901
f 697/943/901 606/870/831 698/868/829
f 697/943/901 698/868/829 693/944/902
f 693/944/902 698/868/829 694/916/875
f 693/944/902 694/916/875 689/945/903
f 689/945/903 694/916/875 690/914/873
f 689/945/903 690/914/873 685/946/904
f 685/946/904 690/914/873 686/912/871
f 685/946/904 686/912/871 681/947/905
f 681/947/905 686/912/871 682/910/869
f 681/947/905 682/910/869 677/948/906
f 677/948/906 682/910/869 678/908/867
f 677/948/906 678/908/867 673/949/907
f 673/949/907 678/908/867 674/906/865
f 673/949/907 674/906/865 669/950/908
f 669/950/908 674/906/865 670/904/863
f 669/950/908 670/904/863 665/951/909
f 665/951/909 670/904/863 666/902/861
f 665/951/909 666/902/861 661/952/910
f 661/952/910 666/902/861 662/900/859
f 661/952/910 662/900/859 657/953/911
f 657/953/911 662/900/859 658/898/857
f 657/953/911 658/898/857 653/954/912
f 653/954/912 658/898/857 654/896/855
f 653/954/912 654/896/855 649/955/913
f 649/955/913 654/896/855 650/894/853
f 649/955/913 650/894/853 645/956/914
f 645/956/914 650/894/853 646/892/851
f 645/956/914 646/892/851 641/957/915
f 641/957/915 646/892/851 642/890/849
f 641/957/915 642/890/849 637/958/916
f 637/958/916 642/890/849 638/888/847
f 637/958/916 638/888/847 633/959/917
f 633/959/917 638/888/847 634/886/845
f 633/959/917 634/886/845 629/960/918
f 629/960/918 634/886/845 630/884/843
f 629/960/918 630/884/843 625/961/919
f 625/961/919 630/884/843 626/882/841
f 625/961/919 626/882/841 621/962/920
f 621/962/920 626/882/841 622/880/839
f 621/962/920 622/880/839 617/963/921
f 617/963/921 622/880/839 618/878/837
f 617/963/921 618/878/837 613/964/922
f 613/964/922 618/878/837 614/876/835
f 613/964/922 614/876/835 609/965/923
f 609/965/923 614/876/835 610/874/833
f 609/965/923 610/874/833 605/966/900
f 605/966/900 610/874/833 606/872/831
f 704/967/924 699/968/925 703/969/926
f 703/969/926 699/968/925 700/970/927
f 703/969/926 700/970/927 702/971/928
f 702/971/928 700/970/927 701/972/929
f 704/973/930 705/974/931 699/975/932
f 699/975/932 705/974/931 706/976/933
f 702/977/934 707/978/935 703/979/936
f 703/979/936 707/978/935 708/980/937
f 703/979/936 708/980/937 704/981/938
f 704/981/938 708/980/937 705/982/939
f 701/983/940 709/984/941 702/985/942
f 702/985/942 709/984/941 707/986/943
f 699/987/944 706/988/945 700/989/946
f 700/989/946 706/988/945 710/990/947
f 700/989/946 710/990/947 701/991/948
f 701/991/948 710/990/947 709/992/949
f 145/993/950 144/994/951 707/995/952
f 707/995/952 144/994/951 167/996/953
f 707/995/952 167/996/953 118/997/954
f 118/997/954 167/996/953 166/998/955
f 118/997/954 166/998/955 165/999/956
f 165/999/956 164/1000/957 118/997/954
f 118/997/954 164/1000/957 115/1001/958
f 115/1001/958 164/1000/957 163/1002/959
f 115/1001/958 163/1002/959 162/1003/960
f 162/1003/960 161/1004/961 115/1001/958
f 115/1001/958 161/1004/961 160/1005/962
f 115/1001/958 160/1005/962 159/1006/963
f 159/1006/963 158/1007/964 115/1001/958
f 115/1001/958 158/1007/964 157/1008/965
f 115/1001/958 157/1008/965 156/1009/966
f 156/1009/966 155/1010/967 115/1001/958
f 115/1001/958 155/1010/967 154/1011/968
f 115/1001/958 154/1011/968 303/1012/969
f 303/1012/969 154/1011/968 304/1013/970
f 304/1013/970 154/1011/968 153/1014/971
f 304/1013/970 153/1014/971 305/1015/972
f 305/1015/972 153/1014/971 152/1016/973
f 305/1015/972 152/1016/973 709/1017/974
f 709/1017/974 152/1016/973 151/1018/975
f 709/1017/974 151/1018/975 707/995/952
f 707/995/952 151/1018/975 150/1019/976
f 707/995/952 150/1019/976 149/1020/977
f 149/1020/977 148/1021/978 707/995/952
f 707/995/952 148/1021/978 147/1022/979
f 707/995/952 147/1022/979 146/1023/980
f 146/1023/980 145/993/950 707/995/952
f 290/1024/981 289/1025/982 709/1017/974
f 709/1017/974 289/1025/982 312/1026/983
f 709/1017/974 312/1026/983 311/1027/984
f 311/1027/984 310/1028/985 709/1017/974
f 709/1017/974 310/1028/985 309/1029/986
f 709/1017/974 309/1029/986 308/1030/987
f 308/1030/987 307/1031/988 709/1017/974
f 709/1017/974 307/1031/988 306/1032/989
f 709/1017/974 306/1032/989 305/1015/972
f 115/1001/958 303/1012/969 116/1033/990
f 116/1033/990 303/1012/969 302/1034/991
f 116/1033/990 302/1034/991 301/1035/992
f 301/1035/992 300/1036/993 116/1033/990
f 116/1033/990 300/1036/993 299/1037/994
f 116/1033/990 299/1037/994 298/1038/995
f 298/1038/995 297/1039/996 116/1033/990
f 116/1033/990 297/1039/996 296/1040/997
f 116/1033/990 296/1040/997 295/1041/998
f 295/1041/998 294/1042/999 116/1033/990
f 116/1033/990 294/1042/999 293/1043/1000
f 116/1033/990 293/1043/1000 712/1044/1001
f 712/1044/1001 293/1043/1000 292/1045/1002
f 712/1044/1001 292/1045/1002 291/1046/1003
f 291/1046/1003 290/1024/981 712/1044/1001
f 712/1044/1001 290/1024/981 709/1017/974
f 712/1044/1001 709/1017/974 710/1047/1004
f 435/1048/1005 434/1049/1006 711/1050/1007
f 711/1050/1007 434/1049/1006 457/1051/1008
f 711/1050/1007 457/1051/1008 456/1052/1009
f 455/1053/1010 582/1054/1011 456/1052/1009
f 456/1052/1009 582/1054/1011 581/1055/1012
f 456/1052/1009 581/1055/1012 711/1050/1007
f 711/1050/1007 581/1055/1012 117/1056/1013
f 117/1056/1013 581/1055/1012 580/1057/1014
f 117/1056/1013 580/1057/1014 579/1058/1015
f 582/1054/1011 455/1053/1010 583/1059/1016
f 583/1059/1016 455/1053/1010 454/1060/1017
f 583/1059/1016 454/1060/1017 705/1061/1018
f 705/1061/1018 454/1060/1017 453/1062/1019
f 705/1061/1018 453/1062/1019 706/1063/1020
f 706/1063/1020 453/1062/1019 452/1064/1021
f 706/1063/1020 452/1064/1021 451/1065/1022
f 451/1065/1022 450/1066/1023 706/1063/1020
f 706/1063/1020 450/1066/1023 449/1067/1024
f 706/1063/1020 449/1067/1024 448/1068/1025
f 448/1068/1025 447/1069/1026 706/1063/1020
f 706/1063/1020 447/1069/1026 446/1070/1027
f 706/1063/1020 446/1070/1027 445/1071/1028
f 445/1071/1028 444/1072/1029 706/1063/1020
f 706/1063/1020 444/1072/1029 712/1044/1001
f 706/1063/1020 712/1044/1001 710/1047/1004
f 444/1072/1029 443/1073/1030 712/1044/1001
f 712/1044/1001 443/1073/1030 442/1074/1031
f 712/1044/1001 442/1074/1031 711/1050/1007
f 711/1050/1007 442/1074/1031 441/1075/1032
f 711/1050/1007 441/1075/1032 440/1076/1033
f 440/1076/1033 439/1077/1034 711/1050/1007
f 711/1050/1007 439/1077/1034 438/1078/1035
f 711/1050/1007 438/1078/1035 437/1079/1036
f 437/1079/1036 436/1080/1037 711/1050/1007
f 711/1050/1007 436/1080/1037 435/1048/1005
f 579/1058/1015 602/1081/1038 117/1056/1013
f 117/1056/1013 602/1081/1038 601/1082/1039
f 117/1056/1013 601/1082/1039 600/1083/1040
f 600/1083/1040 599/1084/1041 117/1056/1013
f 117/1056/1013 599/1084/1041 598/1085/1042
f 117/1056/1013 598/1085/1042 597/1086/1043
f 597/1086/1043 596/1087/1044 117/1056/1013
f 117/1056/1013 596/1087/1044 595/1088/1045
f 117/1056/1013 595/1088/1045 118/997/954
f 118/997/954 595/1088/1045 594/1089/1046
f 118/997/954 594/1089/1046 593/1090/1047
f 118/997/954 593/1090/1047 705/1061/1018
f 705/1061/1018 593/1090/1047 592/1091/1048
f 705/1061/1018 592/1091/1048 591/1092/1049
f 591/1092/1049 590/1093/1050 705/1061/1018
f 705/1061/1018 590/1093/1050 589/1094/1051
f 705/1061/1018 589/1094/1051 588/1095/1052
f 588/1095/1052 587/1096/1053 705/1061/1018
f 705/1061/1018 587/1096/1053 586/1097/1054
f 705/1061/1018 586/1097/1054 585/1098/1055
f 585/1098/1055 584/1099/1056 705/1061/1018
f 705/1061/1018 584/1099/1056 583/1059/1016
f 705/1061/1018 708/1100/1057 118/997/954
f 118/997/954 708/1100/1057 707/995/952
f 52/1101/73 711/1102/1058 12/1103/57
f 12/1103/57 711/1102/1058 117/1104/1059
f 711/1105/1060 52/1106/91 712/1107/1061
f 712/1107/1061 52/1106/91 79/1108/92
f 712/1107/1061 79/1108/92 116/1109/1062
f 116/1109/1062 79/1108/92 78/1110/113
g Körper2

v -9.550000 -2.800000 -0.017260
v -5.250000 -2.800000 -0.017260
v -5.250000 -2.800000 0.682740
v -9.550000 -2.800000 0.682740
v -9.550000 -6.000000 -0.017260
v -9.550000 -6.000000 0.682740
v -5.250000 -6.000000 -0.017260
v -5.250000 -6.000000 0.682740
v -2.866077 -2.105970 -0.017260
v -2.845632 -1.950678 -0.017260
v -2.785692 -1.805970 -0.017260
v -2.690341 -1.681706 -0.017260
v -2.566077 -1.586355 -0.017260
v -2.421368 -1.526414 -0.017260
v -2.266077 -1.505970 -0.017260
v -2.110785 -1.526414 -0.017260
v -1.966077 -1.586355 -0.017260
v -1.841813 -1.681706 -0.017260
v -1.746462 -1.805970 -0.017260
v -1.686521 -1.950678 -0.017260
v -1.666077 -2.105970 -0.017260
v -1.686521 -2.261261 -0.017260
v -1.746462 -2.405970 -0.017260
v -1.841813 -2.530234 -0.017260
v -1.966077 -2.625585 -0.017260
v -2.110785 -2.685525 -0.017260
v -2.266077 -2.705970 -0.017260
v -2.421368 -2.685525 -0.017260
v -2.566077 -2.625585 -0.017260
v -2.690341 -2.530234 -0.017260
v -2.785692 -2.405970 -0.017260
v -2.845632 -2.261261 -0.017260
v -1.666077 -2.105970 0.682740
v -1.686521 -1.950678 0.682740
v -1.746462 -1.805970 0.682740
v -1.841813 -1.681706 0.682740
v -1.966077 -1.586355 0.682740
v -2.110785 -1.526414 0.682740
v -2.266077 -1.505970 0.682740
v -2.421368 -1.526414 0.682740
v -2.566077 -1.586355 0.682740
v -2.690341 -1.681706 0.682740
v -2.785692 -1.805970 0.682740
v -2.845632 -1.950678 0.682740
v -2.866077 -2.105970 0.682740
v -2.845632 -2.261261 0.682740
v -2.785692 -2.405970 0.682740
v -2.690341 -2.530234 0.682740
v -2.566077 -2.625585 0.682740
v -2.421368 -2.685525 0.682740
v -2.266077 -2.705970 0.682740
v -2.110785 -2.685525 0.682740
v -1.966077 -2.625585 0.682740
v -1.841813 -2.530234 0.682740
v -1.746462 -2.405970 0.682740
v -1.686521 -2.261261 0.682740
v -4.021990 -3.256502 -0.017260
v -4.001545 -3.101210 -0.017260
v -3.941605 -2.956502 -0.017260
v -3.846254 -2.832238 -0.017260
v -3.721990 -2.736886 -0.017260
v -3.577281 -2.676946 -0.017260
v -3.421990 -2.656502 -0.017260
v -3.266698 -2.676946 -0.017260
v -3.121990 -2.736886 -0.017260
v -2.997726 -2.832238 -0.017260
v -2.902374 -2.956502 -0.017260
v -2.842434 -3.101210 -0.017260
v -2.821990 -3.256502 -0.017260
v -2.842434 -3.411793 -0.017260
v -2.902374 -3.556502 -0.017260
v -2.997726 -3.680766 -0.017260
v -3.121990 -3.776117 -0.017260
v -3.266698 -3.836057 -0.017260
v -3.421990 -3.856502 -0.017260
v -3.577281 -3.836057 -0.017260
v -3.721990 -3.776117 -0.017260
v -3.846254 -3.680766 -0.017260
v -3.941605 -3.556502 -0.017260
v -4.001545 -3.411793 -0.017260
v -2.821990 -3.256502 0.682740
v -2.842434 -3.101210 0.682740
v -2.902374 -2.956502 0.682740
v -2.997726 -2.832238 0.682740
v -3.121990 -2.736886 0.682740
v -3.266698 -2.676946 0.682740
v -3.421990 -2.656502 0.682740
v -3.577281 -2.676946 0.682740
v -3.721990 -2.736886 0.682740
v -3.846254 -2.832238 0.682740
v -3.941605 -2.956502 0.682740
v -4.001545 -3.101210 0.682740
v -4.021990 -3.256502 0.682740
v -4.001545 -3.411793 0.682740
v -3.941605 -3.556502 0.682740
v -3.846254 -3.680766 0.682740
v -3.721990 -3.776117 0.682740
v -3.577281 -3.836057 0.682740
v -3.421990 -3.856502 0.682740
v -3.266698 -3.836057 0.682740
v -3.121990 -3.776117 0.682740
v -2.997726 -3.680766 0.682740
v -2.902374 -3.556502 0.682740
v -2.842434 -3.411793 0.682740
v -5.165046 -2.101737 -0.017260
v -5.144602 -1.946445 -0.017260
v -5.084662 -1.801737 -0.017260
v -4.989311 -1.677473 -0.017260
v -4.865046 -1.582122 -0.017260
v -4.720338 -1.522181 -0.017260
v -4.565046 -1.501737 -0.017260
v -4.409755 -1.522181 -0.017260
v -4.265046 -1.582122 -0.017260
v -4.140782 -1.677473 -0.017260
v -4.045431 -1.801737 -0.017260
v -3.985491 -1.946445 -0.017260
v -3.965046 -2.101737 -0.017260
v -3.985491 -2.257028 -0.017260
v -4.045431 -2.401737 -0.017260
v -4.140782 -2.526001 -0.017260
v -4.265046 -2.621352 -0.017260
v -4.409755 -2.681292 -0.017260
v -4.565046 -2.701737 -0.017260
v -4.720338 -2.681292 -0.017260
v -4.865046 -2.621352 -0.017260
v -4.989311 -2.526001 -0.017260
v -5.084662 -2.401737 -0.017260
v -5.144602 -2.257028 -0.017260
v -3.965046 -2.101737 0.682740
v -3.985491 -1.946445 0.682740
v -4.045431 -1.801737 0.682740
v -4.140782 -1.677473 0.682740
v -4.265046 -1.582122 0.682740
v -4.409755 -1.522181 0.682740
v -4.565046 -1.501737 0.682740
v -4.720338 -1.522181 0.682740
v -4.865046 -1.582122 0.682740
v -4.989311 -1.677473 0.682740
v -5.084662 -1.801737 0.682740
v -5.144602 -1.946445 0.682740
v -5.165046 -2.101737 0.682740
v -5.144602 -2.257028 0.682740
v -5.084662 -2.401737 0.682740
v -4.989311 -2.526001 0.682740
v -4.865046 -2.621352 0.682740
v -4.720338 -2.681292 0.682740
v -4.565046 -2.701737 0.682740
v -4.409755 -2.681292 0.682740
v -4.265046 -2.621352 0.682740
v -4.140782 -2.526001 0.682740
v -4.045431 -2.401737 0.682740
v -3.985491 -2.257028 0.682740
v -4.023201 -0.956053 -0.017260
v -4.002757 -0.800762 -0.017260
v -3.942817 -0.656053 -0.017260
v -3.847465 -0.531789 -0.017260
v -3.723201 -0.436438 -0.017260
v -3.578493 -0.376498 -0.017260
v -3.423201 -0.356053 -0.017260
v -3.267910 -0.376498 -0.017260
v -3.123201 -0.436438 -0.017260
v -2.998937 -0.531789 -0.017260
v -2.903586 -0.656053 -0.017260
v -2.843646 -0.800762 -0.017260
v -2.823201 -0.956053 -0.017260
v -2.843646 -1.111345 -0.017260
v -2.903586 -1.256053 -0.017260
v -2.998937 -1.380317 -0.017260
v -3.123201 -1.475668 -0.017260
v -3.267910 -1.535609 -0.017260
v -3.423201 -1.556053 -0.017260
v -3.578493 -1.535609 -0.017260
v -3.723201 -1.475668 -0.017260
v -3.847465 -1.380317 -0.017260
v -3.942817 -1.256053 -0.017260
v -4.002757 -1.111345 -0.017260
v -2.823201 -0.956053 0.682740
v -2.843646 -0.800762 0.682740
v -2.903586 -0.656053 0.682740
v -2.998937 -0.531789 0.682740
v -3.123201 -0.436438 0.682740
v -3.267910 -0.376498 0.682740
v -3.423201 -0.356053 0.682740
v -3.578493 -0.376498 0.682740
v -3.723201 -0.436438 0.682740
v -3.847465 -0.531789 0.682740
v -3.942817 -0.656053 0.682740
v -4.002757 -0.800762 0.682740
v -4.023201 -0.956053 0.682740
v -4.002757 -1.111345 0.682740
v -3.942817 -1.256053 0.682740
v -3.847465 -1.380317 0.682740
v -3.723201 -1.475668 0.682740
v -3.578493 -1.535609 0.682740
v -3.423201 -1.556053 0.682740
v -3.267910 -1.535609 0.682740
v -3.123201 -1.475668 0.682740
v -2.998937 -1.380317 0.682740
v -2.903586 -1.256053 0.682740
v -2.843646 -1.111345 0.682740
v -13.165885 -2.100419 -0.017260
v -13.145440 -1.945127 -0.017260
v -13.085500 -1.800419 -0.017260
v -12.990149 -1.676155 -0.017260
v -12.865885 -1.580804 -0.017260
v -12.721176 -1.520863 -0.017260
v -12.565885 -1.500419 -0.017260
v -12.410593 -1.520863 -0.017260
v -12.265885 -1.580804 -0.017260
v -12.141621 -1.676155 -0.017260
v -12.046269 -1.800419 -0.017260
v -11.986329 -1.945127 -0.017260
v -11.965885 -2.100419 -0.017260
v -11.986329 -2.255710 -0.017260
v -12.046269 -2.400419 -0.017260
v -12.141621 -2.524683 -0.017260
v -12.265885 -2.620034 -0.017260
v -12.410593 -2.679974 -0.017260
v -12.565885 -2.700419 -0.017260
v -12.721176 -2.679974 -0.017260
v -12.865885 -2.620034 -0.017260
v -12.990149 -2.524683 -0.017260
v -13.085500 -2.400419 -0.017260
v -13.145440 -2.255710 -0.017260
v -11.965885 -2.100419 0.682740
v -11.986329 -1.945127 0.682740
v -12.046269 -1.800419 0.682740
v -12.141621 -1.676155 0.682740
v -12.265885 -1.580804 0.682740
v -12.410593 -1.520863 0.682740
v -12.565885 -1.500419 0.682740
v -12.721176 -1.520863 0.682740
v -12.865885 -1.580804 0.682740
v -12.990149 -1.676155 0.682740
v -13.085500 -1.800419 0.682740
v -13.145440 -1.945127 0.682740
v -13.165885 -2.100419 0.682740
v -13.145440 -2.255710 0.682740
v -13.085500 -2.400419 0.682740
v -12.990149 -2.524683 0.682740
v -12.865885 -2.620034 0.682740
v -12.721176 -2.679974 0.682740
v -12.565885 -2.700419 0.682740
v -12.410593 -2.679974 0.682740
v -12.265885 -2.620034 0.682740
v -12.141621 -2.524683 0.682740
v -12.046269 -2.400419 0.682740
v -11.986329 -2.255710 0.682740
v -12.022898 -3.255460 -0.017260
v -12.002453 -3.100168 -0.017260
v -11.942513 -2.955460 -0.017260
v -11.847162 -2.831196 -0.017260
v -11.722898 -2.735845 -0.017260
v -11.578189 -2.675904 -0.017260
v -11.422898 -2.655460 -0.017260
v -11.267606 -2.675904 -0.017260
v -11.122898 -2.735845 -0.017260
v -10.998634 -2.831196 -0.017260
v -10.903282 -2.955460 -0.017260
v -10.843342 -3.100168 -0.017260
v -10.822898 -3.255460 -0.017260
v -10.843342 -3.410751 -0.017260
v -10.903282 -3.555460 -0.017260
v -10.998634 -3.679724 -0.017260
v -11.122898 -3.775075 -0.017260
v -11.267606 -3.835015 -0.017260
v -11.422898 -3.855460 -0.017260
v -11.578189 -3.835015 -0.017260
v -11.722898 -3.775075 -0.017260
v -11.847162 -3.679724 -0.017260
v -11.942513 -3.555460 -0.017260
v -12.002453 -3.410751 -0.017260
v -10.822898 -3.255460 0.682740
v -10.843342 -3.100168 0.682740
v -10.903282 -2.955460 0.682740
v -10.998634 -2.831196 0.682740
v -11.122898 -2.735845 0.682740
v -11.267606 -2.675904 0.682740
v -11.422898 -2.655460 0.682740
v -11.578189 -2.675904 0.682740
v -11.722898 -2.735845 0.682740
v -11.847162 -2.831196 0.682740
v -11.942513 -2.955460 0.682740
v -12.002453 -3.100168 0.682740
v -12.022898 -3.255460 0.682740
v -12.002453 -3.410751 0.682740
v -11.942513 -3.555460 0.682740
v -11.847162 -3.679724 0.682740
v -11.722898 -3.775075 0.682740
v -11.578189 -3.835015 0.682740
v -11.422898 -3.855460 0.682740
v -11.267606 -3.835015 0.682740
v -11.122898 -3.775075 0.682740
v -10.998634 -3.679724 0.682740
v -10.903282 -3.555460 0.682740
v -10.843342 -3.410751 0.682740
v -10.867100 -2.107094 -0.017260
v -10.846655 -1.951803 -0.017260
v -10.786715 -1.807094 -0.017260
v -10.691364 -1.682830 -0.017260
v -10.567100 -1.587479 -0.017260
v -10.422391 -1.527539 -0.017260
v -10.267100 -1.507094 -0.017260
v -10.111808 -1.527539 -0.017260
v -9.967100 -1.587479 -0.017260
v -9.842836 -1.682830 -0.017260
v -9.747485 -1.807094 -0.017260
v -9.687544 -1.951803 -0.017260
v -9.667100 -2.107094 -0.017260
v -9.687544 -2.262386 -0.017260
v -9.747485 -2.407094 -0.017260
v -9.842836 -2.531359 -0.017260
v -9.967100 -2.626710 -0.017260
v -10.111808 -2.686650 -0.017260
v -10.267100 -2.707094 -0.017260
v -10.422391 -2.686650 -0.017260
v -10.567100 -2.626710 -0.017260
v -10.691364 -2.531359 -0.017260
v -10.786715 -2.407094 -0.017260
v -10.846655 -2.262386 -0.017260
v -9.667100 -2.107094 0.682740
v -9.687544 -1.951803 0.682740
v -9.747485 -1.807094 0.682740
v -9.842836 -1.682830 0.682740
v -9.967100 -1.587479 0.682740
v -10.111808 -1.527539 0.682740
v -10.267100 -1.507094 0.682740
v -10.422391 -1.527539 0.682740
v -10.567100 -1.587479 0.682740
v -10.691364 -1.682830 0.682740
v -10.786715 -1.807094 0.682740
v -10.846655 -1.951803 0.682740
v -10.867100 -2.107094 0.682740
v -10.846655 -2.262386 0.682740
v -10.786715 -2.407094 0.682740
v -10.691364 -2.531359 0.682740
v -10.567100 -2.626710 0.682740
v -10.422391 -2.686650 0.682740
v -10.267100 -2.707094 0.682740
v -10.111808 -2.686650 0.682740
v -9.967100 -2.626710 0.682740
v -9.842836 -2.531359 0.682740
v -9.747485 -2.407094 0.682740
v -9.687544 -2.262386 0.682740
v -12.023150 -0.956001 -0.017260
v -12.002705 -0.800710 -0.017260
v -11.942765 -0.656001 -0.017260
v -11.847414 -0.531737 -0.017260
v -11.723150 -0.436386 -0.017260
v -11.578441 -0.376446 -0.017260
v -11.423150 -0.356001 -0.017260
v -11.267858 -0.376446 -0.017260
v -11.123150 -0.436386 -0.017260
v -10.998886 -0.531737 -0.017260
v -10.903534 -0.656001 -0.017260
v -10.843594 -0.800710 -0.017260
v -10.823150 -0.956001 -0.017260
v -10.843594 -1.111293 -0.017260
v -10.903534 -1.256001 -0.017260
v -10.998886 -1.380265 -0.017260
v -11.123150 -1.475616 -0.017260
v -11.267858 -1.535557 -0.017260
v -11.423150 -1.556001 -0.017260
v -11.578441 -1.535557 -0.017260
v -11.723150 -1.475616 -0.017260
v -11.847414 -1.380265 -0.017260
v -11.942765 -1.256001 -0.017260
v -12.002705 -1.111293 -0.017260
v -10.823150 -0.956001 0.682740
v -10.843594 -0.800710 0.682740
v -10.903534 -0.656001 0.682740
v -10.998886 -0.531737 0.682740
v -11.123150 -0.436386 0.682740
v -11.267858 -0.376446 0.682740
v -11.423150 -0.356001 0.682740
v -11.578441 -0.376446 0.682740
v -11.723150 -0.436386 0.682740
v -11.847414 -0.531737 0.682740
v -11.942765 -0.656001 0.682740
v -12.002705 -0.800710 0.682740
v -12.023150 -0.956001 0.682740
v -12.002705 -1.111293 0.682740
v -11.942765 -1.256001 0.682740
v -11.847414 -1.380265 0.682740
v -11.723150 -1.475616 0.682740
v -11.578441 -1.535557 0.682740
v -11.423150 -1.556001 0.682740
v -11.267858 -1.535557 0.682740
v -11.123150 -1.475616 0.682740
v -10.998886 -1.380265 0.682740
v -10.903534 -1.256001 0.682740
v -10.843594 -1.111293 0.682740
v -0.941952 2.101053 0.682740
v -0.949448 2.157993 0.682740
v -0.971426 2.211053 0.682740
v -1.006388 2.256617 0.682740
v -1.051952 2.291579 0.682740
v -1.105011 2.313557 0.682740
v -1.161952 2.321053 0.682740
v -1.218892 2.313557 0.682740
v -1.271952 2.291579 0.682740
v -1.317515 2.256617 0.682740
v -1.352477 2.211053 0.682740
v -1.374455 2.157993 0.682740
v -1.381952 2.101053 0.682740
v -1.374455 2.044113 0.682740
v -1.352477 1.991053 0.682740
v -1.317515 1.945490 0.682740
v -1.271952 1.910528 0.682740
v -1.218892 1.888549 0.682740
v -1.161952 1.881053 0.682740
v -1.105011 1.888549 0.682740
v -1.051952 1.910528 0.682740
v -1.006388 1.945490 0.682740
v -0.971426 1.991053 0.682740
v -0.949448 2.044113 0.682740
v -1.041952 2.101053 0.582740
v -1.046041 2.069995 0.582740
v -1.058029 2.041053 0.582740
v -1.077099 2.016200 0.582740
v -1.101952 1.997130 0.582740
v -1.130893 1.985142 0.582740
v -1.161952 1.981053 0.582740
v -1.193010 1.985142 0.582740
v -1.221952 1.997130 0.582740
v -1.246804 2.016200 0.582740
v -1.265875 2.041053 0.582740
v -1.277863 2.069995 0.582740
v -1.281952 2.101053 0.582740
v -1.277863 2.132111 0.582740
v -1.265875 2.161053 0.582740
v -1.246804 2.185906 0.582740
v -1.221952 2.204976 0.582740
v -1.193010 2.216964 0.582740
v -1.161952 2.221053 0.582740
v -1.130893 2.216964 0.582740
v -1.101952 2.204976 0.582740
v -1.077099 2.185906 0.582740
v -1.058029 2.161053 0.582740
v -1.046041 2.132111 0.582740
v -1.281952 2.101053 -0.017260
v -1.277863 2.132111 -0.017260
v -1.265875 2.161053 -0.017260
v -1.246804 2.185906 -0.017260
v -1.221952 2.204976 -0.017260
v -1.193010 2.216964 -0.017260
v -1.161952 2.221053 -0.017260
v -1.130893 2.216964 -0.017260
v -1.101952 2.204976 -0.017260
v -1.077099 2.185906 -0.017260
v -1.058029 2.161053 -0.017260
v -1.046041 2.132111 -0.017260
v -1.041952 2.101053 -0.017260
v -1.046041 2.069995 -0.017260
v -1.058029 2.041053 -0.017260
v -1.077099 2.016200 -0.017260
v -1.101952 1.997130 -0.017260
v -1.130893 1.985142 -0.017260
v -1.161952 1.981053 -0.017260
v -1.193010 1.985142 -0.017260
v -1.221952 1.997130 -0.017260
v -1.246804 2.016200 -0.017260
v -1.265875 2.041053 -0.017260
v -1.277863 2.069995 -0.017260
v -0.938990 -6.340857 0.682740
v -0.946487 -6.283916 0.682740
v -0.968465 -6.230857 0.682740
v -1.003427 -6.185293 0.682740
v -1.048990 -6.150331 0.682740
v -1.102050 -6.128353 0.682740
v -1.158990 -6.120857 0.682740
v -1.215931 -6.128353 0.682740
v -1.268990 -6.150331 0.682740
v -1.314554 -6.185293 0.682740
v -1.349516 -6.230857 0.682740
v -1.371494 -6.283916 0.682740
v -1.378990 -6.340857 0.682740
v -1.371494 -6.397797 0.682740
v -1.349516 -6.450857 0.682740
v -1.314554 -6.496420 0.682740
v -1.268990 -6.531382 0.682740
v -1.215931 -6.553360 0.682740
v -1.158990 -6.560857 0.682740
v -1.102050 -6.553360 0.682740
v -1.048990 -6.531382 0.682740
v -1.003427 -6.496420 0.682740
v -0.968465 -6.450857 0.682740
v -0.946487 -6.397797 0.682740
v -1.038990 -6.340857 0.582740
v -1.043079 -6.371915 0.582740
v -1.055067 -6.400857 0.582740
v -1.074138 -6.425709 0.582740
v -1.098990 -6.444780 0.582740
v -1.127932 -6.456768 0.582740
v -1.158990 -6.460857 0.582740
v -1.190049 -6.456768 0.582740
v -1.218990 -6.444780 0.582740
v -1.243843 -6.425709 0.582740
v -1.262913 -6.400857 0.582740
v -1.274902 -6.371915 0.582740
v -1.278990 -6.340857 0.582740
v -1.274902 -6.309798 0.582740
v -1.262913 -6.280857 0.582740
v -1.243843 -6.256004 0.582740
v -1.218990 -6.236934 0.582740
v -1.190049 -6.224945 0.582740
v -1.158990 -6.220857 0.582740
v -1.127932 -6.224945 0.582740
v -1.098990 -6.236934 0.582740
v -1.074138 -6.256004 0.582740
v -1.055067 -6.280857 0.582740
v -1.043079 -6.309798 0.582740
v -1.278990 -6.340857 -0.017260
v -1.274902 -6.309798 -0.017260
v -1.262913 -6.280857 -0.017260
v -1.243843 -6.256004 -0.017260
v -1.218990 -6.236934 -0.017260
v -1.190049 -6.224945 -0.017260
v -1.158990 -6.220857 -0.017260
v -1.127932 -6.224945 -0.017260
v -1.098990 -6.236934 -0.017260
v -1.074138 -6.256004 -0.017260
v -1.055067 -6.280857 -0.017260
v -1.043079 -6.309798 -0.017260
v -1.038990 -6.340857 -0.017260
v -1.043079 -6.371915 -0.017260
v -1.055067 -6.400857 -0.017260
v -1.074138 -6.425709 -0.017260
v -1.098990 -6.444780 -0.017260
v -1.127932 -6.456768 -0.017260
v -1.158990 -6.460857 -0.017260
v -1.190049 -6.456768 -0.017260
v -1.218990 -6.444780 -0.017260
v -1.243843 -6.425709 -0.017260
v -1.262913 -6.400857 -0.017260
v -1.274902 -6.371915 -0.017260
v -13.368042 -6.329983 0.682740
v -13.375538 -6.273043 0.682740
v -13.397516 -6.219983 0.682740
v -13.432478 -6.174420 0.682740
v -13.478042 -6.139458 0.682740
v -13.531102 -6.117479 0.682740
v -13.588042 -6.109983 0.682740
v -13.644982 -6.117479 0.682740
v -13.698042 -6.139458 0.682740
v -13.743605 -6.174420 0.682740
v -13.778567 -6.219983 0.682740
v -13.800545 -6.273043 0.682740
v -13.808042 -6.329983 0.682740
v -13.800545 -6.386923 0.682740
v -13.778567 -6.439983 0.682740
v -13.743605 -6.485547 0.682740
v -13.698042 -6.520509 0.682740
v -13.644982 -6.542487 0.682740
v -13.588042 -6.549983 0.682740
v -13.531102 -6.542487 0.682740
v -13.478042 -6.520509 0.682740
v -13.432478 -6.485547 0.682740
v -13.397516 -6.439983 0.682740
v -13.375538 -6.386923 0.682740
v -13.468042 -6.329983 0.582740
v -13.472131 -6.361041 0.582740
v -13.484119 -6.389983 0.582740
v -13.503189 -6.414836 0.582740
v -13.528042 -6.433906 0.582740
v -13.556983 -6.445894 0.582740
v -13.588042 -6.449983 0.582740
v -13.619100 -6.445894 0.582740
v -13.648042 -6.433906 0.582740
v -13.672895 -6.414836 0.582740
v -13.691965 -6.389983 0.582740
v -13.703953 -6.361041 0.582740
v -13.708042 -6.329983 0.582740
v -13.703953 -6.298925 0.582740
v -13.691965 -6.269983 0.582740
v -13.672895 -6.245130 0.582740
v -13.648042 -6.226060 0.582740
v -13.619100 -6.214072 0.582740
v -13.588042 -6.209983 0.582740
v -13.556983 -6.214072 0.582740
v -13.528042 -6.226060 0.582740
v -13.503189 -6.245130 0.582740
v -13.484119 -6.269983 0.582740
v -13.472131 -6.298925 0.582740
v -13.708042 -6.329983 -0.017260
v -13.703953 -6.298925 -0.017260
v -13.691965 -6.269983 -0.017260
v -13.672895 -6.245130 -0.017260
v -13.648042 -6.226060 -0.017260
v -13.619100 -6.214072 -0.017260
v -13.588042 -6.209983 -0.017260
v -13.556983 -6.214072 -0.017260
v -13.528042 -6.226060 -0.017260
v -13.503189 -6.245130 -0.017260
v -13.484119 -6.269983 -0.017260
v -13.472131 -6.298925 -0.017260
v -13.468042 -6.329983 -0.017260
v -13.472131 -6.361041 -0.017260
v -13.484119 -6.389983 -0.017260
v -13.503189 -6.414836 -0.017260
v -13.528042 -6.433906 -0.017260
v -13.556983 -6.445894 -0.017260
v -13.588042 -6.449983 -0.017260
v -13.619100 -6.445894 -0.017260
v -13.648042 -6.433906 -0.017260
v -13.672895 -6.414836 -0.017260
v -13.691965 -6.389983 -0.017260
v -13.703953 -6.361041 -0.017260
v -13.388435 2.119138 0.682740
v -13.395931 2.176078 0.682740
v -13.417909 2.229138 0.682740
v -13.452871 2.274701 0.682740
v -13.498435 2.309663 0.682740
v -13.551495 2.331641 0.682740
v -13.608435 2.339138 0.682740
v -13.665375 2.331641 0.682740
v -13.718435 2.309663 0.682740
v -13.763998 2.274701 0.682740
v -13.798961 2.229138 0.682740
v -13.820939 2.176078 0.682740
v -13.828435 2.119138 0.682740
v -13.820939 2.062198 0.682740
v -13.798961 2.009138 0.682740
v -13.763998 1.963574 0.682740
v -13.718435 1.928612 0.682740
v -13.665375 1.906634 0.682740
v -13.608435 1.899138 0.682740
v -13.551495 1.906634 0.682740
v -13.498435 1.928612 0.682740
v -13.452871 1.963574 0.682740
v -13.417909 2.009138 0.682740
v -13.395931 2.062198 0.682740
v -13.488435 2.119138 0.582740
v -13.492524 2.088079 0.582740
v -13.504512 2.059138 0.582740
v -13.523582 2.034285 0.582740
v -13.548435 2.015215 0.582740
v -13.577377 2.003227 0.582740
v -13.608435 1.999138 0.582740
v -13.639493 2.003227 0.582740
v -13.668435 2.015215 0.582740
v -13.693288 2.034285 0.582740
v -13.712358 2.059138 0.582740
v -13.724346 2.088079 0.582740
v -13.728435 2.119138 0.582740
v -13.724346 2.150196 0.582740
v -13.712358 2.179138 0.582740
v -13.693288 2.203991 0.582740
v -13.668435 2.223061 0.582740
v -13.639493 2.235049 0.582740
v -13.608435 2.239138 0.582740
v -13.577377 2.235049 0.582740
v -13.548435 2.223061 0.582740
v -13.523582 2.203991 0.582740
v -13.504512 2.179138 0.582740
v -13.492524 2.150196 0.582740
v -13.728435 2.119138 -0.017260
v -13.724346 2.150196 -0.017260
v -13.712358 2.179138 -0.017260
v -13.693288 2.203991 -0.017260
v -13.668435 2.223061 -0.017260
v -13.639493 2.235049 -0.017260
v -13.608435 2.239138 -0.017260
v -13.577377 2.235049 -0.017260
v -13.548435 2.223061 -0.017260
v -13.523582 2.203991 -0.017260
v -13.504512 2.179138 -0.017260
v -13.492524 2.150196 -0.017260
v -13.488435 2.119138 -0.017260
v -13.492524 2.088079 -0.017260
v -13.504512 2.059138 -0.017260
v -13.523582 2.034285 -0.017260
v -13.548435 2.015215 -0.017260
v -13.577377 2.003227 -0.017260
v -13.608435 1.999138 -0.017260
v -13.639493 2.003227 -0.017260
v -13.668435 2.015215 -0.017260
v -13.693288 2.034285 -0.017260
v -13.712358 2.059138 -0.017260
v -13.724346 2.088079 -0.017260
v -13.873225 -6.615734 0.682740
v -7.373225 -6.615734 0.682740
v -0.873225 -6.615734 0.682740
v -0.873225 2.384266 0.682740
v -7.373225 2.384266 0.682740
v -13.873225 2.384266 0.682740
v -0.873225 -6.615734 -0.017260
v -7.373225 -6.615734 -0.017260
v -13.873225 -6.615734 -0.017260
v -13.873225 2.384266 -0.017260
v -7.373225 2.384266 -0.017260
v -0.873225 2.384266 -0.017260
vt -0.000000 0.700000 0.000000
vt -4.300000 0.700000 0.000000
vt -0.000000 0.000000 0.000000
vt -4.300000 0.000000 0.000000
vt -0.000000 0.700000 0.000000
vt -3.200000 0.700000 0.000000
vt -0.000000 0.000000 0.000000
vt -3.200000 0.000000 0.000000
vt -0.000000 0.700000 0.000000
vt -4.300000 0.700000 0.000000
vt 0.000000 0.000000 0.000000
vt -4.300000 0.000000 0.000000
vt -0.000000 0.700000 0.000000
vt -3.200000 0.700000 0.000000
vt 0.000000 0.000000 0.000000
vt -3.200000 0.000000 0.000000
vt -0.800000 -1.727876 0.000000
vt -1.500000 -1.727876 0.000000
vt -0.800000 -1.884956 0.000000
vt -1.500000 -1.884956 0.000000
vt -0.800000 1.884956 0.000000
vt -1.500000 1.884956 0.000000
vt -0.800000 1.727876 0.000000
vt -1.500000 1.727876 0.000000
vt -0.800000 1.570796 0.000000
vt -1.500000 1.570796 0.000000
vt -0.800000 1.413717 0.000000
vt -1.500000 1.413717 0.000000
vt -0.800000 1.256637 0.000000
vt -1.500000 1.256637 0.000000
vt -0.800000 1.099557 0.000000
vt -1.500000 1.099557 0.000000
vt -0.800000 0.942478 0.000000
vt -1.500000 0.942478 0.000000
vt -0.800000 0.785398 0.000000
vt -1.500000 0.785398 0.000000
vt -0.800000 0.628319 0.000000
vt -1.500000 0.628319 0.000000
vt -0.800000 0.471239 0.000000
vt -1.500000 0.471239 0.000000
vt -0.800000 0.314159 0.000000
vt -1.500000 0.314159 0.000000
vt -0.800000 0.157080 0.000000
vt -1.500000 0.157080 0.000000
vt -0.800000 0.000000 0.000000
vt -1.500000 0.000000 0.000000
vt -0.800000 -0.157080 0.000000
vt -1.500000 -0.157080 0.000000
vt -0.800000 -0.314159 0.000000
vt -1.500000 -0.314159 0.000000
vt -0.800000 -0.471239 0.000000
vt -1.500000 -0.471239 0.000000
vt -0.800000 -0.628319 0.000000
vt -1.500000 -0.628319 0.000000
vt -0.800000 -0.785398 0.000000
vt -1.500000 -0.785398 0.000000
vt -0.800000 -0.942478 0.000000
vt -1.500000 -0.942478 0.000000
vt -0.800000 -1.099557 0.000000
vt -1.500000 -1.099557 0.000000
vt -0.800000 -1.256637 0.000000
vt -1.500000 -1.256637 0.000000
vt -0.800000 -1.413717 0.000000
vt -1.500000 -1.413717 0.000000
vt -0.800000 -1.570796 0.000000
vt -1.500000 -1.570796 0.000000
vt -0.800000 -1.727876 0.000000
vt -1.500000 -1.727876 0.000000
vt -0.800000 -1.884956 0.000000
vt -1.500000 -1.884956 0.000000
vt -0.800000 1.884956 0.000000
vt -1.500000 1.884956 0.000000
vt -0.800000 1.727876 0.000000
vt -1.500000 1.727876 0.000000
vt -0.800000 1.570796 0.000000
vt -1.500000 1.570796 0.000000
vt -0.800000 1.413717 0.000000
vt -1.500000 1.413717 0.000000
vt -0.800000 1.256637 0.000000
vt -1.500000 1.256637 0.000000
vt -0.800000 1.099557 0.000000
vt -1.500000 1.099557 0.000000
vt -0.800000 0.942478 0.000000
vt -1.500000 0.942478 0.000000
vt -0.800000 0.785398 0.000000
vt -1.500000 0.785398 0.000000
vt -0.800000 0.628319 0.000000
vt -1.500000 0.628319 0.000000
vt -0.800000 0.471239 0.000000
vt -1.500000 0.471239 0.000000
vt -0.800000 0.314159 0.000000
vt -1.500000 0.314159 0.000000
vt -0.800000 0.157080 0.000000
vt -1.500000 0.157080 0.000000
vt -0.800000 0.000000 0.000000
vt -1.500000 0.000000 0.000000
vt -0.800000 -0.157080 0.000000
vt -1.500000 -0.157080 0.000000
vt -0.800000 -0.314159 0.000000
vt -1.500000 -0.314159 0.000000
vt -0.800000 -0.471239 0.000000
vt -1.500000 -0.471239 0.000000
vt -0.800000 -0.628319 0.000000
vt -1.500000 -0.628319 0.000000
vt -0.800000 -0.785398 0.000000
vt -1.500000 -0.785398 0.000000
vt -0.800000 -0.942478 0.000000
vt -1.500000 -0.942478 0.000000
vt -0.800000 -1.099557 0.000000
vt -1.500000 -1.099557 0.000000
vt -0.800000 -1.256637 0.000000
vt -1.500000 -1.256637 0.000000
vt -0.800000 -1.413717 0.000000
vt -1.500000 -1.413717 0.000000
vt -0.800000 -1.570796 0.000000
vt -1.500000 -1.570796 0.000000
vt -0.800000 -1.727876 0.000000
vt -1.500000 -1.727876 0.000000
vt -0.800000 -1.884956 0.000000
vt -1.500000 -1.884956 0.000000
vt -0.800000 1.884956 0.000000
vt -1.500000 1.884956 0.000000
vt -0.800000 1.727876 0.000000
vt -1.500000 1.727876 0.000000
vt -0.800000 1.570796 0.000000
vt -1.500000 1.570796 0.000000
vt -0.800000 1.413717 0.000000
vt -1.500000 1.413717 0.000000
vt -0.800000 1.256637 0.000000
vt -1.500000 1.256637 0.000000
vt -0.800000 1.099557 0.000000
vt -1.500000 1.099557 0.000000
vt -0.800000 0.942478 0.000000
vt -1.500000 0.942478 0.000000
vt -0.800000 0.785398 0.000000
vt -1.500000 0.785398 0.000000
vt -0.800000 0.628319 0.000000
vt -1.500000 0.628319 0.000000
vt -0.800000 0.471239 0.000000
vt -1.500000 0.471239 0.000000
vt -0.800000 0.314159 0.000000
vt -1.500000 0.314159 0.000000
vt -0.800000 0.157080 0.000000
vt -1.500000 0.157080 0.000000
vt -0.800000 0.000000 0.000000
vt -1.500000 0.000000 0.000000
vt -0.800000 -0.157080 0.000000
vt -1.500000 -0.157080 0.000000
vt -0.800000 -0.314159 0.000000
vt -1.500000 -0.314159 0.000000
vt -0.800000 -0.471239 0.000000
vt -1.500000 -0.471239 0.000000
vt -0.800000 -0.628319 0.000000
vt -1.500000 -0.628319 0.000000
vt -0.800000 -0.785398 0.000000
vt -1.500000 -0.785398 0.000000
vt -0.800000 -0.942478 0.000000
vt -1.500000 -0.942478 0.000000
vt -0.800000 -1.099557 0.000000
vt -1.500000 -1.099557 0.000000
vt -0.800000 -1.256637 0.000000
vt -1.500000 -1.256637 0.000000
vt -0.800000 -1.413717 0.000000
vt -1.500000 -1.413717 0.000000
vt -0.800000 -1.570796 0.000000
vt -1.500000 -1.570796 0.000000
vt -0.800000 -1.727876 0.000000
vt -1.500000 -1.727876 0.000000
vt -0.800000 -1.884956 0.000000
vt -1.500000 -1.884956 0.000000
vt -0.800000 1.884956 0.000000
vt -1.500000 1.884956 0.000000
vt -0.800000 1.727876 0.000000
vt -1.500000 1.727876 0.000000
vt -0.800000 1.570796 0.000000
vt -1.500000 1.570796 0.000000
vt -0.800000 1.413717 0.000000
vt -1.500000 1.413717 0.000000
vt -0.800000 1.256637 0.000000
vt -1.500000 1.256637 0.000000
vt -0.800000 1.099557 0.000000
vt -1.500000 1.099557 0.000000
vt -0.800000 0.942478 0.000000
vt -1.500000 0.942478 0.000000
vt -0.800000 0.785398 0.000000
vt -1.500000 0.785398 0.000000
vt -0.800000 0.628319 0.000000
vt -1.500000 0.628319 0.000000
vt -0.800000 0.471239 0.000000
vt -1.500000 0.471239 0.000000
vt -0.800000 0.314159 0.000000
vt -1.500000 0.314159 0.000000
vt -0.800000 0.157080 0.000000
vt -1.500000 0.157080 0.000000
vt -0.800000 0.000000 0.000000
vt -1.500000 0.000000 0.000000
vt -0.800000 -0.157080 0.000000
vt -1.500000 -0.157080 0.000000
vt -0.800000 -0.314159 0.000000
vt -1.500000 -0.314159 0.000000
vt -0.800000 -0.471239 0.000000
vt -1.500000 -0.471239 0.000000
vt -0.800000 -0.628319 0.000000
vt -1.500000 -0.628319 0.000000
vt -0.800000 -0.785398 0.000000
vt -1.500000 -0.785398 0.000000
vt -0.800000 -0.942478 0.000000
vt -1.500000 -0.942478 0.000000
vt -0.800000 -1.099557 0.000000
vt -1.500000 -1.099557 0.000000
vt -0.800000 -1.256637 0.000000
vt -1.500000 -1.256637 0.000000
vt -0.800000 -1.413717 0.000000
vt -1.500000 -1.413717 0.000000
vt -0.800000 -1.570796 0.000000
vt -1.500000 -1.570796 0.000000
vt -0.800000 -1.727876 0.000000
vt -1.500000 -1.727876 0.000000
vt -0.800000 -1.884956 0.000000
vt -1.500000 -1.884956 0.000000
vt -0.800000 1.884956 0.000000
vt -1.500000 1.884956 0.000000
vt -0.800000 1.727876 0.000000
vt -1.500000 1.727876 0.000000
vt -0.800000 1.570796 0.000000
vt -1.500000 1.570796 0.000000
vt -0.800000 1.413717 0.000000
vt -1.500000 1.413717 0.000000
vt -0.800000 1.256637 0.000000
vt -1.500000 1.256637 0.000000
vt -0.800000 1.099557 0.000000
vt -1.500000 1.099557 0.000000
vt -0.800000 0.942478 0.000000
vt -1.500000 0.942478 0.000000
vt -0.800000 0.785398 0.000000
vt -1.500000 0.785398 0.000000
vt -0.800000 0.628319 0.000000
vt -1.500000 0.628319 0.000000
vt -0.800000 0.471239 0.000000
vt -1.500000 0.471239 0.000000
vt -0.800000 0.314159 0.000000
vt -1.500000 0.314159 0.000000
vt -0.800000 0.157080 0.000000
vt -1.500000 0.157080 0.000000
vt -0.800000 0.000000 0.000000
vt -1.500000 0.000000 0.000000
vt -0.800000 -0.157080 0.000000
vt -1.500000 -0.157080 0.000000
vt -0.800000 -0.314159 0.000000
vt -1.500000 -0.314159 0.000000
vt -0.800000 -0.471239 0.000000
vt -1.500000 -0.471239 0.000000
vt -0.800000 -0.628319 0.000000
vt -1.500000 -0.628319 0.000000
vt -0.800000 -0.785398 0.000000
vt -1.500000 -0.785398 0.000000
vt -0.800000 -0.942478 0.000000
vt -1.500000 -0.942478 0.000000
vt -0.800000 -1.099557 0.000000
vt -1.500000 -1.099557 0.000000
vt -0.800000 -1.256637 0.000000
vt -1.500000 -1.256637 0.000000
vt -0.800000 -1.413717 0.000000
vt -1.500000 -1.413717 0.000000
vt -0.800000 -1.570796 0.000000
vt -1.500000 -1.570796 0.000000
vt -0.800000 -1.727876 0.000000
vt -1.500000 -1.727876 0.000000
vt -0.800000 -1.884956 0.000000
vt -1.500000 -1.884956 0.000000
vt -0.800000 1.884956 0.000000
vt -1.500000 1.884956 0.000000
vt -0.800000 1.727876 0.000000
vt -1.500000 1.727876 0.000000
vt -0.800000 1.570796 0.000000
vt -1.500000 1.570796 0.000000
vt -0.800000 1.413717 0.000000
vt -1.500000 1.413717 0.000000
vt -0.800000 1.256637 0.000000
vt -1.500000 1.256637 0.000000
vt -0.800000 1.099557 0.000000
vt -1.500000 1.099557 0.000000
vt -0.800000 0.942478 0.000000
vt -1.500000 0.942478 0.000000
vt -0.800000 0.785398 0.000000
vt -1.500000 0.785398 0.000000
vt -0.800000 0.628319 0.000000
vt -1.500000 0.628319 0.000000
vt -0.800000 0.471239 0.000000
vt -1.500000 0.471239 0.000000
vt -0.800000 0.314159 0.000000
vt -1.500000 0.314159 0.000000
vt -0.800000 0.157080 0.000000
vt -1.500000 0.157080 0.000000
vt -0.800000 0.000000 0.000000
vt -1.500000 0.000000 0.000000
vt -0.800000 -0.157080 0.000000
vt -1.500000 -0.157080 0.000000
vt -0.800000 -0.314159 0.000000
vt -1.500000 -0.314159 0.000000
vt -0.800000 -0.471239 0.000000
vt -1.500000 -0.471239 0.000000
vt -0.800000 -0.628319 0.000000
vt -1.500000 -0.628319 0.000000
vt -0.800000 -0.785398 0.000000
vt -1.500000 -0.785398 0.000000
vt -0.800000 -0.942478 0.000000
vt -1.500000 -0.942478 0.000000
vt -0.800000 -1.099557 0.000000
vt -1.500000 -1.099557 0.000000
vt -0.800000 -1.256637 0.000000
vt -1.500000 -1.256637 0.000000
vt -0.800000 -1.413717 0.000000
vt -1.500000 -1.413717 0.000000
vt -0.800000 -1.570796 0.000000
vt -1.500000 -1.570796 0.000000
vt -0.800000 -1.727876 0.000000
vt -1.500000 -1.727876 0.000000
vt -0.800000 -1.884956 0.000000
vt -1.500000 -1.884956 0.000000
vt -0.800000 1.884956 0.000000
vt -1.500000 1.884956 0.000000
vt -0.800000 1.727876 0.000000
vt -1.500000 1.727876 0.000000
vt -0.800000 1.570796 0.000000
vt -1.500000 1.570796 0.000000
vt -0.800000 1.413717 0.000000
vt -1.500000 1.413717 0.000000
vt -0.800000 1.256637 0.000000
vt -1.500000 1.256637 0.000000
vt -0.800000 1.099557 0.000000
vt -1.500000 1.099557 0.000000
vt -0.800000 0.942478 0.000000
vt -1.500000 0.942478 0.000000
vt -0.800000 0.785398 0.000000
vt -1.500000 0.785398 0.000000
vt -0.800000 0.628319 0.000000
vt -1.500000 0.628319 0.000000
vt -0.800000 0.471239 0.000000
vt -1.500000 0.471239 0.000000
vt -0.800000 0.314159 0.000000
vt -1.500000 0.314159 0.000000
vt -0.800000 0.157080 0.000000
vt -1.500000 0.157080 0.000000
vt -0.800000 0.000000 0.000000
vt -1.500000 0.000000 0.000000
vt -0.800000 -0.157080 0.000000
vt -1.500000 -0.157080 0.000000
vt -0.800000 -0.314159 0.000000
vt -1.500000 -0.314159 0.000000
vt -0.800000 -0.471239 0.000000
vt -1.500000 -0.471239 0.000000
vt -0.800000 -0.628319 0.000000
vt -1.500000 -0.628319 0.000000
vt -0.800000 -0.785398 0.000000
vt -1.500000 -0.785398 0.000000
vt -0.800000 -0.942478 0.000000
vt -1.500000 -0.942478 0.000000
vt -0.800000 -1.099557 0.000000
vt -1.500000 -1.099557 0.000000
vt -0.800000 -1.256637 0.000000
vt -1.500000 -1.256637 0.000000
vt -0.800000 -1.413717 0.000000
vt -1.500000 -1.413717 0.000000
vt -0.800000 -1.570796 0.000000
vt -1.500000 -1.570796 0.000000
vt -0.800000 -1.727876 0.000000
vt -1.500000 -1.727876 0.000000
vt -0.800000 -1.884956 0.000000
vt -1.500000 -1.884956 0.000000
vt -0.800000 1.884956 0.000000
vt -1.500000 1.884956 0.000000
vt -0.800000 1.727876 0.000000
vt -1.500000 1.727876 0.000000
vt -0.800000 1.570796 0.000000
vt -1.500000 1.570796 0.000000
vt -0.800000 1.413717 0.000000
vt -1.500000 1.413717 0.000000
vt -0.800000 1.256637 0.000000
vt -1.500000 1.256637 0.000000
vt -0.800000 1.099557 0.000000
vt -1.500000 1.099557 0.000000
vt -0.800000 0.942478 0.000000
vt -1.500000 0.942478 0.000000
vt -0.800000 0.785398 0.000000
vt -1.500000 0.785398 0.000000
vt -0.800000 0.628319 0.000000
vt -1.500000 0.628319 0.000000
vt -0.800000 0.471239 0.000000
vt -1.500000 0.471239 0.000000
vt -0.800000 0.314159 0.000000
vt -1.500000 0.314159 0.000000
vt -0.800000 0.157080 0.000000
vt -1.500000 0.157080 0.000000
vt -0.800000 0.000000 0.000000
vt -1.500000 0.000000 0.000000
vt -0.800000 -0.157080 0.000000
vt -1.500000 -0.157080 0.000000
vt -0.800000 -0.314159 0.000000
vt -1.500000 -0.314159 0.000000
vt -0.800000 -0.471239 0.000000
vt -1.500000 -0.471239 0.000000
vt -0.800000 -0.628319 0.000000
vt -1.500000 -0.628319 0.000000
vt -0.800000 -0.785398 0.000000
vt -1.500000 -0.785398 0.000000
vt -0.800000 -0.942478 0.000000
vt -1.500000 -0.942478 0.000000
vt -0.800000 -1.099557 0.000000
vt -1.500000 -1.099557 0.000000
vt -0.800000 -1.256637 0.000000
vt -1.500000 -1.256637 0.000000
vt -0.800000 -1.413717 0.000000
vt -1.500000 -1.413717 0.000000
vt -0.800000 -1.570796 0.000000
vt -1.500000 -1.570796 0.000000
vt -0.070711 -0.044506 0.000000
vt 0.070711 -0.044506 0.000000
vt -0.070711 0.000000 0.000000
vt 0.070711 0.000000 0.000000
vt -0.070711 0.044506 0.000000
vt 0.070711 0.044506 0.000000
vt -0.070711 0.089012 0.000000
vt 0.070711 0.089012 0.000000
vt -0.070711 0.133518 0.000000
vt 0.070711 0.133518 0.000000
vt -0.070711 0.178024 0.000000
vt 0.070711 0.178024 0.000000
vt -0.070711 0.222529 0.000000
vt 0.070711 0.222529 0.000000
vt -0.070711 0.267035 0.000000
vt 0.070711 0.267035 0.000000
vt -0.070711 0.311541 0.000000
vt 0.070711 0.311541 0.000000
vt -0.070711 0.356047 0.000000
vt 0.070711 0.356047 0.000000
vt -0.070711 0.400553 0.000000
vt 0.070711 0.400553 0.000000
vt -0.070711 0.445059 0.000000
vt 0.070711 0.445059 0.000000
vt -0.070711 0.489565 0.000000
vt 0.070711 0.489565 0.000000
vt -0.070711 0.534071 0.000000
vt 0.070711 0.534071 0.000000
vt -0.070711 -0.534071 0.000000
vt 0.070711 -0.534071 0.000000
vt -0.070711 -0.489565 0.000000
vt 0.070711 -0.489565 0.000000
vt -0.070711 -0.445059 0.000000
vt 0.070711 -0.445059 0.000000
vt -0.070711 -0.400553 0.000000
vt 0.070711 -0.400553 0.000000
vt -0.070711 -0.356047 0.000000
vt 0.070711 -0.356047 0.000000
vt -0.070711 -0.311541 0.000000
vt 0.070711 -0.311541 0.000000
vt -0.070711 -0.267035 0.000000
vt 0.070711 -0.267035 0.000000
vt -0.070711 -0.222529 0.000000
vt 0.070711 -0.222529 0.000000
vt -0.070711 -0.178024 0.000000
vt 0.070711 -0.178024 0.000000
vt -0.070711 -0.133518 0.000000
vt 0.070711 -0.133518 0.000000
vt -0.070711 -0.089012 0.000000
vt 0.070711 -0.089012 0.000000
vt 0.200000 -0.345575 0.000000
vt -0.400000 -0.345575 0.000000
vt 0.200000 -0.376991 0.000000
vt -0.400000 -0.376991 0.000000
vt 0.200000 0.376991 0.000000
vt -0.400000 0.376991 0.000000
vt 0.200000 0.345575 0.000000
vt -0.400000 0.345575 0.000000
vt 0.200000 0.314159 0.000000
vt -0.400000 0.314159 0.000000
vt 0.200000 0.282743 0.000000
vt -0.400000 0.282743 0.000000
vt 0.200000 0.251327 0.000000
vt -0.400000 0.251327 0.000000
vt 0.200000 0.219911 0.000000
vt -0.400000 0.219911 0.000000
vt 0.200000 0.188496 0.000000
vt -0.400000 0.188496 0.000000
vt 0.200000 0.157080 0.000000
vt -0.400000 0.157080 0.000000
vt 0.200000 0.125664 0.000000
vt -0.400000 0.125664 0.000000
vt 0.200000 0.094248 0.000000
vt -0.400000 0.094248 0.000000
vt 0.200000 0.062832 0.000000
vt -0.400000 0.062832 0.000000
vt 0.200000 0.031416 0.000000
vt -0.400000 0.031416 0.000000
vt 0.200000 0.000000 0.000000
vt -0.400000 0.000000 0.000000
vt 0.200000 -0.031416 0.000000
vt -0.400000 -0.031416 0.000000
vt 0.200000 -0.062832 0.000000
vt -0.400000 -0.062832 0.000000
vt 0.200000 -0.094248 0.000000
vt -0.400000 -0.094248 0.000000
vt 0.200000 -0.125664 0.000000
vt -0.400000 -0.125664 0.000000
vt 0.200000 -0.157080 0.000000
vt -0.400000 -0.157080 0.000000
vt 0.200000 -0.188496 0.000000
vt -0.400000 -0.188496 0.000000
vt 0.200000 -0.219911 0.000000
vt -0.400000 -0.219911 0.000000
vt 0.200000 -0.251327 0.000000
vt -0.400000 -0.251327 0.000000
vt 0.200000 -0.282743 0.000000
vt -0.400000 -0.282743 0.000000
vt 0.200000 -0.314159 0.000000
vt -0.400000 -0.314159 0.000000
vt -0.070711 -0.044506 0.000000
vt 0.070711 -0.044506 0.000000
vt -0.070711 0.000000 0.000000
vt 0.070711 0.000000 0.000000
vt -0.070711 0.044506 0.000000
vt 0.070711 0.044506 0.000000
vt -0.070711 0.089012 0.000000
vt 0.070711 0.089012 0.000000
vt -0.070711 0.133518 0.000000
vt 0.070711 0.133518 0.000000
vt -0.070711 0.178024 0.000000
vt 0.070711 0.178024 0.000000
vt -0.070711 0.222529 0.000000
vt 0.070711 0.222529 0.000000
vt -0.070711 0.267035 0.000000
vt 0.070711 0.267035 0.000000
vt -0.070711 0.311541 0.000000
vt 0.070711 0.311541 0.000000
vt -0.070711 0.356047 0.000000
vt 0.070711 0.356047 0.000000
vt -0.070711 0.400553 0.000000
vt 0.070711 0.400553 0.000000
vt -0.070711 0.445059 0.000000
vt 0.070711 0.445059 0.000000
vt -0.070711 0.489565 0.000000
vt 0.070711 0.489565 0.000000
vt -0.070711 0.534071 0.000000
vt 0.070711 0.534071 0.000000
vt -0.070711 -0.534071 0.000000
vt 0.070711 -0.534071 0.000000
vt -0.070711 -0.489565 0.000000
vt 0.070711 -0.489565 0.000000
vt -0.070711 -0.445059 0.000000
vt 0.070711 -0.445059 0.000000
vt -0.070711 -0.400553 0.000000
vt 0.070711 -0.400553 0.000000
vt -0.070711 -0.356047 0.000000
vt 0.070711 -0.356047 0.000000
vt -0.070711 -0.311541 0.000000
vt 0.070711 -0.311541 0.000000
vt -0.070711 -0.267035 0.000000
vt 0.070711 -0.267035 0.000000
vt -0.070711 -0.222529 0.000000
vt 0.070711 -0.222529 0.000000
vt -0.070711 -0.178024 0.000000
vt 0.070711 -0.178024 0.000000
vt -0.070711 -0.133518 0.000000
vt 0.070711 -0.133518 0.000000
vt -0.070711 -0.089012 0.000000
vt 0.070711 -0.089012 0.000000
vt 0.200000 -0.345575 0.000000
vt -0.400000 -0.345575 0.000000
vt 0.200000 -0.376991 0.000000
vt -0.400000 -0.376991 0.000000
vt 0.200000 0.376991 0.000000
vt -0.400000 0.376991 0.000000
vt 0.200000 0.345575 0.000000
vt -0.400000 0.345575 0.000000
vt 0.200000 0.314159 0.000000
vt -0.400000 0.314159 0.000000
vt 0.200000 0.282743 0.000000
vt -0.400000 0.282743 0.000000
vt 0.200000 0.251327 0.000000
vt -0.400000 0.251327 0.000000
vt 0.200000 0.219911 0.000000
vt -0.400000 0.219911 0.000000
vt 0.200000 0.188496 0.000000
vt -0.400000 0.188496 0.000000
vt 0.200000 0.157080 0.000000
vt -0.400000 0.157080 0.000000
vt 0.200000 0.125664 0.000000
vt -0.400000 0.125664 0.000000
vt 0.200000 0.094248 0.000000
vt -0.400000 0.094248 0.000000
vt 0.200000 0.062832 0.000000
vt -0.400000 0.062832 0.000000
vt 0.200000 0.031416 0.000000
vt -0.400000 0.031416 0.000000
vt 0.200000 0.000000 0.000000
vt -0.400000 0.000000 0.000000
vt 0.200000 -0.031416 0.000000
vt -0.400000 -0.031416 0.000000
vt 0.200000 -0.062832 0.000000
vt -0.400000 -0.062832 0.000000
vt 0.200000 -0.094248 0.000000
vt -0.400000 -0.094248 0.000000
vt 0.200000 -0.125664 0.000000
vt -0.400000 -0.125664 0.000000
vt 0.200000 -0.157080 0.000000
vt -0.400000 -0.157080 0.000000
vt 0.200000 -0.188496 0.000000
vt -0.400000 -0.188496 0.000000
vt 0.200000 -0.219911 0.000000
vt -0.400000 -0.219911 0.000000
vt 0.200000 -0.251327 0.000000
vt -0.400000 -0.251327 0.000000
vt 0.200000 -0.282743 0.000000
vt -0.400000 -0.282743 0.000000
vt 0.200000 -0.314159 0.000000
vt -0.400000 -0.314159 0.000000
vt -0.070711 -0.044506 0.000000
vt 0.070711 -0.044506 0.000000
vt -0.070711 0.000000 0.000000
vt 0.070711 0.000000 0.000000
vt -0.070711 0.044506 0.000000
vt 0.070711 0.044506 0.000000
vt -0.070711 0.089012 0.000000
vt 0.070711 0.089012 0.000000
vt -0.070711 0.133518 0.000000
vt 0.070711 0.133518 0.000000
vt -0.070711 0.178024 0.000000
vt 0.070711 0.178024 0.000000
vt -0.070711 0.222529 0.000000
vt 0.070711 0.222529 0.000000
vt -0.070711 0.267035 0.000000
vt 0.070711 0.267035 0.000000
vt -0.070711 0.311541 0.000000
vt 0.070711 0.311541 0.000000
vt -0.070711 0.356047 0.000000
vt 0.070711 0.356047 0.000000
vt -0.070711 0.400553 0.000000
vt 0.070711 0.400553 0.000000
vt -0.070711 0.445059 0.000000
vt 0.070711 0.445059 0.000000
vt -0.070711 0.489565 0.000000
vt 0.070711 0.489565 0.000000
vt -0.070711 0.534071 0.000000
vt 0.070711 0.534071 0.000000
vt -0.070711 -0.534071 0.000000
vt 0.070711 -0.534071 0.000000
vt -0.070711 -0.489565 0.000000
vt 0.070711 -0.489565 0.000000
vt -0.070711 -0.445059 0.000000
vt 0.070711 -0.445059 0.000000
vt -0.070711 -0.400553 0.000000
vt 0.070711 -0.400553 0.000000
vt -0.070711 -0.356047 0.000000
vt 0.070711 -0.356047 0.000000
vt -0.070711 -0.311541 0.000000
vt 0.070711 -0.311541 0.000000
vt -0.070711 -0.267035 0.000000
vt 0.070711 -0.267035 0.000000
vt -0.070711 -0.222529 0.000000
vt 0.070711 -0.222529 0.000000
vt -0.070711 -0.178024 0.000000
vt 0.070711 -0.178024 0.000000
vt -0.070711 -0.133518 0.000000
vt 0.070711 -0.133518 0.000000
vt -0.070711 -0.089012 0.000000
vt 0.070711 -0.089012 0.000000
vt 0.200000 -0.345575 0.000000
vt -0.400000 -0.345575 0.000000
vt 0.200000 -0.376991 0.000000
vt -0.400000 -0.376991 0.000000
vt 0.200000 0.376991 0.000000
vt -0.400000 0.376991 0.000000
vt 0.200000 0.345575 0.000000
vt -0.400000 0.345575 0.000000
vt 0.200000 0.314159 0.000000
vt -0.400000 0.314159 0.000000
vt 0.200000 0.282743 0.000000
vt -0.400000 0.282743 0.000000
vt 0.200000 0.251327 0.000000
vt -0.400000 0.251327 0.000000
vt 0.200000 0.219911 0.000000
vt -0.400000 0.219911 0.000000
vt 0.200000 0.188496 0.000000
vt -0.400000 0.188496 0.000000
vt 0.200000 0.157080 0.000000
vt -0.400000 0.157080 0.000000
vt 0.200000 0.125664 0.000000
vt -0.400000 0.125664 0.000000
vt 0.200000 0.094248 0.000000
vt -0.400000 0.094248 0.000000
vt 0.200000 0.062832 0.000000
vt -0.400000 0.062832 0.000000
vt 0.200000 0.031416 0.000000
vt -0.400000 0.031416 0.000000
vt 0.200000 0.000000 0.000000
vt -0.400000 0.000000 0.000000
vt 0.200000 -0.031416 0.000000
vt -0.400000 -0.031416 0.000000
vt 0.200000 -0.062832 0.000000
vt -0.400000 -0.062832 0.000000
vt 0.200000 -0.094248 0.000000
vt -0.400000 -0.094248 0.000000
vt 0.200000 -0.125664 0.000000
vt -0.400000 -0.125664 0.000000
vt 0.200000 -0.157080 0.000000
vt -0.400000 -0.157080 0.000000
vt 0.200000 -0.188496 0.000000
vt -0.400000 -0.188496 0.000000
vt 0.200000 -0.219911 0.000000
vt -0.400000 -0.219911 0.000000
vt 0.200000 -0.251327 0.000000
vt -0.400000 -0.251327 0.000000
vt 0.200000 -0.282743 0.000000
vt -0.400000 -0.282743 0.000000
vt 0.200000 -0.314159 0.000000
vt -0.400000 -0.314159 0.000000
vt -0.070711 -0.044506 0.000000
vt 0.070711 -0.044506 0.000000
vt -0.070711 0.000000 0.000000
vt 0.070711 0.000000 0.000000
vt -0.070711 0.044506 0.000000
vt 0.070711 0.044506 0.000000
vt -0.070711 0.089012 0.000000
vt 0.070711 0.089012 0.000000
vt -0.070711 0.133518 0.000000
vt 0.070711 0.133518 0.000000
vt -0.070711 0.178024 0.000000
vt 0.070711 0.178024 0.000000
vt -0.070711 0.222529 0.000000
vt 0.070711 0.222529 0.000000
vt -0.070711 0.267035 0.000000
vt 0.070711 0.267035 0.000000
vt -0.070711 0.311541 0.000000
vt 0.070711 0.311541 0.000000
vt -0.070711 0.356047 0.000000
vt 0.070711 0.356047 0.000000
vt -0.070711 0.400553 0.000000
vt 0.070711 0.400553 0.000000
vt -0.070711 0.445059 0.000000
vt 0.070711 0.445059 0.000000
vt -0.070711 0.489565 0.000000
vt 0.070711 0.489565 0.000000
vt -0.070711 0.534071 0.000000
vt 0.070711 0.534071 0.000000
vt -0.070711 -0.534071 0.000000
vt 0.070711 -0.534071 0.000000
vt -0.070711 -0.489565 0.000000
vt 0.070711 -0.489565 0.000000
vt -0.070711 -0.445059 0.000000
vt 0.070711 -0.445059 0.000000
vt -0.070711 -0.400553 0.000000
vt 0.070711 -0.400553 0.000000
vt -0.070711 -0.356047 0.000000
vt 0.070711 -0.356047 0.000000
vt -0.070711 -0.311541 0.000000
vt 0.070711 -0.311541 0.000000
vt -0.070711 -0.267035 0.000000
vt 0.070711 -0.267035 0.000000
vt -0.070711 -0.222529 0.000000
vt 0.070711 -0.222529 0.000000
vt -0.070711 -0.178024 0.000000
vt 0.070711 -0.178024 0.000000
vt -0.070711 -0.133518 0.000000
vt 0.070711 -0.133518 0.000000
vt -0.070711 -0.089012 0.000000
vt 0.070711 -0.089012 0.000000
vt 0.200000 -0.345575 0.000000
vt -0.400000 -0.345575 0.000000
vt 0.200000 -0.376991 0.000000
vt -0.400000 -0.376991 0.000000
vt 0.200000 0.376991 0.000000
vt -0.400000 0.376991 0.000000
vt 0.200000 0.345575 0.000000
vt -0.400000 0.345575 0.000000
vt 0.200000 0.314159 0.000000
vt -0.400000 0.314159 0.000000
vt 0.200000 0.282743 0.000000
vt -0.400000 0.282743 0.000000
vt 0.200000 0.251327 0.000000
vt -0.400000 0.251327 0.000000
vt 0.200000 0.219911 0.000000
vt -0.400000 0.219911 0.000000
vt 0.200000 0.188496 0.000000
vt -0.400000 0.188496 0.000000
vt 0.200000 0.157080 0.000000
vt -0.400000 0.157080 0.000000
vt 0.200000 0.125664 0.000000
vt -0.400000 0.125664 0.000000
vt 0.200000 0.094248 0.000000
vt -0.400000 0.094248 0.000000
vt 0.200000 0.062832 0.000000
vt -0.400000 0.062832 0.000000
vt 0.200000 0.031416 0.000000
vt -0.400000 0.031416 0.000000
vt 0.200000 0.000000 0.000000
vt -0.400000 0.000000 0.000000
vt 0.200000 -0.031416 0.000000
vt -0.400000 -0.031416 0.000000
vt 0.200000 -0.062832 0.000000
vt -0.400000 -0.062832 0.000000
vt 0.200000 -0.094248 0.000000
vt -0.400000 -0.094248 0.000000
vt 0.200000 -0.125664 0.000000
vt -0.400000 -0.125664 0.000000
vt 0.200000 -0.157080 0.000000
vt -0.400000 -0.157080 0.000000
vt 0.200000 -0.188496 0.000000
vt -0.400000 -0.188496 0.000000
vt 0.200000 -0.219911 0.000000
vt -0.400000 -0.219911 0.000000
vt 0.200000 -0.251327 0.000000
vt -0.400000 -0.251327 0.000000
vt 0.200000 -0.282743 0.000000
vt -0.400000 -0.282743 0.000000
vt 0.200000 -0.314159 0.000000
vt -0.400000 -0.314159 0.000000
vt -4.224640 -12.202006 0.000000
vt -0.255045 -11.483949 0.000000
vt -4.379932 -12.181561 0.000000
vt -0.201985 -11.461971 0.000000
vt -8.530015 -11.464932 0.000000
vt -8.870168 -11.388709 0.000000
vt -8.586955 -11.457436 0.000000
vt -8.643895 -11.464932 0.000000
vt -8.696955 -11.486910 0.000000
vt -8.742518 -11.521872 0.000000
vt -8.777480 -11.567436 0.000000
vt -8.799458 -11.620496 0.000000
vt -8.806955 -11.677436 0.000000
vt -8.799458 -11.734376 0.000000
vt -8.870168 -17.888709 0.000000
vt -8.777480 -11.787436 0.000000
vt -8.742518 -11.832999 0.000000
vt -8.696955 -11.867961 0.000000
vt -8.643895 -11.889939 0.000000
vt -6.109404 -14.093977 0.000000
vt -6.129849 -13.938686 0.000000
vt -0.300609 -11.518911 0.000000
vt -4.079932 -12.261946 0.000000
vt -0.335571 -11.564475 0.000000
vt -0.357549 -11.617534 0.000000
vt -3.955668 -12.357297 0.000000
vt -0.365045 -11.674475 0.000000
vt -3.860317 -12.481561 0.000000
vt -0.357549 -11.731415 0.000000
vt -0.335571 -11.784475 0.000000
vt -3.800376 -12.626270 0.000000
vt -2.929400 -13.417859 0.000000
vt -3.074109 -13.357918 0.000000
vt -3.779932 -12.781561 0.000000
vt -3.229400 -13.337474 0.000000
vt -3.800376 -12.936852 0.000000
vt -3.384691 -13.357918 0.000000
vt -3.860317 -13.081561 0.000000
vt -3.529400 -13.417859 0.000000
vt -3.955668 -13.205825 0.000000
vt -3.653664 -13.513210 0.000000
vt -4.079932 -13.301176 0.000000
vt -3.749015 -13.637474 0.000000
vt -4.224640 -13.361116 0.000000
vt -3.808955 -13.782182 0.000000
vt -4.379932 -13.381561 0.000000
vt -4.950293 -13.783394 0.000000
vt -4.535223 -13.361116 0.000000
vt -5.010233 -13.638686 0.000000
vt -4.679932 -13.301176 0.000000
vt -5.105585 -13.514421 0.000000
vt -4.804196 -13.205825 0.000000
vt -5.229849 -13.419070 0.000000
vt -4.899547 -13.081561 0.000000
vt -5.374557 -13.359130 0.000000
vt -4.959487 -12.936852 0.000000
vt -5.529849 -13.338686 0.000000
vt -4.979932 -12.781561 0.000000
vt -5.685140 -13.359130 0.000000
vt -4.959487 -12.626270 0.000000
vt -5.829849 -13.419070 0.000000
vt -8.396429 -11.787436 0.000000
vt -8.431391 -11.832999 0.000000
vt -4.899547 -12.481561 0.000000
vt -8.374451 -11.734376 0.000000
vt -8.366955 -11.677436 0.000000
vt -4.804196 -12.357297 0.000000
vt -8.374451 -11.620496 0.000000
vt -4.679932 -12.261946 0.000000
vt -8.396429 -11.567436 0.000000
vt -8.431391 -11.521872 0.000000
vt -4.535223 -12.202006 0.000000
vt -8.476955 -11.486910 0.000000
vt -4.228873 -14.500975 0.000000
vt -3.808955 -14.092765 0.000000
vt -4.384165 -14.480531 0.000000
vt -4.950293 -14.093977 0.000000
vt -4.539456 -14.500975 0.000000
vt -5.010233 -14.238686 0.000000
vt -4.684165 -14.560915 0.000000
vt -5.105585 -14.362950 0.000000
vt -4.808429 -14.656267 0.000000
vt -5.229849 -14.458301 0.000000
vt -4.903780 -14.780531 0.000000
vt -5.374557 -14.518241 0.000000
vt -4.963720 -14.925239 0.000000
vt -5.529849 -14.538686 0.000000
vt -4.984165 -15.080531 0.000000
vt -5.685140 -14.518241 0.000000
vt -4.963720 -15.235822 0.000000
vt -5.829849 -14.458301 0.000000
vt -4.903780 -15.380531 0.000000
vt -4.808429 -15.504795 0.000000
vt -4.684165 -15.600146 0.000000
vt -4.539456 -15.660086 0.000000
vt -4.534099 -20.203029 0.000000
vt -4.384165 -15.680531 0.000000
vt -4.378807 -20.182584 0.000000
vt -3.685902 -20.065484 0.000000
vt -4.223516 -20.203029 0.000000
vt -4.078807 -20.262969 0.000000
vt -3.749015 -14.237474 0.000000
vt -4.084165 -14.560915 0.000000
vt -3.653664 -14.361738 0.000000
vt -3.959901 -14.656267 0.000000
vt -3.529400 -14.457089 0.000000
vt -3.864550 -14.780531 0.000000
vt -3.384691 -14.517029 0.000000
vt -3.804609 -14.925239 0.000000
vt -3.229400 -14.537474 0.000000
vt -3.784165 -15.080531 0.000000
vt -3.074109 -14.517029 0.000000
vt -3.804609 -15.235822 0.000000
vt -3.685902 -15.765484 0.000000
vt -3.864550 -15.380531 0.000000
vt -3.959901 -15.504795 0.000000
vt -4.084165 -15.600146 0.000000
vt -4.228873 -15.660086 0.000000
vt -4.230191 -22.501813 0.000000
vt -3.809997 -22.093673 0.000000
vt -4.385483 -22.481369 0.000000
vt -4.950345 -22.093925 0.000000
vt -4.540774 -22.501813 0.000000
vt -5.010285 -22.238634 0.000000
vt -4.685483 -22.561754 0.000000
vt -5.105636 -22.362898 0.000000
vt -4.809747 -22.657105 0.000000
vt -5.229901 -22.458249 0.000000
vt -4.905098 -22.781369 0.000000
vt -5.374609 -22.518189 0.000000
vt -4.965038 -22.926077 0.000000
vt -5.529901 -22.538634 0.000000
vt -4.985483 -23.081369 0.000000
vt -5.685192 -22.518189 0.000000
vt -4.965038 -23.236660 0.000000
vt -5.829901 -22.458249 0.000000
vt -8.414514 -24.013919 0.000000
vt -8.449476 -23.968356 0.000000
vt -5.954165 -22.362898 0.000000
vt -8.495039 -23.933394 0.000000
vt -6.049516 -22.238634 0.000000
vt -8.548099 -23.911415 0.000000
vt -6.109456 -22.093925 0.000000
vt -8.605039 -23.903919 0.000000
vt -6.129901 -21.938634 0.000000
vt -8.661980 -23.911415 0.000000
vt -6.109456 -21.783342 0.000000
vt -6.049516 -21.638634 0.000000
vt -5.954165 -21.514370 0.000000
vt -3.750057 -22.238382 0.000000
vt -4.085483 -22.561754 0.000000
vt -3.654706 -22.362646 0.000000
vt -3.961219 -22.657105 0.000000
vt -3.530442 -22.457997 0.000000
vt -3.865868 -22.781369 0.000000
vt -3.385733 -22.517937 0.000000
vt -3.805927 -22.926077 0.000000
vt -3.230442 -22.538382 0.000000
vt -3.785483 -23.081369 0.000000
vt -3.075150 -22.517937 0.000000
vt -3.805927 -23.236660 0.000000
vt -2.930442 -22.457997 0.000000
vt -0.346444 -23.993526 0.000000
vt -0.311482 -23.947962 0.000000
vt -0.368422 -24.046586 0.000000
vt -3.865868 -23.381369 0.000000
vt -0.375919 -24.103526 0.000000
vt -3.961219 -23.505633 0.000000
vt -0.368422 -24.160466 0.000000
vt -4.085483 -23.600984 0.000000
vt -0.346444 -24.213526 0.000000
vt -0.311482 -24.259089 0.000000
vt -4.230191 -23.660924 0.000000
vt -0.265919 -24.294052 0.000000
vt -4.385483 -23.681369 0.000000
vt -0.212859 -24.316030 0.000000
vt -8.548099 -24.336423 0.000000
vt 0.129832 -24.388709 0.000000
vt -8.870168 -24.388709 0.000000
vt -8.605039 -24.343919 0.000000
vt -8.661980 -24.336423 0.000000
vt -8.495039 -24.314445 0.000000
vt -4.540774 -23.660924 0.000000
vt -8.449476 -24.279483 0.000000
vt -4.685483 -23.600984 0.000000
vt -8.414514 -24.233919 0.000000
vt -8.392536 -24.180859 0.000000
vt -4.809747 -23.505633 0.000000
vt -8.385039 -24.123919 0.000000
vt -4.905098 -23.381369 0.000000
vt -8.392536 -24.066979 0.000000
vt -3.075150 -21.358826 0.000000
vt -3.778807 -20.782584 0.000000
vt -3.230442 -21.338382 0.000000
vt -3.799252 -20.937875 0.000000
vt -3.385733 -21.358826 0.000000
vt -3.859192 -21.082584 0.000000
vt -3.530442 -21.418767 0.000000
vt -3.954543 -21.206848 0.000000
vt -3.654706 -21.514118 0.000000
vt -4.078807 -21.302199 0.000000
vt -3.750057 -21.638382 0.000000
vt -4.223516 -21.362140 0.000000
vt -3.809997 -21.783090 0.000000
vt -4.378807 -21.382584 0.000000
vt -4.950345 -21.783342 0.000000
vt -4.534099 -21.362140 0.000000
vt -5.010285 -21.638634 0.000000
vt -4.678807 -21.302199 0.000000
vt -5.105636 -21.514370 0.000000
vt -4.803071 -21.206848 0.000000
vt -5.229901 -21.419019 0.000000
vt -4.898422 -21.082584 0.000000
vt -5.374609 -21.359078 0.000000
vt -4.958363 -20.937875 0.000000
vt -5.529901 -21.338634 0.000000
vt -4.978807 -20.782584 0.000000
vt -5.685192 -21.359078 0.000000
vt -4.958363 -20.627293 0.000000
vt -5.829901 -21.419019 0.000000
vt -4.898422 -20.482584 0.000000
vt -4.803071 -20.358320 0.000000
vt -4.678807 -20.262969 0.000000
vt -2.930442 -21.418767 0.000000
vt -3.799252 -20.627293 0.000000
vt -0.485902 -20.065484 0.000000
vt -2.806178 -21.514118 0.000000
vt -2.710827 -21.638382 0.000000
vt -2.650886 -21.783090 0.000000
vt -2.630442 -21.938382 0.000000
vt -0.155919 -23.883526 0.000000
vt -2.650886 -22.093673 0.000000
vt -0.212859 -23.891022 0.000000
vt -2.710827 -22.238382 0.000000
vt -0.265919 -23.913000 0.000000
vt -2.806178 -22.362646 0.000000
vt -4.929901 -21.938634 0.000000
vt -3.830442 -21.938382 0.000000
vt -3.954543 -20.358320 0.000000
vt -3.859192 -20.482584 0.000000
vt -5.954113 -13.514421 0.000000
vt -8.476955 -11.867961 0.000000
vt -6.049464 -13.638686 0.000000
vt -8.530015 -11.889939 0.000000
vt -6.109404 -13.783394 0.000000
vt -8.586955 -11.897436 0.000000
vt -0.145045 -11.454475 0.000000
vt 0.129832 -11.388709 0.000000
vt -0.088105 -11.461971 0.000000
vt -0.035045 -11.483949 0.000000
vt 0.010518 -11.518911 0.000000
vt 0.045480 -11.564475 0.000000
vt 0.067459 -11.617534 0.000000
vt 0.074955 -11.674475 0.000000
vt 0.067459 -11.731415 0.000000
vt 0.129832 -17.888709 0.000000
vt 0.045480 -11.784475 0.000000
vt -0.485902 -15.765484 0.000000
vt 0.010518 -11.830038 0.000000
vt -0.035045 -11.865000 0.000000
vt -0.088105 -11.886978 0.000000
vt -0.145045 -11.894475 0.000000
vt -2.629400 -13.937474 0.000000
vt -2.649844 -13.782182 0.000000
vt -0.201985 -11.886978 0.000000
vt -2.709785 -13.637474 0.000000
vt -0.255045 -11.865000 0.000000
vt -2.805136 -13.513210 0.000000
vt -0.300609 -11.830038 0.000000
vt -0.098978 -23.891022 0.000000
vt -0.045919 -23.913000 0.000000
vt -0.000355 -23.947962 0.000000
vt 0.034607 -23.993526 0.000000
vt 0.056585 -24.046586 0.000000
vt 0.064081 -24.103526 0.000000
vt 0.056585 -24.160466 0.000000
vt 0.034607 -24.213526 0.000000
vt -0.000355 -24.259089 0.000000
vt -0.045919 -24.294052 0.000000
vt -0.098978 -24.316030 0.000000
vt -0.155919 -24.323526 0.000000
vt -8.715039 -24.314445 0.000000
vt -8.760603 -24.279483 0.000000
vt -8.795565 -24.233919 0.000000
vt -8.817543 -24.180859 0.000000
vt -8.825039 -24.123919 0.000000
vt -8.817543 -24.066979 0.000000
vt -8.795565 -24.013919 0.000000
vt -8.760603 -23.968356 0.000000
vt -8.715039 -23.933394 0.000000
vt -3.829400 -13.937474 0.000000
vt -4.929849 -13.938686 0.000000
vt -5.954113 -14.362950 0.000000
vt -6.049464 -14.238686 0.000000
vt -2.649844 -14.092765 0.000000
vt -2.709785 -14.237474 0.000000
vt -2.805136 -14.361738 0.000000
vt -2.929400 -14.457089 0.000000
vt -0.145528 4.527592 0.000000
vt -0.561213 4.106526 0.000000
vt 0.009764 4.507148 0.000000
vt 0.580125 4.105315 0.000000
vt 0.165055 4.527592 0.000000
vt 0.640065 4.250023 0.000000
vt 0.309764 4.587533 0.000000
vt 0.735416 4.374287 0.000000
vt 0.434028 4.682884 0.000000
vt 0.859681 4.469639 0.000000
vt 0.529379 4.807148 0.000000
vt 1.004389 4.529579 0.000000
vt 0.589319 4.951856 0.000000
vt 1.159681 4.550023 0.000000
vt 0.609764 5.107148 0.000000
vt 1.314972 4.529579 0.000000
vt 0.589319 5.262439 0.000000
vt 1.459681 4.469639 0.000000
vt 4.112864 6.151273 0.000000
vt 4.131934 6.126420 0.000000
vt 1.583945 4.374287 0.000000
vt 4.156787 6.107350 0.000000
vt 1.679296 4.250023 0.000000
vt 4.185728 6.095362 0.000000
vt 1.739236 4.105315 0.000000
vt 4.216787 6.091273 0.000000
vt 1.759681 3.950023 0.000000
vt 4.247845 6.095362 0.000000
vt 1.739236 3.794732 0.000000
vt 4.500000 0.000000 0.000000
vt 1.679296 3.650023 0.000000
vt 1.583945 3.525759 0.000000
vt -0.621153 4.251235 0.000000
vt -0.290236 4.587533 0.000000
vt -0.716504 4.375499 0.000000
vt -0.414500 4.682884 0.000000
vt -0.840768 4.470850 0.000000
vt -0.509851 4.807148 0.000000
vt -0.985477 4.530791 0.000000
vt -0.569792 4.951856 0.000000
vt -1.140768 4.551235 0.000000
vt -0.590236 5.107148 0.000000
vt -1.296060 4.530791 0.000000
vt -0.569792 5.262439 0.000000
vt -1.440768 4.470850 0.000000
vt -4.121200 6.154234 0.000000
vt -4.140270 6.129381 0.000000
vt -0.509851 5.407148 0.000000
vt -4.109212 6.183176 0.000000
vt -4.105123 6.214234 0.000000
vt -0.414500 5.531412 0.000000
vt -4.109212 6.245292 0.000000
vt -0.290236 5.626763 0.000000
vt -4.121200 6.274234 0.000000
vt -4.140270 6.299087 0.000000
vt -0.145528 5.686703 0.000000
vt -4.165123 6.318157 0.000000
vt -4.500000 6.500000 0.000000
vt -4.194065 6.330145 0.000000
vt -4.225123 6.334234 0.000000
vt -4.256181 6.330145 0.000000
vt -4.285123 6.318157 0.000000
vt -4.309976 6.299087 0.000000
vt -4.329046 6.274234 0.000000
vt -4.341034 6.245292 0.000000
vt -4.345123 6.214234 0.000000
vt -4.341034 6.183176 0.000000
vt -4.329046 6.154234 0.000000
vt -3.884266 2.123225 0.000000
vt -4.309976 6.129381 0.000000
vt -4.285123 6.110311 0.000000
vt -4.256181 6.098323 0.000000
vt -4.225123 6.094234 0.000000
vt -1.740768 3.951235 0.000000
vt -1.720324 4.106526 0.000000
vt 0.009764 5.707148 0.000000
vt 4.500000 6.500000 0.000000
vt 0.165055 5.686703 0.000000
vt 4.156787 6.315196 0.000000
vt 4.131934 6.296126 0.000000
vt 0.309764 5.626763 0.000000
vt 4.112864 6.271273 0.000000
vt 4.100876 6.242331 0.000000
vt 0.434028 5.531412 0.000000
vt 4.096787 6.211273 0.000000
vt 0.529379 5.407148 0.000000
vt 4.100876 6.180215 0.000000
vt -0.141295 2.228623 0.000000
vt -0.684266 2.123225 0.000000
vt 0.013997 2.208178 0.000000
vt -0.684266 -2.176776 0.000000
vt 0.008639 -2.293875 0.000000
vt -0.146652 -2.314320 0.000000
vt -0.291361 -2.374260 0.000000
vt -0.415625 -2.469611 0.000000
vt -0.510976 -2.593875 0.000000
vt -0.570916 -2.738584 0.000000
vt -1.295018 -3.470118 0.000000
vt -0.591361 -2.893875 0.000000
vt -1.139726 -3.449673 0.000000
vt -0.570916 -3.049167 0.000000
vt -0.984435 -3.470118 0.000000
vt -0.510976 -3.193875 0.000000
vt -0.839726 -3.530058 0.000000
vt -0.415625 -3.318139 0.000000
vt -0.715462 -3.625409 0.000000
vt -0.291361 -3.413490 0.000000
vt -0.620111 -3.749673 0.000000
vt -0.146652 -3.473431 0.000000
vt -0.560171 -3.894382 0.000000
vt 0.008639 -3.493875 0.000000
vt 0.580177 -3.894634 0.000000
vt 0.163931 -3.473431 0.000000
vt 0.640117 -3.749925 0.000000
vt 0.308639 -3.413490 0.000000
vt 0.735468 -3.625661 0.000000
vt 0.432903 -3.318139 0.000000
vt 0.859733 -3.530310 0.000000
vt 0.528254 -3.193875 0.000000
vt 1.004441 -3.470370 0.000000
vt 0.588195 -3.049167 0.000000
vt 1.159733 -3.449925 0.000000
vt 0.608639 -2.893875 0.000000
vt 1.315024 -3.470370 0.000000
vt 0.588195 -2.738584 0.000000
vt 1.459733 -3.530310 0.000000
vt 0.528254 -2.593875 0.000000
vt 0.432903 -2.469611 0.000000
vt 0.308639 -2.374260 0.000000
vt 0.163931 -2.314320 0.000000
vt 0.169288 2.228623 0.000000
vt -0.286003 2.288563 0.000000
vt -0.410267 2.383914 0.000000
vt -0.505618 2.508178 0.000000
vt -0.565559 2.652887 0.000000
vt -1.296060 3.371680 0.000000
vt -1.440768 3.431620 0.000000
vt -0.586003 2.808178 0.000000
vt -1.140768 3.351235 0.000000
vt -0.565559 2.963470 0.000000
vt -0.985477 3.371680 0.000000
vt -0.505618 3.108178 0.000000
vt -0.840768 3.431620 0.000000
vt -0.410267 3.232442 0.000000
vt -0.716504 3.526971 0.000000
vt -0.286003 3.327793 0.000000
vt -0.621153 3.651235 0.000000
vt -0.141295 3.387734 0.000000
vt -0.561213 3.795944 0.000000
vt 0.013997 3.408178 0.000000
vt 0.580125 3.794732 0.000000
vt 0.169288 3.387734 0.000000
vt 0.640065 3.650023 0.000000
vt 0.313997 3.327793 0.000000
vt 0.735416 3.525759 0.000000
vt 0.438261 3.232442 0.000000
vt 0.859681 3.430408 0.000000
vt 0.533612 3.108178 0.000000
vt 1.004389 3.370468 0.000000
vt 0.593552 2.963470 0.000000
vt 1.159681 3.350023 0.000000
vt 0.613997 2.808178 0.000000
vt 1.314972 3.370468 0.000000
vt 0.593552 2.652887 0.000000
vt 1.459681 3.430408 0.000000
vt 0.533612 2.508178 0.000000
vt 0.438261 2.383914 0.000000
vt 0.313997 2.288563 0.000000
vt -0.139977 -5.772215 0.000000
vt -4.500000 -6.500000 0.000000
vt 0.015315 -5.792660 0.000000
vt 4.500000 -6.500000 0.000000
vt 0.170606 -5.772215 0.000000
vt 4.174871 -6.339133 0.000000
vt 4.150019 -6.320063 0.000000
vt -0.284685 -5.712275 0.000000
vt -4.129397 -6.299670 0.000000
vt -4.154249 -6.318740 0.000000
vt -4.183191 -6.330728 0.000000
vt -4.214249 -6.334817 0.000000
vt -4.110326 -6.274817 0.000000
vt -0.408949 -5.616924 0.000000
vt -4.098338 -6.245875 0.000000
vt -4.094249 -6.214817 0.000000
vt -0.504300 -5.492660 0.000000
vt -4.098338 -6.183759 0.000000
vt -0.564241 -5.347951 0.000000
vt -4.110326 -6.154817 0.000000
vt -1.439726 -4.569288 0.000000
vt -4.129397 -6.129964 0.000000
vt -1.563990 -4.473937 0.000000
vt -4.154249 -6.110894 0.000000
vt -1.659341 -4.349673 0.000000
vt -4.183191 -6.098906 0.000000
vt -1.719282 -4.204964 0.000000
vt -4.214249 -6.094817 0.000000
vt -1.739726 -4.049673 0.000000
vt -3.884266 -2.176776 0.000000
vt -1.719282 -3.894382 0.000000
vt -1.659341 -3.749673 0.000000
vt -1.295018 -4.629229 0.000000
vt -0.584685 -5.192660 0.000000
vt -1.139726 -4.649673 0.000000
vt -0.564241 -5.037369 0.000000
vt -0.984435 -4.629229 0.000000
vt -0.504300 -4.892660 0.000000
vt -0.839726 -4.569288 0.000000
vt -0.408949 -4.768396 0.000000
vt -0.715462 -4.473937 0.000000
vt -0.284685 -4.673045 0.000000
vt -0.620111 -4.349673 0.000000
vt -0.139977 -4.613104 0.000000
vt -0.560171 -4.204964 0.000000
vt 0.015315 -4.592660 0.000000
vt 0.580177 -4.205216 0.000000
vt 0.170606 -4.613104 0.000000
vt 0.640117 -4.349925 0.000000
vt 0.315315 -4.673045 0.000000
vt 0.735468 -4.474189 0.000000
vt 0.439579 -4.768396 0.000000
vt 0.859733 -4.569540 0.000000
vt 0.534930 -4.892660 0.000000
vt 1.004441 -4.629481 0.000000
vt 0.594870 -5.037369 0.000000
vt 1.159733 -4.649925 0.000000
vt 0.615315 -5.192660 0.000000
vt 1.315024 -4.629481 0.000000
vt 0.594870 -5.347951 0.000000
vt 1.459733 -4.569540 0.000000
vt 4.130948 -6.175210 0.000000
vt 4.150019 -6.150357 0.000000
vt 0.534930 -5.492660 0.000000
vt 4.118960 -6.204152 0.000000
vt 4.114871 -6.235210 0.000000
vt 0.439579 -5.616924 0.000000
vt 4.118960 -6.266269 0.000000
vt 4.130948 -6.295210 0.000000
vt 0.315315 -5.712275 0.000000
vt -1.563990 -3.625409 0.000000
vt -1.439726 -3.530058 0.000000
vt -0.539726 -4.049673 0.000000
vt 0.559733 -4.049925 0.000000
vt 1.583997 -3.625661 0.000000
vt 1.679348 -3.749925 0.000000
vt 1.739288 -3.894634 0.000000
vt 4.265930 -6.119299 0.000000
vt 1.759733 -4.049925 0.000000
vt 4.234871 -6.115210 0.000000
vt 1.739288 -4.205216 0.000000
vt 4.203813 -6.119299 0.000000
vt 1.679348 -4.349925 0.000000
vt 4.174871 -6.131287 0.000000
vt 1.583997 -4.474189 0.000000
vt 4.185728 6.327184 0.000000
vt 4.216787 6.331273 0.000000
vt 4.247845 6.327184 0.000000
vt 4.276787 6.315196 0.000000
vt 4.301640 6.296126 0.000000
vt 4.320710 6.271273 0.000000
vt 4.332698 6.242331 0.000000
vt 4.336787 6.211273 0.000000
vt 4.332698 6.180215 0.000000
vt 4.320710 6.151273 0.000000
vt 4.301640 6.126420 0.000000
vt 4.276787 6.107350 0.000000
vt -1.565032 4.375499 0.000000
vt -4.165123 6.110311 0.000000
vt -1.660383 4.251235 0.000000
vt -4.194065 6.098323 0.000000
vt -4.245308 -6.330728 0.000000
vt -4.274249 -6.318740 0.000000
vt -4.299102 -6.299670 0.000000
vt -4.318173 -6.274817 0.000000
vt -4.330161 -6.245875 0.000000
vt -4.334249 -6.214817 0.000000
vt -4.330161 -6.183759 0.000000
vt -4.318173 -6.154817 0.000000
vt -4.299102 -6.129964 0.000000
vt -4.274249 -6.110894 0.000000
vt -4.245308 -6.098906 0.000000
vt 4.265930 -6.351121 0.000000
vt 4.234871 -6.355210 0.000000
vt 4.203813 -6.351121 0.000000
vt 4.294871 -6.131287 0.000000
vt 4.319724 -6.150357 0.000000
vt 4.338794 -6.175210 0.000000
vt 4.350783 -6.204152 0.000000
vt 4.354871 -6.235210 0.000000
vt 4.350783 -6.266269 0.000000
vt 4.338794 -6.295210 0.000000
vt 4.319724 -6.320063 0.000000
vt 4.294871 -6.339133 0.000000
vt -4.500000 0.000000 0.000000
vt 0.559681 3.950023 0.000000
vt -0.540768 3.951235 0.000000
vt -1.565032 3.526971 0.000000
vt -1.660383 3.651235 0.000000
vt -1.720324 3.795944 0.000000
vt -0.350000 -4.500000 0.000000
vt 0.350000 -4.500000 0.000000
vt -0.350000 4.500000 0.000000
vt 0.350000 4.500000 0.000000
vt 0.350000 6.500000 0.000000
vt -0.350000 6.500000 0.000000
vt 0.350000 0.000000 0.000000
vt -0.350000 0.000000 0.000000
vt 0.350000 -6.500000 0.000000
vt -0.350000 -6.500000 0.000000
vt 0.350000 4.500000 0.000000
vt -0.350000 4.500000 0.000000
vt 0.350000 -4.500000 0.000000
vt -0.350000 -4.500000 0.000000
vt -0.350000 -6.500000 0.000000
vt 0.350000 -6.500000 0.000000
vt -0.350000 0.000000 0.000000
vt 0.350000 0.000000 0.000000
vt -0.350000 6.500000 0.000000
vt 0.350000 6.500000 0.000000
vn -0.000000 -1.000000 -0.000000
vn -0.000000 -1.000000 -0.000000
vn -0.000000 -1.000000 -0.000000
vn -0.000000 -1.000000 -0.000000
vn 1.000000 0.000000 0.000000
vn 1.000000 0.000000 0.000000
vn 1.000000 0.000000 0.000000
vn 1.000000 0.000000 0.000000
vn -0.000000 1.000000 -0.000000
vn -0.000000 1.000000 -0.000000
vn -0.000000 1.000000 -0.000000
vn -0.000000 1.000000 -0.000000
vn -1.000000 -0.000000 -0.000000
vn -1.000000 -0.000000 -0.000000
vn -1.000000 -0.000000 -0.000000
vn -1.000000 -0.000000 -0.000000
vn 0.965926 -0.258819 0.000000
vn 0.965926 -0.258819 0.000000
vn 1.000000 -0.000000 0.000000
vn 1.000000 -0.000000 0.000000
vn 0.965926 0.258819 0.000000
vn 0.965926 0.258819 0.000000
vn 0.866025 0.500000 0.000000
vn 0.866025 0.500000 0.000000
vn 0.707107 0.707107 0.000000
vn 0.707107 0.707107 0.000000
vn 0.500000 0.866025 0.000000
vn 0.500000 0.866025 0.000000
vn 0.258819 0.965926 0.000000
vn 0.258819 0.965926 0.000000
vn -0.000000 1.000000 0.000000
vn -0.000000 1.000000 0.000000
vn -0.258819 0.965926 0.000000
vn -0.258819 0.965926 0.000000
vn -0.500000 0.866025 0.000000
vn -0.500000 0.866025 0.000000
vn -0.707107 0.707107 0.000000
vn -0.707107 0.707107 0.000000
vn -0.866025 0.500000 0.000000
vn -0.866025 0.500000 0.000000
vn -0.965926 0.258819 0.000000
vn -0.965926 0.258819 0.000000
vn -1.000000 -0.000000 -0.000000
vn -1.000000 -0.000000 -0.000000
vn -0.965926 -0.258819 -0.000000
vn -0.965926 -0.258819 -0.000000
vn -0.866025 -0.500000 -0.000000
vn -0.866025 -0.500000 -0.000000
vn -0.707107 -0.707107 -0.000000
vn -0.707107 -0.707107 -0.000000
vn -0.500000 -0.866025 -0.000000
vn -0.500000 -0.866025 -0.000000
vn -0.258819 -0.965926 -0.000000
vn -0.258819 -0.965926 -0.000000
vn -0.000000 -1.000000 -0.000000
vn -0.000000 -1.000000 -0.000000
vn 0.258819 -0.965926 0.000000
vn 0.258819 -0.965926 0.000000
vn 0.500000 -0.866025 0.000000
vn 0.500000 -0.866025 0.000000
vn 0.707107 -0.707107 0.000000
vn 0.707107 -0.707107 0.000000
vn 0.866025 -0.500000 0.000000
vn 0.866025 -0.500000 0.000000
vn 0.965926 -0.258819 0.000000
vn 0.965926 -0.258819 0.000000
vn 1.000000 -0.000000 0.000000
vn 1.000000 -0.000000 0.000000
vn 0.965926 0.258819 0.000000
vn 0.965926 0.258819 0.000000
vn 0.866025 0.500000 0.000000
vn 0.866025 0.500000 0.000000
vn 0.707107 0.707107 0.000000
vn 0.707107 0.707107 0.000000
vn 0.500000 0.866025 0.000000
vn 0.500000 0.866025 0.000000
vn 0.258819 0.965926 0.000000
vn 0.258819 0.965926 0.000000
vn -0.000000 1.000000 0.000000
vn -0.000000 1.000000 0.000000
vn -0.258819 0.965926 0.000000
vn -0.258819 0.965926 0.000000
vn -0.500000 0.866025 0.000000
vn -0.500000 0.866025 0.000000
vn -0.707107 0.707107 0.000000
vn -0.707107 0.707107 0.000000
vn -0.866025 0.500000 0.000000
vn -0.866025 0.500000 0.000000
vn -0.965926 0.258819 0.000000
vn -0.965926 0.258819 0.000000
vn -1.000000 -0.000000 -0.000000
vn -1.000000 -0.000000 -0.000000
vn -0.965926 -0.258819 -0.000000
vn -0.965926 -0.258819 -0.000000
vn -0.866025 -0.500000 -0.000000
vn -0.866025 -0.500000 -0.000000
vn -0.707107 -0.707107 -0.000000
vn -0.707107 -0.707107 -0.000000
vn -0.500000 -0.866025 -0.000000
vn -0.500000 -0.866025 -0.000000
vn -0.258819 -0.965926 -0.000000
vn -0.258819 -0.965926 -0.000000
vn -0.000000 -1.000000 -0.000000
vn -0.000000 -1.000000 -0.000000
vn 0.258819 -0.965926 0.000000
vn 0.258819 -0.965926 0.000000
vn 0.500000 -0.866025 0.000000
vn 0.500000 -0.866025 0.000000
vn 0.707107 -0.707107 0.000000
vn 0.707107 -0.707107 0.000000
vn 0.866025 -0.500000 0.000000
vn 0.866025 -0.500000 0.000000
vn 0.965926 -0.258819 0.000000
vn 0.965926 -0.258819 0.000000
vn 1.000000 -0.000000 0.000000
vn 1.000000 -0.000000 0.000000
vn 0.965926 0.258819 0.000000
vn 0.965926 0.258819 0.000000
vn 0.866025 0.500000 0.000000
vn 0.866025 0.500000 0.000000
vn 0.707107 0.707107 0.000000
vn 0.707107 0.707107 0.000000
vn 0.500000 0.866025 0.000000
vn 0.500000 0.866025 0.000000
vn 0.258819 0.965926 0.000000
vn 0.258819 0.965926 0.000000
vn -0.000000 1.000000 0.000000
vn -0.000000 1.000000 0.000000
vn -0.258819 0.965926 0.000000
vn -0.258819 0.965926 0.000000
vn -0.500000 0.866025 0.000000
vn -0.500000 0.866025 0.000000
vn -0.707107 0.707107 0.000000
vn -0.707107 0.707107 0.000000
vn -0.866025 0.500000 0.000000
vn -0.866025 0.500000 0.000000
vn -0.965926 0.258819 0.000000
vn -0.965926 0.258819 0.000000
vn -1.000000 -0.000000 -0.000000
vn -1.000000 -0.000000 -0.000000
vn -0.965926 -0.258819 -0.000000
vn -0.965926 -0.258819 -0.000000
vn -0.866025 -0.500000 -0.000000
vn -0.866025 -0.500000 -0.000000
vn -0.707107 -0.707107 -0.000000
vn -0.707107 -0.707107 -0.000000
vn -0.500000 -0.866025 -0.000000
vn -0.500000 -0.866025 -0.000000
vn -0.258819 -0.965926 -0.000000
vn -0.258819 -0.965926 -0.000000
vn -0.000000 -1.000000 -0.000000
vn -0.000000 -1.000000 -0.000000
vn 0.258819 -0.965926 0.000000
vn 0.258819 -0.965926 0.000000
vn 0.500000 -0.866025 0.000000
vn 0.500000 -0.866025 0.000000
vn 0.707107 -0.707107 0.000000
vn 0.707107 -0.707107 0.000000
vn 0.866025 -0.500000 0.000000
vn 0.866025 -0.500000 0.000000
vn 0.965926 -0.258819 0.000000
vn 0.965926 -0.258819 0.000000
vn 1.000000 -0.000000 0.000000
vn 1.000000 -0.000000 0.000000
vn 0.965926 0.258819 0.000000
vn 0.965926 0.258819 0.000000
vn 0.866025 0.500000 0.000000
vn 0.866025 0.500000 0.000000
vn 0.707107 0.707107 0.000000
vn 0.707107 0.707107 0.000000
vn 0.500000 0.866025 0.000000
vn 0.500000 0.866025 0.000000
vn 0.258819 0.965926 0.000000
vn 0.258819 0.965926 0.000000
vn -0.000000 1.000000 0.000000
vn -0.000000 1.000000 0.000000
vn -0.258819 0.965926 0.000000
vn -0.258819 0.965926 0.000000
vn -0.500000 0.866025 0.000000
vn -0.500000 0.866025 0.000000
vn -0.707107 0.707107 0.000000
vn -0.707107 0.707107 0.000000
vn -0.866025 0.500000 0.000000
vn -0.866025 0.500000 0.000000
vn -0.965926 0.258819 0.000000
vn -0.965926 0.258819 0.000000
vn -1.000000 -0.000000 -0.000000
vn -1.000000 -0.000000 -0.000000
vn -0.965926 -0.258819 -0.000000
vn -0.965926 -0.258819 -0.000000
vn -0.866025 -0.500000 -0.000000
vn -0.866025 -0.500000 -0.000000
vn -0.707107 -0.707107 -0.000000
vn -0.707107 -0.707107 -0.000000
vn -0.500000 -0.866025 -0.000000
vn -0.500000 -0.866025 -0.000000
vn -0.258819 -0.965926 -0.000000
vn -0.258819 -0.965926 -0.000000
vn -0.000000 -1.000000 -0.000000
vn -0.000000 -1.000000 -0.000000
vn 0.258819 -0.965926 0.000000
vn 0.258819 -0.965926 0.000000
vn 0.500000 -0.866025 0.000000
vn 0.500000 -0.866025 0.000000
vn 0.707107 -0.707107 0.000000
vn 0.707107 -0.707107 0.000000
vn 0.866025 -0.500000 0.000000
vn 0.866025 -0.500000 0.000000
vn 0.965926 -0.258819 0.000000
vn 0.965926 -0.258819 0.000000
vn 1.000000 -0.000000 0.000000
vn 1.000000 -0.000000 0.000000
vn 0.965926 0.258819 0.000000
vn 0.965926 0.258819 0.000000
vn 0.866025 0.500000 0.000000
vn 0.866025 0.500000 0.000000
vn 0.707107 0.707107 0.000000
vn 0.707107 0.707107 0.000000
vn 0.500000 0.866025 0.000000
vn 0.500000 0.866025 0.000000
vn 0.258819 0.965926 0.000000
vn 0.258819 0.965926 0.000000
vn -0.000000 1.000000 0.000000
vn -0.000000 1.000000 0.000000
vn -0.258819 0.965926 0.000000
vn -0.258819 0.965926 0.000000
vn -0.500000 0.866025 0.000000
vn -0.500000 0.866025 0.000000
vn -0.707107 0.707107 0.000000
vn -0.707107 0.707107 0.000000
vn -0.866025 0.500000 0.000000
vn -0.866025 0.500000 0.000000
vn -0.965926 0.258819 0.000000
vn -0.965926 0.258819 0.000000
vn -1.000000 -0.000000 -0.000000
vn -1.000000 -0.000000 -0.000000
vn -0.965926 -0.258819 -0.000000
vn -0.965926 -0.258819 -0.000000
vn -0.866025 -0.500000 -0.000000
vn -0.866025 -0.500000 -0.000000
vn -0.707107 -0.707107 -0.000000
vn -0.707107 -0.707107 -0.000000
vn -0.500000 -0.866025 -0.000000
vn -0.500000 -0.866025 -0.000000
vn -0.258819 -0.965926 -0.000000
vn -0.258819 -0.965926 -0.000000
vn -0.000000 -1.000000 -0.000000
vn -0.000000 -1.000000 -0.000000
vn 0.258819 -0.965926 0.000000
vn 0.258819 -0.965926 0.000000
vn 0.500000 -0.866025 0.000000
vn 0.500000 -0.866025 0.000000
vn 0.707107 -0.707107 0.000000
vn 0.707107 -0.707107 0.000000
vn 0.866025 -0.500000 0.000000
vn 0.866025 -0.500000 0.000000
vn 0.965926 -0.258819 0.000000
vn 0.965926 -0.258819 0.000000
vn 1.000000 -0.000000 0.000000
vn 1.000000 -0.000000 0.000000
vn 0.965926 0.258819 0.000000
vn 0.965926 0.258819 0.000000
vn 0.866025 0.500000 0.000000
vn 0.866025 0.500000 0.000000
vn 0.707107 0.707107 0.000000
vn 0.707107 0.707107 0.000000
vn 0.500000 0.866025 0.000000
vn 0.500000 0.866025 0.000000
vn 0.258819 0.965926 0.000000
vn 0.258819 0.965926 0.000000
vn -0.000000 1.000000 0.000000
vn -0.000000 1.000000 0.000000
vn -0.258819 0.965926 0.000000
vn -0.258819 0.965926 0.000000
vn -0.500000 0.866025 0.000000
vn -0.500000 0.866025 0.000000
vn -0.707107 0.707107 0.000000
vn -0.707107 0.707107 0.000000
vn -0.866025 0.500000 0.000000
vn -0.866025 0.500000 0.000000
vn -0.965926 0.258819 0.000000
vn -0.965926 0.258819 0.000000
vn -1.000000 -0.000000 -0.000000
vn -1.000000 -0.000000 -0.000000
vn -0.965926 -0.258819 -0.000000
vn -0.965926 -0.258819 -0.000000
vn -0.866025 -0.500000 -0.000000
vn -0.866025 -0.500000 -0.000000
vn -0.707107 -0.707107 -0.000000
vn -0.707107 -0.707107 -0.000000
vn -0.500000 -0.866025 -0.000000
vn -0.500000 -0.866025 -0.000000
vn -0.258819 -0.965926 -0.000000
vn -0.258819 -0.965926 -0.000000
vn -0.000000 -1.000000 -0.000000
vn -0.000000 -1.000000 -0.000000
vn 0.258819 -0.965926 0.000000
vn 0.258819 -0.965926 0.000000
vn 0.500000 -0.866025 0.000000
vn 0.500000 -0.866025 0.000000
vn 0.707107 -0.707107 0.000000
vn 0.707107 -0.707107 0.000000
vn 0.866025 -0.500000 0.000000
vn 0.866025 -0.500000 0.000000
vn 0.965926 -0.258819 0.000000
vn 0.965926 -0.258819 0.000000
vn 1.000000 -0.000000 0.000000
vn 1.000000 -0.000000 0.000000
vn 0.965926 0.258819 0.000000
vn 0.965926 0.258819 0.000000
vn 0.866025 0.500000 0.000000
vn 0.866025 0.500000 0.000000
vn 0.707107 0.707107 0.000000
vn 0.707107 0.707107 0.000000
vn 0.500000 0.866025 0.000000
vn 0.500000 0.866025 0.000000
vn 0.258819 0.965926 0.000000
vn 0.258819 0.965926 0.000000
vn -0.000000 1.000000 0.000000
vn -0.000000 1.000000 0.000000
vn -0.258819 0.965926 0.000000
vn -0.258819 0.965926 0.000000
vn -0.500000 0.866025 0.000000
vn -0.500000 0.866025 0.000000
vn -0.707107 0.707107 0.000000
vn -0.707107 0.707107 0.000000
vn -0.866025 0.500000 0.000000
vn -0.866025 0.500000 0.000000
vn -0.965926 0.258819 0.000000
vn -0.965926 0.258819 0.000000
vn -1.000000 -0.000000 -0.000000
vn -1.000000 -0.000000 -0.000000
vn -0.965926 -0.258819 -0.000000
vn -0.965926 -0.258819 -0.000000
vn -0.866025 -0.500000 -0.000000
vn -0.866025 -0.500000 -0.000000
vn -0.707107 -0.707107 -0.000000
vn -0.707107 -0.707107 -0.000000
vn -0.500000 -0.866025 -0.000000
vn -0.500000 -0.866025 -0.000000
vn -0.258819 -0.965926 -0.000000
vn -0.258819 -0.965926 -0.000000
vn -0.000000 -1.000000 -0.000000
vn -0.000000 -1.000000 -0.000000
vn 0.258819 -0.965926 0.000000
vn 0.258819 -0.965926 0.000000
vn 0.500000 -0.866025 0.000000
vn 0.500000 -0.866025 0.000000
vn 0.707107 -0.707107 0.000000
vn 0.707107 -0.707107 0.000000
vn 0.866025 -0.500000 0.000000
vn 0.866025 -0.500000 0.000000
vn 0.965926 -0.258819 0.000000
vn 0.965926 -0.258819 0.000000
vn 1.000000 -0.000000 0.000000
vn 1.000000 -0.000000 0.000000
vn 0.965926 0.258819 0.000000
vn 0.965926 0.258819 0.000000
vn 0.866025 0.500000 0.000000
vn 0.866025 0.500000 0.000000
vn 0.707107 0.707107 0.000000
vn 0.707107 0.707107 0.000000
vn 0.500000 0.866025 0.000000
vn 0.500000 0.866025 0.000000
vn 0.258819 0.965926 0.000000
vn 0.258819 0.965926 0.000000
vn -0.000000 1.000000 0.000000
vn -0.000000 1.000000 0.000000
vn -0.258819 0.965926 0.000000
vn -0.258819 0.965926 0.000000
vn -0.500000 0.866025 0.000000
vn -0.500000 0.866025 0.000000
vn -0.707107 0.707107 0.000000
vn -0.707107 0.707107 0.000000
vn -0.866025 0.500000 0.000000
vn -0.866025 0.500000 0.000000
vn -0.965926 0.258819 0.000000
vn -0.965926 0.258819 0.000000
vn -1.000000 -0.000000 -0.000000
vn -1.000000 -0.000000 -0.000000
vn -0.965926 -0.258819 -0.000000
vn -0.965926 -0.258819 -0.000000
vn -0.866025 -0.500000 -0.000000
vn -0.866025 -0.500000 -0.000000
vn -0.707107 -0.707107 -0.000000
vn -0.707107 -0.707107 -0.000000
vn -0.500000 -0.866025 -0.000000
vn -0.500000 -0.866025 -0.000000
vn -0.258819 -0.965926 -0.000000
vn -0.258819 -0.965926 -0.000000
vn -0.000000 -1.000000 -0.000000
vn -0.000000 -1.000000 -0.000000
vn 0.258819 -0.965926 0.000000
vn 0.258819 -0.965926 0.000000
vn 0.500000 -0.866025 0.000000
vn 0.500000 -0.866025 0.000000
vn 0.707107 -0.707107 0.000000
vn 0.707107 -0.707107 0.000000
vn 0.866025 -0.500000 0.000000
vn 0.866025 -0.500000 0.000000
vn -0.683013 -0.183013 0.707107
vn -0.683013 -0.183013 0.707107
vn -0.707107 0.000000 0.707107
vn -0.707107 0.000000 0.707107
vn -0.683013 0.183013 0.707107
vn -0.683013 0.183013 0.707107
vn -0.612372 0.353553 0.707107
vn -0.612372 0.353553 0.707107
vn -0.500000 0.500000 0.707107
vn -0.500000 0.500000 0.707107
vn -0.353553 0.612372 0.707107
vn -0.353553 0.612372 0.707107
vn -0.183013 0.683013 0.707107
vn -0.183013 0.683013 0.707107
vn -0.000000 0.707107 0.707107
vn -0.000000 0.707107 0.707107
vn 0.183013 0.683013 0.707107
vn 0.183013 0.683013 0.707107
vn 0.353553 0.612372 0.707107
vn 0.353553 0.612372 0.707107
vn 0.500000 0.500000 0.707107
vn 0.500000 0.500000 0.707107
vn 0.612372 0.353553 0.707107
vn 0.612372 0.353553 0.707107
vn 0.683013 0.183013 0.707107
vn 0.683013 0.183013 0.707107
vn 0.707107 0.000000 0.707107
vn 0.707107 0.000000 0.707107
vn 0.683013 -0.183013 0.707107
vn 0.683013 -0.183013 0.707107
vn 0.612372 -0.353553 0.707107
vn 0.612372 -0.353553 0.707107
vn 0.500000 -0.500000 0.707107
vn 0.500000 -0.500000 0.707107
vn 0.353553 -0.612372 0.707107
vn 0.353553 -0.612372 0.707107
vn 0.183013 -0.683013 0.707107
vn 0.183013 -0.683013 0.707107
vn -0.000000 -0.707107 0.707107
vn -0.000000 -0.707107 0.707107
vn -0.183013 -0.683013 0.707107
vn -0.183013 -0.683013 0.707107
vn -0.353553 -0.612372 0.707107
vn -0.353553 -0.612372 0.707107
vn -0.500000 -0.500000 0.707107
vn -0.500000 -0.500000 0.707107
vn -0.612372 -0.353553 0.707107
vn -0.612372 -0.353553 0.707107
vn 0.965926 -0.258819 0.000000
vn 0.965926 -0.258819 0.000000
vn 1.000000 -0.000000 0.000000
vn 1.000000 -0.000000 0.000000
vn 0.965926 0.258819 0.000000
vn 0.965926 0.258819 0.000000
vn 0.866025 0.500000 0.000000
vn 0.866025 0.500000 0.000000
vn 0.707107 0.707107 0.000000
vn 0.707107 0.707107 0.000000
vn 0.500000 0.866025 0.000000
vn 0.500000 0.866025 0.000000
vn 0.258819 0.965926 0.000000
vn 0.258819 0.965926 0.000000
vn -0.000000 1.000000 0.000000
vn -0.000000 1.000000 0.000000
vn -0.258819 0.965926 0.000000
vn -0.258819 0.965926 0.000000
vn -0.500000 0.866025 0.000000
vn -0.500000 0.866025 0.000000
vn -0.707107 0.707107 0.000000
vn -0.707107 0.707107 0.000000
vn -0.866025 0.500000 0.000000
vn -0.866025 0.500000 0.000000
vn -0.965926 0.258819 0.000000
vn -0.965926 0.258819 0.000000
vn -1.000000 -0.000000 -0.000000
vn -1.000000 -0.000000 -0.000000
vn -0.965926 -0.258819 -0.000000
vn -0.965926 -0.258819 -0.000000
vn -0.866025 -0.500000 -0.000000
vn -0.866025 -0.500000 -0.000000
vn -0.707107 -0.707107 -0.000000
vn -0.707107 -0.707107 -0.000000
vn -0.500000 -0.866025 -0.000000
vn -0.500000 -0.866025 -0.000000
vn -0.258819 -0.965926 -0.000000
vn -0.258819 -0.965926 -0.000000
vn -0.000000 -1.000000 -0.000000
vn -0.000000 -1.000000 -0.000000
vn 0.258819 -0.965926 0.000000
vn 0.258819 -0.965926 0.000000
vn 0.500000 -0.866025 0.000000
vn 0.500000 -0.866025 0.000000
vn 0.707107 -0.707107 0.000000
vn 0.707107 -0.707107 0.000000
vn 0.866025 -0.500000 0.000000
vn 0.866025 -0.500000 0.000000
vn -0.683013 -0.183013 0.707107
vn -0.683013 -0.183013 0.707107
vn -0.707107 0.000000 0.707107
vn -0.707107 0.000000 0.707107
vn -0.683013 0.183013 0.707107
vn -0.683013 0.183013 0.707107
vn -0.612372 0.353553 0.707107
vn -0.612372 0.353553 0.707107
vn -0.500000 0.500000 0.707107
vn -0.500000 0.500000 0.707107
vn -0.353553 0.612372 0.707107
vn -0.353553 0.612372 0.707107
vn -0.183013 0.683013 0.707107
vn -0.183013 0.683013 0.707107
vn -0.000000 0.707107 0.707107
vn -0.000000 0.707107 0.707107
vn 0.183013 0.683013 0.707107
vn 0.183013 0.683013 0.707107
vn 0.353553 0.612372 0.707107
vn 0.353553 0.612372 0.707107
vn 0.500000 0.500000 0.707107
vn 0.500000 0.500000 0.707107
vn 0.612372 0.353553 0.707107
vn 0.612372 0.353553 0.707107
vn 0.683013 0.183013 0.707107
vn 0.683013 0.183013 0.707107
vn 0.707107 0.000000 0.707107
vn 0.707107 0.000000 0.707107
vn 0.683013 -0.183013 0.707107
vn 0.683013 -0.183013 0.707107
vn 0.612372 -0.353553 0.707107
vn 0.612372 -0.353553 0.707107
vn 0.500000 -0.500000 0.707107
vn 0.500000 -0.500000 0.707107
vn 0.353553 -0.612372 0.707107
vn 0.353553 -0.612372 0.707107
vn 0.183013 -0.683013 0.707107
vn 0.183013 -0.683013 0.707107
vn -0.000000 -0.707107 0.707107
vn -0.000000 -0.707107 0.707107
vn -0.183013 -0.683013 0.707107
vn -0.183013 -0.683013 0.707107
vn -0.353553 -0.612372 0.707107
vn -0.353553 -0.612372 0.707107
vn -0.500000 -0.500000 0.707107
vn -0.500000 -0.500000 0.707107
vn -0.612372 -0.353553 0.707107
vn -0.612372 -0.353553 0.707107
vn 0.965926 -0.258819 0.000000
vn 0.965926 -0.258819 0.000000
vn 1.000000 -0.000000 0.000000
vn 1.000000 -0.000000 0.000000
vn 0.965926 0.258819 0.000000
vn 0.965926 0.258819 0.000000
vn 0.866025 0.500000 0.000000
vn 0.866025 0.500000 0.000000
vn 0.707107 0.707107 0.000000
vn 0.707107 0.707107 0.000000
vn 0.500000 0.866025 0.000000
vn 0.500000 0.866025 0.000000
vn 0.258819 0.965926 0.000000
vn 0.258819 0.965926 0.000000
vn -0.000000 1.000000 0.000000
vn -0.000000 1.000000 0.000000
vn -0.258819 0.965926 0.000000
vn -0.258819 0.965926 0.000000
vn -0.500000 0.866025 0.000000
vn -0.500000 0.866025 0.000000
vn -0.707107 0.707107 0.000000
vn -0.707107 0.707107 0.000000
vn -0.866025 0.500000 0.000000
vn -0.866025 0.500000 0.000000
vn -0.965926 0.258819 0.000000
vn -0.965926 0.258819 0.000000
vn -1.000000 -0.000000 -0.000000
vn -1.000000 -0.000000 -0.000000
vn -0.965926 -0.258819 -0.000000
vn -0.965926 -0.258819 -0.000000
vn -0.866025 -0.500000 -0.000000
vn -0.866025 -0.500000 -0.000000
vn -0.707107 -0.707107 -0.000000
vn -0.707107 -0.707107 -0.000000
vn -0.500000 -0.866025 -0.000000
vn -0.500000 -0.866025 -0.000000
vn -0.258819 -0.965926 -0.000000
vn -0.258819 -0.965926 -0.000000
vn -0.000000 -1.000000 -0.000000
vn -0.000000 -1.000000 -0.000000
vn 0.258819 -0.965926 0.000000
vn 0.258819 -0.965926 0.000000
vn 0.500000 -0.866025 0.000000
vn 0.500000 -0.866025 0.000000
vn 0.707107 -0.707107 0.000000
vn 0.707107 -0.707107 0.000000
vn 0.866025 -0.500000 0.000000
vn 0.866025 -0.500000 0.000000
vn -0.683013 -0.183013 0.707107
vn -0.683013 -0.183013 0.707107
vn -0.707107 0.000000 0.707107
vn -0.707107 0.000000 0.707107
vn -0.683013 0.183013 0.707107
vn -0.683013 0.183013 0.707107
vn -0.612372 0.353553 0.707107
vn -0.612372 0.353553 0.707107
vn -0.500000 0.500000 0.707107
vn -0.500000 0.500000 0.707107
vn -0.353553 0.612372 0.707107
vn -0.353553 0.612372 0.707107
vn -0.183013 0.683013 0.707107
vn -0.183013 0.683013 0.707107
vn -0.000000 0.707107 0.707107
vn -0.000000 0.707107 0.707107
vn 0.183013 0.683013 0.707107
vn 0.183013 0.683013 0.707107
vn 0.353553 0.612372 0.707107
vn 0.353553 0.612372 0.707107
vn 0.500000 0.500000 0.707107
vn 0.500000 0.500000 0.707107
vn 0.612372 0.353553 0.707107
vn 0.612372 0.353553 0.707107
vn 0.683013 0.183013 0.707107
vn 0.683013 0.183013 0.707107
vn 0.707107 0.000000 0.707107
vn 0.707107 0.000000 0.707107
vn 0.683013 -0.183013 0.707107
vn 0.683013 -0.183013 0.707107
vn 0.612372 -0.353553 0.707107
vn 0.612372 -0.353553 0.707107
vn 0.500000 -0.500000 0.707107
vn 0.500000 -0.500000 0.707107
vn 0.353553 -0.612372 0.707107
vn 0.353553 -0.612372 0.707107
vn 0.183013 -0.683013 0.707107
vn 0.183013 -0.683013 0.707107
vn -0.000000 -0.707107 0.707107
vn -0.000000 -0.707107 0.707107
vn -0.183013 -0.683013 0.707107
vn -0.183013 -0.683013 0.707107
vn -0.353553 -0.612372 0.707107
vn -0.353553 -0.612372 0.707107
vn -0.500000 -0.500000 0.707107
vn -0.500000 -0.500000 0.707107
vn -0.612372 -0.353553 0.707107
vn -0.612372 -0.353553 0.707107
vn 0.965926 -0.258819 0.000000
vn 0.965926 -0.258819 0.000000
vn 1.000000 -0.000000 0.000000
vn 1.000000 -0.000000 0.000000
vn 0.965926 0.258819 0.000000
vn 0.965926 0.258819 0.000000
vn 0.866025 0.500000 0.000000
vn 0.866025 0.500000 0.000000
vn 0.707107 0.707107 0.000000
vn 0.707107 0.707107 0.000000
vn 0.500000 0.866025 0.000000
vn 0.500000 0.866025 0.000000
vn 0.258819 0.965926 0.000000
vn 0.258819 0.965926 0.000000
vn -0.000000 1.000000 0.000000
vn -0.000000 1.000000 0.000000
vn -0.258819 0.965926 0.000000
vn -0.258819 0.965926 0.000000
vn -0.500000 0.866025 0.000000
vn -0.500000 0.866025 0.000000
vn -0.707107 0.707107 0.000000
vn -0.707107 0.707107 0.000000
vn -0.866025 0.500000 0.000000
vn -0.866025 0.500000 0.000000
vn -0.965926 0.258819 0.000000
vn -0.965926 0.258819 0.000000
vn -1.000000 -0.000000 -0.000000
vn -1.000000 -0.000000 -0.000000
vn -0.965926 -0.258819 -0.000000
vn -0.965926 -0.258819 -0.000000
vn -0.866025 -0.500000 -0.000000
vn -0.866025 -0.500000 -0.000000
vn -0.707107 -0.707107 -0.000000
vn -0.707107 -0.707107 -0.000000
vn -0.500000 -0.866025 -0.000000
vn -0.500000 -0.866025 -0.000000
vn -0.258819 -0.965926 -0.000000
vn -0.258819 -0.965926 -0.000000
vn -0.000000 -1.000000 -0.000000
vn -0.000000 -1.000000 -0.000000
vn 0.258819 -0.965926 0.000000
vn 0.258819 -0.965926 0.000000
vn 0.500000 -0.866025 0.000000
vn 0.500000 -0.866025 0.000000
vn 0.707107 -0.707107 0.000000
vn 0.707107 -0.707107 0.000000
vn 0.866025 -0.500000 0.000000
vn 0.866025 -0.500000 0.000000
vn -0.683013 -0.183013 0.707107
vn -0.683013 -0.183013 0.707107
vn -0.707107 0.000000 0.707107
vn -0.707107 0.000000 0.707107
vn -0.683013 0.183013 0.707107
vn -0.683013 0.183013 0.707107
vn -0.612372 0.353553 0.707107
vn -0.612372 0.353553 0.707107
vn -0.500000 0.500000 0.707107
vn -0.500000 0.500000 0.707107
vn -0.353553 0.612372 0.707107
vn -0.353553 0.612372 0.707107
vn -0.183013 0.683013 0.707107
vn -0.183013 0.683013 0.707107
vn -0.000000 0.707107 0.707107
vn -0.000000 0.707107 0.707107
vn 0.183013 0.683013 0.707107
vn 0.183013 0.683013 0.707107
vn 0.353553 0.612372 0.707107
vn 0.353553 0.612372 0.707107
vn 0.500000 0.500000 0.707107
vn 0.500000 0.500000 0.707107
vn 0.612372 0.353553 0.707107
vn 0.612372 0.353553 0.707107
vn 0.683013 0.183013 0.707107
vn 0.683013 0.183013 0.707107
vn 0.707107 0.000000 0.707107
vn 0.707107 0.000000 0.707107
vn 0.683013 -0.183013 0.707107
vn 0.683013 -0.183013 0.707107
vn 0.612372 -0.353553 0.707107
vn 0.612372 -0.353553 0.707107
vn 0.500000 -0.500000 0.707107
vn 0.500000 -0.500000 0.707107
vn 0.353553 -0.612372 0.707107
vn 0.353553 -0.612372 0.707107
vn 0.183013 -0.683013 0.707107
vn 0.183013 -0.683013 0.707107
vn -0.000000 -0.707107 0.707107
vn -0.000000 -0.707107 0.707107
vn -0.183013 -0.683013 0.707107
vn -0.183013 -0.683013 0.707107
vn -0.353553 -0.612372 0.707107
vn -0.353553 -0.612372 0.707107
vn -0.500000 -0.500000 0.707107
vn -0.500000 -0.500000 0.707107
vn -0.612372 -0.353553 0.707107
vn -0.612372 -0.353553 0.707107
vn 0.965926 -0.258819 0.000000
vn 0.965926 -0.258819 0.000000
vn 1.000000 -0.000000 0.000000
vn 1.000000 -0.000000 0.000000
vn 0.965926 0.258819 0.000000
vn 0.965926 0.258819 0.000000
vn 0.866025 0.500000 0.000000
vn 0.866025 0.500000 0.000000
vn 0.707107 0.707107 0.000000
vn 0.707107 0.707107 0.000000
vn 0.500000 0.866025 0.000000
vn 0.500000 0.866025 0.000000
vn 0.258819 0.965926 0.000000
vn 0.258819 0.965926 0.000000
vn -0.000000 1.000000 0.000000
vn -0.000000 1.000000 0.000000
vn -0.258819 0.965926 0.000000
vn -0.258819 0.965926 0.000000
vn -0.500000 0.866025 0.000000
vn -0.500000 0.866025 0.000000
vn -0.707107 0.707107 0.000000
vn -0.707107 0.707107 0.000000
vn -0.866025 0.500000 0.000000
vn -0.866025 0.500000 0.000000
vn -0.965926 0.258819 0.000000
vn -0.965926 0.258819 0.000000
vn -1.000000 -0.000000 -0.000000
vn -1.000000 -0.000000 -0.000000
vn -0.965926 -0.258819 -0.000000
vn -0.965926 -0.258819 -0.000000
vn -0.866025 -0.500000 -0.000000
vn -0.866025 -0.500000 -0.000000
vn -0.707107 -0.707107 -0.000000
vn -0.707107 -0.707107 -0.000000
vn -0.500000 -0.866025 -0.000000
vn -0.500000 -0.866025 -0.000000
vn -0.258819 -0.965926 -0.000000
vn -0.258819 -0.965926 -0.000000
vn -0.000000 -1.000000 -0.000000
vn -0.000000 -1.000000 -0.000000
vn 0.258819 -0.965926 0.000000
vn 0.258819 -0.965926 0.000000
vn 0.500000 -0.866025 0.000000
vn 0.500000 -0.866025 0.000000
vn 0.707107 -0.707107 0.000000
vn 0.707107 -0.707107 0.000000
vn 0.866025 -0.500000 0.000000
vn 0.866025 -0.500000 0.000000
vn 0.000000 0.000000 1.000000
vn 0.000000 0.000000 1.000000
vn 0.000000 0.000000 1.000000
vn 0.000000 0.000000 1.000000
vn 0.000000 0.000000 1.000000
vn 0.000000 0.000000 1.000000
vn 0.000000 0.000000 1.000000
vn 0.000000 0.000000 1.000000
vn 0.000000 0.000000 1.000000
vn 0.000000 0.000000 1.000000
vn 0.000000 0.000000 1.000000
vn 0.000000 0.000000 1.000000
vn 0.000000 0.000000 1.000000
vn 0.000000 0.000000 1.000000
vn 0.000000 0.000000 1.000000
vn 0.000000 0.000000 1.000000
vn 0.000000 0.000000 1.000000
vn 0.000000 0.000000 1.000000
vn 0.000000 0.000000 1.000000
vn 0.000000 0.000000 1.000000
vn 0.000000 0.000000 1.000000
vn 0.000000 0.000000 1.000000
vn 0.000000 0.000000 1.000000
vn 0.000000 0.000000 1.000000
vn 0.000000 0.000000 1.000000
vn 0.000000 0.000000 1.000000
vn 0.000000 0.000000 1.000000
vn 0.000000 0.000000 1.000000
vn 0.000000 0.000000 1.000000
vn 0.000000 0.000000 1.000000
vn 0.000000 0.000000 1.000000
vn 0.000000 0.000000 1.000000
vn 0.000000 0.000000 1.000000
vn 0.000000 0.000000 1.000000
vn 0.000000 0.000000 1.000000
vn 0.000000 0.000000 1.000000
vn 0.000000 0.000000 1.000000
vn 0.000000 0.000000 1.000000
vn 0.000000 0.000000 1.000000
vn 0.000000 0.000000 1.000000
vn 0.000000 0.000000 1.000000
vn 0.000000 0.000000 1.000000
vn 0.000000 0.000000 1.000000
vn 0.000000 0.000000 1.000000
vn 0.000000 0.000000 1.000000
vn 0.000000 0.000000 1.000000
vn 0.000000 0.000000 1.000000
vn 0.000000 0.000000 1.000000
vn 0.000000 0.000000 1.000000
vn 0.000000 0.000000 1.000000
vn 0.000000 0.000000 1.000000
vn 0.000000 0.000000 1.000000
vn 0.000000 0.000000 1.000000
vn 0.000000 0.000000 1.000000
vn 0.000000 0.000000 1.000000
vn 0.000000 0.000000 1.000000
vn 0.000000 0.000000 1.000000
vn 0.000000 0.000000 1.000000
vn 0.000000 0.000000 1.000000
vn 0.000000 0.000000 1.000000
vn 0.000000 0.000000 1.000000
vn 0.000000 0.000000 1.000000
vn 0.000000 0.000000 1.000000
vn 0.000000 0.000000 1.000000
vn 0.000000 0.000000 1.000000
vn 0.000000 0.000000 1.000000
vn 0.000000 0.000000 1.000000
vn 0.000000 0.000000 1.000000
vn 0.000000 0.000000 1.000000
vn 0.000000 0.000000 1.000000
vn 0.000000 0.000000 1.000000
vn 0.000000 0.000000 1.000000
vn 0.000000 0.000000 1.000000
vn 0.000000 0.000000 1.000000
vn 0.000000 0.000000 1.000000
vn 0.000000 0.000000 1.000000
vn 0.000000 0.000000 1.000000
vn 0.000000 0.000000 1.000000
vn 0.000000 0.000000 1.000000
vn 0.000000 0.000000 1.000000
vn 0.000000 0.000000 1.000000
vn 0.000000 0.000000 1.000000
vn 0.000000 0.000000 1.000000
vn 0.000000 0.000000 1.000000
vn 0.000000 0.000000 1.000000
vn 0.000000 0.000000 1.000000
vn 0.000000 0.000000 1.000000
vn 0.000000 0.000000 1.000000
vn 0.000000 0.000000 1.000000
vn 0.000000 0.000000 1.000000
vn 0.000000 0.000000 1.000000
vn 0.000000 0.000000 1.000000
vn 0.000000 0.000000 1.000000
vn 0.000000 0.000000 1.000000
vn 0.000000 0.000000 1.000000
vn 0.000000 0.000000 1.000000
vn 0.000000 0.000000 1.000000
vn 0.000000 0.000000 1.000000
vn 0.000000 0.000000 1.000000
vn 0.000000 0.000000 1.000000
vn 0.000000 0.000000 1.000000
vn 0.000000 0.000000 1.000000
vn 0.000000 0.000000 1.000000
vn 0.000000 0.000000 1.000000
vn 0.000000 0.000000 1.000000
vn 0.000000 0.000000 1.000000
vn 0.000000 0.000000 1.000000
vn 0.000000 0.000000 1.000000
vn 0.000000 0.000000 1.000000
vn 0.000000 0.000000 1.000000
vn 0.000000 0.000000 1.000000
vn 0.000000 0.000000 1.000000
vn 0.000000 0.000000 1.000000
vn 0.000000 0.000000 1.000000
vn 0.000000 0.000000 1.000000
vn 0.000000 0.000000 1.000000
vn 0.000000 0.000000 1.000000
vn 0.000000 0.000000 1.000000
vn 0.000000 0.000000 1.000000
vn 0.000000 0.000000 1.000000
vn 0.000000 0.000000 1.000000
vn 0.000000 0.000000 1.000000
vn 0.000000 0.000000 1.000000
vn 0.000000 0.000000 1.000000
vn 0.000000 0.000000 1.000000
vn 0.000000 0.000000 1.000000
vn 0.000000 0.000000 1.000000
vn 0.000000 0.000000 1.000000
vn 0.000000 0.000000 1.000000
vn 0.000000 0.000000 1.000000
vn 0.000000 0.000000 1.000000
vn 0.000000 0.000000 1.000000
vn 0.000000 0.000000 1.000000
vn 0.000000 0.000000 1.000000
vn 0.000000 0.000000 1.000000
vn 0.000000 0.000000 1.000000
vn 0.000000 0.000000 1.000000
vn 0.000000 0.000000 1.000000
vn 0.000000 0.000000 1.000000
vn 0.000000 0.000000 1.000000
vn 0.000000 0.000000 1.000000
vn 0.000000 0.000000 1.000000
vn 0.000000 0.000000 1.000000
vn 0.000000 0.000000 1.000000
vn 0.000000 0.000000 1.000000
vn 0.000000 0.000000 1.000000
vn 0.000000 0.000000 1.000000
vn 0.000000 0.000000 1.000000
vn 0.000000 0.000000 1.000000
vn 0.000000 0.000000 1.000000
vn 0.000000 0.000000 1.000000
vn 0.000000 0.000000 1.000000
vn 0.000000 0.000000 1.000000
vn 0.000000 0.000000 1.000000
vn 0.000000 0.000000 1.000000
vn 0.000000 0.000000 1.000000
vn 0.000000 0.000000 1.000000
vn 0.000000 0.000000 1.000000
vn 0.000000 0.000000 1.000000
vn 0.000000 0.000000 1.000000
vn 0.000000 0.000000 1.000000
vn 0.000000 0.000000 1.000000
vn 0.000000 0.000000 1.000000
vn 0.000000 0.000000 1.000000
vn 0.000000 0.000000 1.000000
vn 0.000000 0.000000 1.000000
vn 0.000000 0.000000 1.000000
vn 0.000000 0.000000 1.000000
vn 0.000000 0.000000 1.000000
vn 0.000000 0.000000 1.000000
vn 0.000000 0.000000 1.000000
vn 0.000000 0.000000 1.000000
vn 0.000000 0.000000 1.000000
vn 0.000000 0.000000 1.000000
vn 0.000000 0.000000 1.000000
vn 0.000000 0.000000 1.000000
vn 0.000000 0.000000 1.000000
vn 0.000000 0.000000 1.000000
vn 0.000000 0.000000 1.000000
vn 0.000000 0.000000 1.000000
vn 0.000000 0.000000 1.000000
vn 0.000000 0.000000 1.000000
vn 0.000000 0.000000 1.000000
vn 0.000000 0.000000 1.000000
vn 0.000000 0.000000 1.000000
vn 0.000000 0.000000 1.000000
vn 0.000000 0.000000 1.000000
vn 0.000000 0.000000 1.000000
vn 0.000000 0.000000 1.000000
vn 0.000000 0.000000 1.000000
vn 0.000000 0.000000 1.000000
vn 0.000000 0.000000 1.000000
vn 0.000000 0.000000 1.000000
vn 0.000000 0.000000 1.000000
vn 0.000000 0.000000 1.000000
vn 0.000000 0.000000 1.000000
vn 0.000000 0.000000 1.000000
vn 0.000000 0.000000 1.000000
vn 0.000000 0.000000 1.000000
vn 0.000000 0.000000 1.000000
vn 0.000000 0.000000 1.000000
vn 0.000000 0.000000 1.000000
vn 0.000000 0.000000 1.000000
vn 0.000000 0.000000 1.000000
vn 0.000000 0.000000 1.000000
vn 0.000000 0.000000 1.000000
vn 0.000000 0.000000 1.000000
vn 0.000000 0.000000 1.000000
vn 0.000000 0.000000 1.000000
vn 0.000000 0.000000 1.000000
vn 0.000000 0.000000 1.000000
vn 0.000000 0.000000 1.000000
vn 0.000000 0.000000 1.000000
vn 0.000000 0.000000 1.000000
vn 0.000000 0.000000 1.000000
vn 0.000000 0.000000 1.000000
vn 0.000000 0.000000 1.000000
vn 0.000000 0.000000 1.000000
vn 0.000000 0.000000 1.000000
vn 0.000000 0.000000 1.000000
vn 0.000000 0.000000 1.000000
vn 0.000000 0.000000 1.000000
vn 0.000000 0.000000 1.000000
vn 0.000000 0.000000 1.000000
vn 0.000000 0.000000 1.000000
vn 0.000000 0.000000 1.000000
vn 0.000000 0.000000 1.000000
vn 0.000000 0.000000 1.000000
vn 0.000000 0.000000 1.000000
vn 0.000000 0.000000 1.000000
vn 0.000000 0.000000 1.000000
vn 0.000000 0.000000 1.000000
vn 0.000000 0.000000 1.000000
vn 0.000000 0.000000 1.000000
vn 0.000000 0.000000 1.000000
vn 0.000000 0.000000 1.000000
vn 0.000000 0.000000 1.000000
vn 0.000000 0.000000 1.000000
vn 0.000000 0.000000 1.000000
vn 0.000000 0.000000 1.000000
vn 0.000000 0.000000 1.000000
vn 0.000000 0.000000 1.000000
vn 0.000000 0.000000 1.000000
vn 0.000000 0.000000 1.000000
vn 0.000000 0.000000 1.000000
vn 0.000000 0.000000 1.000000
vn 0.000000 0.000000 1.000000
vn 0.000000 0.000000 1.000000
vn 0.000000 0.000000 1.000000
vn 0.000000 0.000000 1.000000
vn 0.000000 0.000000 1.000000
vn 0.000000 0.000000 1.000000
vn 0.000000 0.000000 1.000000
vn 0.000000 0.000000 1.000000
vn 0.000000 0.000000 1.000000
vn 0.000000 0.000000 1.000000
vn 0.000000 0.000000 1.000000
vn 0.000000 0.000000 1.000000
vn 0.000000 0.000000 1.000000
vn 0.000000 0.000000 1.000000
vn 0.000000 0.000000 1.000000
vn 0.000000 0.000000 1.000000
vn 0.000000 0.000000 1.000000
vn 0.000000 0.000000 1.000000
vn 0.000000 0.000000 1.000000
vn 0.000000 0.000000 1.000000
vn 0.000000 0.000000 1.000000
vn 0.000000 0.000000 1.000000
vn 0.000000 0.000000 1.000000
vn 0.000000 0.000000 1.000000
vn 0.000000 0.000000 1.000000
vn 0.000000 0.000000 1.000000
vn 0.000000 0.000000 1.000000
vn 0.000000 0.000000 1.000000
vn 0.000000 0.000000 1.000000
vn 0.000000 0.000000 1.000000
vn 0.000000 0.000000 1.000000
vn 0.000000 0.000000 1.000000
vn 0.000000 0.000000 1.000000
vn 0.000000 0.000000 1.000000
vn 0.000000 0.000000 1.000000
vn 0.000000 0.000000 1.000000
vn 0.000000 0.000000 1.000000
vn 0.000000 0.000000 1.000000
vn 0.000000 0.000000 1.000000
vn 0.000000 0.000000 1.000000
vn 0.000000 0.000000 1.000000
vn 0.000000 0.000000 1.000000
vn 0.000000 0.000000 1.000000
vn 0.000000 0.000000 1.000000
vn 0.000000 0.000000 1.000000
vn 0.000000 0.000000 1.000000
vn 0.000000 0.000000 1.000000
vn 0.000000 0.000000 1.000000
vn 0.000000 0.000000 1.000000
vn 0.000000 0.000000 1.000000
vn 0.000000 0.000000 1.000000
vn 0.000000 0.000000 1.000000
vn -0.000000 -0.000000 -1.000000
vn -0.000000 -0.000000 -1.000000
vn -0.000000 -0.000000 -1.000000
vn -0.000000 -0.000000 -1.000000
vn -0.000000 -0.000000 -1.000000
vn -0.000000 -0.000000 -1.000000
vn -0.000000 -0.000000 -1.000000
vn -0.000000 -0.000000 -1.000000
vn -0.000000 -0.000000 -1.000000
vn -0.000000 -0.000000 -1.000000
vn -0.000000 -0.000000 -1.000000
vn -0.000000 -0.000000 -1.000000
vn -0.000000 -0.000000 -1.000000
vn -0.000000 -0.000000 -1.000000
vn -0.000000 -0.000000 -1.000000
vn -0.000000 -0.000000 -1.000000
vn -0.000000 -0.000000 -1.000000
vn -0.000000 -0.000000 -1.000000
vn -0.000000 -0.000000 -1.000000
vn -0.000000 -0.000000 -1.000000
vn -0.000000 -0.000000 -1.000000
vn -0.000000 -0.000000 -1.000000
vn -0.000000 -0.000000 -1.000000
vn -0.000000 -0.000000 -1.000000
vn -0.000000 -0.000000 -1.000000
vn -0.000000 -0.000000 -1.000000
vn -0.000000 -0.000000 -1.000000
vn -0.000000 -0.000000 -1.000000
vn -0.000000 -0.000000 -1.000000
vn -0.000000 -0.000000 -1.000000
vn -0.000000 -0.000000 -1.000000
vn -0.000000 -0.000000 -1.000000
vn -0.000000 -0.000000 -1.000000
vn -0.000000 -0.000000 -1.000000
vn -0.000000 -0.000000 -1.000000
vn -0.000000 -0.000000 -1.000000
vn -0.000000 -0.000000 -1.000000
vn -0.000000 -0.000000 -1.000000
vn -0.000000 -0.000000 -1.000000
vn -0.000000 -0.000000 -1.000000
vn -0.000000 -0.000000 -1.000000
vn -0.000000 -0.000000 -1.000000
vn -0.000000 -0.000000 -1.000000
vn -0.000000 -0.000000 -1.000000
vn -0.000000 -0.000000 -1.000000
vn -0.000000 -0.000000 -1.000000
vn -0.000000 -0.000000 -1.000000
vn -0.000000 -0.000000 -1.000000
vn -0.000000 -0.000000 -1.000000
vn -0.000000 -0.000000 -1.000000
vn -0.000000 -0.000000 -1.000000
vn -0.000000 -0.000000 -1.000000
vn -0.000000 -0.000000 -1.000000
vn -0.000000 -0.000000 -1.000000
vn -0.000000 -0.000000 -1.000000
vn -0.000000 -0.000000 -1.000000
vn -0.000000 -0.000000 -1.000000
vn -0.000000 -0.000000 -1.000000
vn -0.000000 -0.000000 -1.000000
vn -0.000000 -0.000000 -1.000000
vn -0.000000 -0.000000 -1.000000
vn -0.000000 -0.000000 -1.000000
vn -0.000000 -0.000000 -1.000000
vn -0.000000 -0.000000 -1.000000
vn -0.000000 -0.000000 -1.000000
vn -0.000000 -0.000000 -1.000000
vn -0.000000 -0.000000 -1.000000
vn -0.000000 -0.000000 -1.000000
vn -0.000000 -0.000000 -1.000000
vn -0.000000 -0.000000 -1.000000
vn -0.000000 -0.000000 -1.000000
vn -0.000000 -0.000000 -1.000000
vn -0.000000 -0.000000 -1.000000
vn -0.000000 -0.000000 -1.000000
vn -0.000000 -0.000000 -1.000000
vn -0.000000 -0.000000 -1.000000
vn -0.000000 -0.000000 -1.000000
vn -0.000000 -0.000000 -1.000000
vn -0.000000 -0.000000 -1.000000
vn -0.000000 -0.000000 -1.000000
vn -0.000000 -0.000000 -1.000000
vn -0.000000 -0.000000 -1.000000
vn -0.000000 -0.000000 -1.000000
vn -0.000000 -0.000000 -1.000000
vn -0.000000 -0.000000 -1.000000
vn -0.000000 -0.000000 -1.000000
vn -0.000000 -0.000000 -1.000000
vn -0.000000 -0.000000 -1.000000
vn -0.000000 -0.000000 -1.000000
vn -0.000000 -0.000000 -1.000000
vn -0.000000 -0.000000 -1.000000
vn -0.000000 -0.000000 -1.000000
vn -0.000000 -0.000000 -1.000000
vn -0.000000 -0.000000 -1.000000
vn -0.000000 -0.000000 -1.000000
vn -0.000000 -0.000000 -1.000000
vn -0.000000 -0.000000 -1.000000
vn -0.000000 -0.000000 -1.000000
vn -0.000000 -0.000000 -1.000000
vn -0.000000 -0.000000 -1.000000
vn -0.000000 -0.000000 -1.000000
vn -0.000000 -0.000000 -1.000000
vn -0.000000 -0.000000 -1.000000
vn -0.000000 -0.000000 -1.000000
vn -0.000000 -0.000000 -1.000000
vn -0.000000 -0.000000 -1.000000
vn -0.000000 -0.000000 -1.000000
vn -0.000000 -0.000000 -1.000000
vn -0.000000 -0.000000 -1.000000
vn -0.000000 -0.000000 -1.000000
vn -0.000000 -0.000000 -1.000000
vn -0.000000 -0.000000 -1.000000
vn -0.000000 -0.000000 -1.000000
vn -0.000000 -0.000000 -1.000000
vn -0.000000 -0.000000 -1.000000
vn -0.000000 -0.000000 -1.000000
vn -0.000000 -0.000000 -1.000000
vn -0.000000 -0.000000 -1.000000
vn -0.000000 -0.000000 -1.000000
vn -0.000000 -0.000000 -1.000000
vn -0.000000 -0.000000 -1.000000
vn -0.000000 -0.000000 -1.000000
vn -0.000000 -0.000000 -1.000000
vn -0.000000 -0.000000 -1.000000
vn -0.000000 -0.000000 -1.000000
vn -0.000000 -0.000000 -1.000000
vn -0.000000 -0.000000 -1.000000
vn -0.000000 -0.000000 -1.000000
vn -0.000000 -0.000000 -1.000000
vn -0.000000 -0.000000 -1.000000
vn -0.000000 -0.000000 -1.000000
vn -0.000000 -0.000000 -1.000000
vn -0.000000 -0.000000 -1.000000
vn -0.000000 -0.000000 -1.000000
vn -0.000000 -0.000000 -1.000000
vn -0.000000 -0.000000 -1.000000
vn -0.000000 -0.000000 -1.000000
vn -0.000000 -0.000000 -1.000000
vn -0.000000 -0.000000 -1.000000
vn -0.000000 -0.000000 -1.000000
vn -0.000000 -0.000000 -1.000000
vn -0.000000 -0.000000 -1.000000
vn -0.000000 -0.000000 -1.000000
vn -0.000000 -0.000000 -1.000000
vn -0.000000 -0.000000 -1.000000
vn -0.000000 -0.000000 -1.000000
vn -0.000000 -0.000000 -1.000000
vn -0.000000 -0.000000 -1.000000
vn -0.000000 -0.000000 -1.000000
vn -0.000000 -0.000000 -1.000000
vn -0.000000 -0.000000 -1.000000
vn -0.000000 -0.000000 -1.000000
vn -0.000000 -0.000000 -1.000000
vn -0.000000 -0.000000 -1.000000
vn -0.000000 -0.000000 -1.000000
vn -0.000000 -0.000000 -1.000000
vn -0.000000 -0.000000 -1.000000
vn -0.000000 -0.000000 -1.000000
vn -0.000000 -0.000000 -1.000000
vn -0.000000 -0.000000 -1.000000
vn -0.000000 -0.000000 -1.000000
vn -0.000000 -0.000000 -1.000000
vn -0.000000 -0.000000 -1.000000
vn -0.000000 -0.000000 -1.000000
vn -0.000000 -0.000000 -1.000000
vn -0.000000 -0.000000 -1.000000
vn -0.000000 -0.000000 -1.000000
vn -0.000000 -0.000000 -1.000000
vn -0.000000 -0.000000 -1.000000
vn -0.000000 -0.000000 -1.000000
vn -0.000000 -0.000000 -1.000000
vn -0.000000 -0.000000 -1.000000
vn -0.000000 -0.000000 -1.000000
vn -0.000000 -0.000000 -1.000000
vn -0.000000 -0.000000 -1.000000
vn -0.000000 -0.000000 -1.000000
vn -0.000000 -0.000000 -1.000000
vn -0.000000 -0.000000 -1.000000
vn -0.000000 -0.000000 -1.000000
vn -0.000000 -0.000000 -1.000000
vn -0.000000 -0.000000 -1.000000
vn -0.000000 -0.000000 -1.000000
vn -0.000000 -0.000000 -1.000000
vn -0.000000 -0.000000 -1.000000
vn -0.000000 -0.000000 -1.000000
vn -0.000000 -0.000000 -1.000000
vn -0.000000 -0.000000 -1.000000
vn -0.000000 -0.000000 -1.000000
vn -0.000000 -0.000000 -1.000000
vn -0.000000 -0.000000 -1.000000
vn -0.000000 -0.000000 -1.000000
vn -0.000000 -0.000000 -1.000000
vn -0.000000 -0.000000 -1.000000
vn -0.000000 -0.000000 -1.000000
vn -0.000000 -0.000000 -1.000000
vn -0.000000 -0.000000 -1.000000
vn -0.000000 -0.000000 -1.000000
vn -0.000000 -0.000000 -1.000000
vn -0.000000 -0.000000 -1.000000
vn -0.000000 -0.000000 -1.000000
vn -0.000000 -0.000000 -1.000000
vn -0.000000 -0.000000 -1.000000
vn -0.000000 -0.000000 -1.000000
vn -0.000000 -0.000000 -1.000000
vn -0.000000 -0.000000 -1.000000
vn -0.000000 -0.000000 -1.000000
vn -0.000000 -0.000000 -1.000000
vn -0.000000 -0.000000 -1.000000
vn -0.000000 -0.000000 -1.000000
vn -0.000000 -0.000000 -1.000000
vn -0.000000 -0.000000 -1.000000
vn -0.000000 -0.000000 -1.000000
vn -0.000000 -0.000000 -1.000000
vn -0.000000 -0.000000 -1.000000
vn -0.000000 -0.000000 -1.000000
vn -0.000000 -0.000000 -1.000000
vn -0.000000 -0.000000 -1.000000
vn -0.000000 -0.000000 -1.000000
vn -0.000000 -0.000000 -1.000000
vn -0.000000 -0.000000 -1.000000
vn -0.000000 -0.000000 -1.000000
vn -0.000000 -0.000000 -1.000000
vn -0.000000 -0.000000 -1.000000
vn -0.000000 -0.000000 -1.000000
vn -0.000000 -0.000000 -1.000000
vn -0.000000 -0.000000 -1.000000
vn -0.000000 -0.000000 -1.000000
vn -0.000000 -0.000000 -1.000000
vn -0.000000 -0.000000 -1.000000
vn -0.000000 -0.000000 -1.000000
vn -0.000000 -0.000000 -1.000000
vn -0.000000 -0.000000 -1.000000
vn -0.000000 -0.000000 -1.000000
vn -0.000000 -0.000000 -1.000000
vn -0.000000 -0.000000 -1.000000
vn -0.000000 -0.000000 -1.000000
vn -0.000000 -0.000000 -1.000000
vn -0.000000 -0.000000 -1.000000
vn -0.000000 -0.000000 -1.000000
vn -0.000000 -0.000000 -1.000000
vn -0.000000 -0.000000 -1.000000
vn -0.000000 -0.000000 -1.000000
vn -0.000000 -0.000000 -1.000000
vn -0.000000 -0.000000 -1.000000
vn -0.000000 -0.000000 -1.000000
vn -0.000000 -0.000000 -1.000000
vn -0.000000 -0.000000 -1.000000
vn -0.000000 -0.000000 -1.000000
vn -0.000000 -0.000000 -1.000000
vn -0.000000 -0.000000 -1.000000
vn -0.000000 -0.000000 -1.000000
vn -0.000000 -0.000000 -1.000000
vn -0.000000 -0.000000 -1.000000
vn -0.000000 -0.000000 -1.000000
vn -0.000000 -0.000000 -1.000000
vn -0.000000 -0.000000 -1.000000
vn -0.000000 -0.000000 -1.000000
vn -0.000000 -0.000000 -1.000000
vn -0.000000 -0.000000 -1.000000
vn -0.000000 -0.000000 -1.000000
vn -0.000000 -0.000000 -1.000000
vn -0.000000 -0.000000 -1.000000
vn -0.000000 -0.000000 -1.000000
vn -0.000000 -0.000000 -1.000000
vn -0.000000 -0.000000 -1.000000
vn -0.000000 -0.000000 -1.000000
vn -0.000000 -0.000000 -1.000000
vn -0.000000 -0.000000 -1.000000
vn -0.000000 -0.000000 -1.000000
vn -0.000000 -0.000000 -1.000000
vn -0.000000 -0.000000 -1.000000
vn -0.000000 -0.000000 -1.000000
vn -0.000000 -0.000000 -1.000000
vn -0.000000 -0.000000 -1.000000
vn -0.000000 -0.000000 -1.000000
vn -0.000000 -0.000000 -1.000000
vn -0.000000 -0.000000 -1.000000
vn -0.000000 -0.000000 -1.000000
vn -0.000000 -0.000000 -1.000000
vn -0.000000 -0.000000 -1.000000
vn -0.000000 -0.000000 -1.000000
vn -0.000000 -0.000000 -1.000000
vn -0.000000 -0.000000 -1.000000
vn -0.000000 -0.000000 -1.000000
vn -0.000000 -0.000000 -1.000000
vn -0.000000 -0.000000 -1.000000
vn -0.000000 -0.000000 -1.000000
vn -0.000000 -0.000000 -1.000000
vn -0.000000 -0.000000 -1.000000
vn -0.000000 -0.000000 -1.000000
vn -0.000000 -0.000000 -1.000000
vn -0.000000 -0.000000 -1.000000
vn -0.000000 -0.000000 -1.000000
vn -0.000000 -0.000000 -1.000000
vn -0.000000 -0.000000 -1.000000
vn -0.000000 -0.000000 -1.000000
vn -0.000000 -0.000000 -1.000000
vn -0.000000 -0.000000 -1.000000
vn -1.000000 -0.000000 -0.000000
vn -1.000000 -0.000000 -0.000000
vn -1.000000 -0.000000 -0.000000
vn -1.000000 -0.000000 -0.000000
vn -0.000000 1.000000 -0.000000
vn -0.000000 1.000000 -0.000000
vn -0.000000 1.000000 -0.000000
vn -0.000000 1.000000 -0.000000
vn -0.000000 1.000000 -0.000000
vn -0.000000 1.000000 -0.000000
vn 1.000000 -0.000000 -0.000000
vn 1.000000 -0.000000 -0.000000
vn 1.000000 -0.000000 -0.000000
vn 1.000000 -0.000000 -0.000000
vn -0.000000 -1.000000 -0.000000
vn -0.000000 -1.000000 -0.000000
vn -0.000000 -1.000000 -0.000000
vn -0.000000 -1.000000 -0.000000
vn -0.000000 -1.000000 -0.000000
vn -0.000000 -1.000000 -0.000000
f 713/1111/1063 714/1112/1064 716/1113/1065
f 716/1113/1065 714/1112/1064 715/1114/1066
f 717/1115/1067 713/1116/1068 718/1117/1069
f 718/1117/1069 713/1116/1068 716/1118/1070
f 719/1119/1071 717/1120/1072 720/1121/1073
f 720/1121/1073 717/1120/1072 718/1122/1074
f 714/1123/1075 719/1124/1076 715/1125/1077
f 715/1125/1077 719/1124/1076 720/1126/1078
f 722/1127/1079 756/1128/1080 721/1129/1081
f 721/1129/1081 756/1128/1080 757/1130/1082
f 721/1131/1081 757/1132/1082 744/1133/1083
f 744/1133/1083 757/1132/1082 758/1134/1084
f 744/1133/1083 758/1134/1084 743/1135/1085
f 743/1135/1085 758/1134/1084 759/1136/1086
f 743/1135/1085 759/1136/1086 742/1137/1087
f 742/1137/1087 759/1136/1086 760/1138/1088
f 742/1137/1087 760/1138/1088 741/1139/1089
f 741/1139/1089 760/1138/1088 761/1140/1090
f 741/1139/1089 761/1140/1090 740/1141/1091
f 740/1141/1091 761/1140/1090 762/1142/1092
f 740/1141/1091 762/1142/1092 739/1143/1093
f 739/1143/1093 762/1142/1092 763/1144/1094
f 739/1143/1093 763/1144/1094 738/1145/1095
f 738/1145/1095 763/1144/1094 764/1146/1096
f 738/1145/1095 764/1146/1096 737/1147/1097
f 737/1147/1097 764/1146/1096 765/1148/1098
f 737/1147/1097 765/1148/1098 736/1149/1099
f 736/1149/1099 765/1148/1098 766/1150/1100
f 736/1149/1099 766/1150/1100 735/1151/1101
f 735/1151/1101 766/1150/1100 767/1152/1102
f 735/1151/1101 767/1152/1102 734/1153/1103
f 734/1153/1103 767/1152/1102 768/1154/1104
f 734/1153/1103 768/1154/1104 733/1155/1105
f 733/1155/1105 768/1154/1104 745/1156/1106
f 733/1155/1105 745/1156/1106 732/1157/1107
f 732/1157/1107 745/1156/1106 746/1158/1108
f 732/1157/1107 746/1158/1108 731/1159/1109
f 731/1159/1109 746/1158/1108 747/1160/1110
f 731/1159/1109 747/1160/1110 730/1161/1111
f 730/1161/1111 747/1160/1110 748/1162/1112
f 730/1161/1111 748/1162/1112 729/1163/1113
f 729/1163/1113 748/1162/1112 749/1164/1114
f 729/1163/1113 749/1164/1114 728/1165/1115
f 728/1165/1115 749/1164/1114 750/1166/1116
f 728/1165/1115 750/1166/1116 727/1167/1117
f 727/1167/1117 750/1166/1116 751/1168/1118
f 727/1167/1117 751/1168/1118 726/1169/1119
f 726/1169/1119 751/1168/1118 752/1170/1120
f 726/1169/1119 752/1170/1120 725/1171/1121
f 725/1171/1121 752/1170/1120 753/1172/1122
f 725/1171/1121 753/1172/1122 724/1173/1123
f 724/1173/1123 753/1172/1122 754/1174/1124
f 724/1173/1123 754/1174/1124 723/1175/1125
f 723/1175/1125 754/1174/1124 755/1176/1126
f 723/1175/1125 755/1176/1126 722/1127/1079
f 722/1127/1079 755/1176/1126 756/1128/1080
f 770/1177/1127 804/1178/1128 769/1179/1129
f 769/1179/1129 804/1178/1128 805/1180/1130
f 769/1181/1129 805/1182/1130 792/1183/1131
f 792/1183/1131 805/1182/1130 806/1184/1132
f 792/1183/1131 806/1184/1132 791/1185/1133
f 791/1185/1133 806/1184/1132 807/1186/1134
f 791/1185/1133 807/1186/1134 790/1187/1135
f 790/1187/1135 807/1186/1134 808/1188/1136
f 790/1187/1135 808/1188/1136 789/1189/1137
f 789/1189/1137 808/1188/1136 809/1190/1138
f 789/1189/1137 809/1190/1138 788/1191/1139
f 788/1191/1139 809/1190/1138 810/1192/1140
f 788/1191/1139 810/1192/1140 787/1193/1141
f 787/1193/1141 810/1192/1140 811/1194/1142
f 787/1193/1141 811/1194/1142 786/1195/1143
f 786/1195/1143 811/1194/1142 812/1196/1144
f 786/1195/1143 812/1196/1144 785/1197/1145
f 785/1197/1145 812/1196/1144 813/1198/1146
f 785/1197/1145 813/1198/1146 784/1199/1147
f 784/1199/1147 813/1198/1146 814/1200/1148
f 784/1199/1147 814/1200/1148 783/1201/1149
f 783/1201/1149 814/1200/1148 815/1202/1150
f 783/1201/1149 815/1202/1150 782/1203/1151
f 782/1203/1151 815/1202/1150 816/1204/1152
f 782/1203/1151 816/1204/1152 781/1205/1153
f 781/1205/1153 816/1204/1152 793/1206/1154
f 781/1205/1153 793/1206/1154 780/1207/1155
f 780/1207/1155 793/1206/1154 794/1208/1156
f 780/1207/1155 794/1208/1156 779/1209/1157
f 779/1209/1157 794/1208/1156 795/1210/1158
f 779/1209/1157 795/1210/1158 778/1211/1159
f 778/1211/1159 795/1210/1158 796/1212/1160
f 778/1211/1159 796/1212/1160 777/1213/1161
f 777/1213/1161 796/1212/1160 797/1214/1162
f 777/1213/1161 797/1214/1162 776/1215/1163
f 776/1215/1163 797/1214/1162 798/1216/1164
f 776/1215/1163 798/1216/1164 775/1217/1165
f 775/1217/1165 798/1216/1164 799/1218/1166
f 775/1217/1165 799/1218/1166 774/1219/1167
f 774/1219/1167 799/1218/1166 800/1220/1168
f 774/1219/1167 800/1220/1168 773/1221/1169
f 773/1221/1169 800/1220/1168 801/1222/1170
f 773/1221/1169 801/1222/1170 772/1223/1171
f 772/1223/1171 801/1222/1170 802/1224/1172
f 772/1223/1171 802/1224/1172 771/1225/1173
f 771/1225/1173 802/1224/1172 803/1226/1174
f 771/1225/1173 803/1226/1174 770/1177/1127
f 770/1177/1127 803/1226/1174 804/1178/1128
f 818/1227/1175 852/1228/1176 817/1229/1177
f 817/1229/1177 852/1228/1176 853/1230/1178
f 817/1231/1177 853/1232/1178 840/1233/1179
f 840/1233/1179 853/1232/1178 854/1234/1180
f 840/1233/1179 854/1234/1180 839/1235/1181
f 839/1235/1181 854/1234/1180 855/1236/1182
f 839/1235/1181 855/1236/1182 838/1237/1183
f 838/1237/1183 855/1236/1182 856/1238/1184
f 838/1237/1183 856/1238/1184 837/1239/1185
f 837/1239/1185 856/1238/1184 857/1240/1186
f 837/1239/1185 857/1240/1186 836/1241/1187
f 836/1241/1187 857/1240/1186 858/1242/1188
f 836/1241/1187 858/1242/1188 835/1243/1189
f 835/1243/1189 858/1242/1188 859/1244/1190
f 835/1243/1189 859/1244/1190 834/1245/1191
f 834/1245/1191 859/1244/1190 860/1246/1192
f 834/1245/1191 860/1246/1192 833/1247/1193
f 833/1247/1193 860/1246/1192 861/1248/1194
f 833/1247/1193 861/1248/1194 832/1249/1195
f 832/1249/1195 861/1248/1194 862/1250/1196
f 832/1249/1195 862/1250/1196 831/1251/1197
f 831/1251/1197 862/1250/1196 863/1252/1198
f 831/1251/1197 863/1252/1198 830/1253/1199
f 830/1253/1199 863/1252/1198 864/1254/1200
f 830/1253/1199 864/1254/1200 829/1255/1201
f 829/1255/1201 864/1254/1200 841/1256/1202
f 829/1255/1201 841/1256/1202 828/1257/1203
f 828/1257/1203 841/1256/1202 842/1258/1204
f 828/1257/1203 842/1258/1204 827/1259/1205
f 827/1259/1205 842/1258/1204 843/1260/1206
f 827/1259/1205 843/1260/1206 826/1261/1207
f 826/1261/1207 843/1260/1206 844/1262/1208
f 826/1261/1207 844/1262/1208 825/1263/1209
f 825/1263/1209 844/1262/1208 845/1264/1210
f 825/1263/1209 845/1264/1210 824/1265/1211
f 824/1265/1211 845/1264/1210 846/1266/1212
f 824/1265/1211 846/1266/1212 823/1267/1213
f 823/1267/1213 846/1266/1212 847/1268/1214
f 823/1267/1213 847/1268/1214 822/1269/1215
f 822/1269/1215 847/1268/1214 848/1270/1216
f 822/1269/1215 848/1270/1216 821/1271/1217
f 821/1271/1217 848/1270/1216 849/1272/1218
f 821/1271/1217 849/1272/1218 820/1273/1219
f 820/1273/1219 849/1272/1218 850/1274/1220
f 820/1273/1219 850/1274/1220 819/1275/1221
f 819/1275/1221 850/1274/1220 851/1276/1222
f 819/1275/1221 851/1276/1222 818/1227/1175
f 818/1227/1175 851/1276/1222 852/1228/1176
f 866/1277/1223 900/1278/1224 865/1279/1225
f 865/1279/1225 900/1278/1224 901/1280/1226
f 865/1281/1225 901/1282/1226 888/1283/1227
f 888/1283/1227 901/1282/1226 902/1284/1228
f 888/1283/1227 902/1284/1228 887/1285/1229
f 887/1285/1229 902/1284/1228 903/1286/1230
f 887/1285/1229 903/1286/1230 886/1287/1231
f 886/1287/1231 903/1286/1230 904/1288/1232
f 886/1287/1231 904/1288/1232 885/1289/1233
f 885/1289/1233 904/1288/1232 905/1290/1234
f 885/1289/1233 905/1290/1234 884/1291/1235
f 884/1291/1235 905/1290/1234 906/1292/1236
f 884/1291/1235 906/1292/1236 883/1293/1237
f 883/1293/1237 906/1292/1236 907/1294/1238
f 883/1293/1237 907/1294/1238 882/1295/1239
f 882/1295/1239 907/1294/1238 908/1296/1240
f 882/1295/1239 908/1296/1240 881/1297/1241
f 881/1297/1241 908/1296/1240 909/1298/1242
f 881/1297/1241 909/1298/1242 880/1299/1243
f 880/1299/1243 909/1298/1242 910/1300/1244
f 880/1299/1243 910/1300/1244 879/1301/1245
f 879/1301/1245 910/1300/1244 911/1302/1246
f 879/1301/1245 911/1302/1246 878/1303/1247
f 878/1303/1247 911/1302/1246 912/1304/1248
f 878/1303/1247 912/1304/1248 877/1305/1249
f 877/1305/1249 912/1304/1248 889/1306/1250
f 877/1305/1249 889/1306/1250 876/1307/1251
f 876/1307/1251 889/1306/1250 890/1308/1252
f 876/1307/1251 890/1308/1252 875/1309/1253
f 875/1309/1253 890/1308/1252 891/1310/1254
f 875/1309/1253 891/1310/1254 874/1311/1255
f 874/1311/1255 891/1310/1254 892/1312/1256
f 874/1311/1255 892/1312/1256 873/1313/1257
f 873/1313/1257 892/1312/1256 893/1314/1258
f 873/1313/1257 893/1314/1258 872/1315/1259
f 872/1315/1259 893/1314/1258 894/1316/1260
f 872/1315/1259 894/1316/1260 871/1317/1261
f 871/1317/1261 894/1316/1260 895/1318/1262
f 871/1317/1261 895/1318/1262 870/1319/1263
f 870/1319/1263 895/1318/1262 896/1320/1264
f 870/1319/1263 896/1320/1264 869/1321/1265
f 869/1321/1265 896/1320/1264 897/1322/1266
f 869/1321/1265 897/1322/1266 868/1323/1267
f 868/1323/1267 897/1322/1266 898/1324/1268
f 868/1323/1267 898/1324/1268 867/1325/1269
f 867/1325/1269 898/1324/1268 899/1326/1270
f 867/1325/1269 899/1326/1270 866/1277/1223
f 866/1277/1223 899/1326/1270 900/1278/1224
f 914/1327/1271 948/1328/1272 913/1329/1273
f 913/1329/1273 948/1328/1272 949/1330/1274
f 913/1331/1273 949/1332/1274 936/1333/1275
f 936/1333/1275 949/1332/1274 950/1334/1276
f 936/1333/1275 950/1334/1276 935/1335/1277
f 935/1335/1277 950/1334/1276 951/1336/1278
f 935/1335/1277 951/1336/1278 934/1337/1279
f 934/1337/1279 951/1336/1278 952/1338/1280
f 934/1337/1279 952/1338/1280 933/1339/1281
f 933/1339/1281 952/1338/1280 953/1340/1282
f 933/1339/1281 953/1340/1282 932/1341/1283
f 932/1341/1283 953/1340/1282 954/1342/1284
f 932/1341/1283 954/1342/1284 931/1343/1285
f 931/1343/1285 954/1342/1284 955/1344/1286
f 931/1343/1285 955/1344/1286 930/1345/1287
f 930/1345/1287 955/1344/1286 956/1346/1288
f 930/1345/1287 956/1346/1288 929/1347/1289
f 929/1347/1289 956/1346/1288 957/1348/1290
f 929/1347/1289 957/1348/1290 928/1349/1291
f 928/1349/1291 957/1348/1290 958/1350/1292
f 928/1349/1291 958/1350/1292 927/1351/1293
f 927/1351/1293 958/1350/1292 959/1352/1294
f 927/1351/1293 959/1352/1294 926/1353/1295
f 926/1353/1295 959/1352/1294 960/1354/1296
f 926/1353/1295 960/1354/1296 925/1355/1297
f 925/1355/1297 960/1354/1296 937/1356/1298
f 925/1355/1297 937/1356/1298 924/1357/1299
f 924/1357/1299 937/1356/1298 938/1358/1300
f 924/1357/1299 938/1358/1300 923/1359/1301
f 923/1359/1301 938/1358/1300 939/1360/1302
f 923/1359/1301 939/1360/1302 922/1361/1303
f 922/1361/1303 939/1360/1302 940/1362/1304
f 922/1361/1303 940/1362/1304 921/1363/1305
f 921/1363/1305 940/1362/1304 941/1364/1306
f 921/1363/1305 941/1364/1306 920/1365/1307
f 920/1365/1307 941/1364/1306 942/1366/1308
f 920/1365/1307 942/1366/1308 919/1367/1309
f 919/1367/1309 942/1366/1308 943/1368/1310
f 919/1367/1309 943/1368/1310 918/1369/1311
f 918/1369/1311 943/1368/1310 944/1370/1312
f 918/1369/1311 944/1370/1312 917/1371/1313
f 917/1371/1313 944/1370/1312 945/1372/1314
f 917/1371/1313 945/1372/1314 916/1373/1315
f 916/1373/1315 945/1372/1314 946/1374/1316
f 916/1373/1315 946/1374/1316 915/1375/1317
f 915/1375/1317 946/1374/1316 947/1376/1318
f 915/1375/1317 947/1376/1318 914/1327/1271
f 914/1327/1271 947/1376/1318 948/1328/1272
f 962/1377/1319 996/1378/1320 961/1379/1321
f 961/1379/1321 996/1378/1320 997/1380/1322
f 961/1381/1321 997/1382/1322 984/1383/1323
f 984/1383/1323 997/1382/1322 998/1384/1324
f 984/1383/1323 998/1384/1324 983/1385/1325
f 983/1385/1325 998/1384/1324 999/1386/1326
f 983/1385/1325 999/1386/1326 982/1387/1327
f 982/1387/1327 999/1386/1326 1000/1388/1328
f 982/1387/1327 1000/1388/1328 981/1389/1329
f 981/1389/1329 1000/1388/1328 1001/1390/1330
f 981/1389/1329 1001/1390/1330 980/1391/1331
f 980/1391/1331 1001/1390/1330 1002/1392/1332
f 980/1391/1331 1002/1392/1332 979/1393/1333
f 979/1393/1333 1002/1392/1332 1003/1394/1334
f 979/1393/1333 1003/1394/1334 978/1395/1335
f 978/1395/1335 1003/1394/1334 1004/1396/1336
f 978/1395/1335 1004/1396/1336 977/1397/1337
f 977/1397/1337 1004/1396/1336 1005/1398/1338
f 977/1397/1337 1005/1398/1338 976/1399/1339
f 976/1399/1339 1005/1398/1338 1006/1400/1340
f 976/1399/1339 1006/1400/1340 975/1401/1341
f 975/1401/1341 1006/1400/1340 1007/1402/1342
f 975/1401/1341 1007/1402/1342 974/1403/1343
f 974/1403/1343 1007/1402/1342 1008/1404/1344
f 974/1403/1343 1008/1404/1344 973/1405/1345
f 973/1405/1345 1008/1404/1344 985/1406/1346
f 973/1405/1345 985/1406/1346 972/1407/1347
f 972/1407/1347 985/1406/1346 986/1408/1348
f 972/1407/1347 986/1408/1348 971/1409/1349
f 971/1409/1349 986/1408/1348 987/1410/1350
f 971/1409/1349 987/1410/1350 970/1411/1351
f 970/1411/1351 987/1410/1350 988/1412/1352
f 970/1411/1351 988/1412/1352 969/1413/1353
f 969/1413/1353 988/1412/1352 989/1414/1354
f 969/1413/1353 989/1414/1354 968/1415/1355
f 968/1415/1355 989/1414/1354 990/1416/1356
f 968/1415/1355 990/1416/1356 967/1417/1357
f 967/1417/1357 990/1416/1356 991/1418/1358
f 967/1417/1357 991/1418/1358 966/1419/1359
f 966/1419/1359 991/1418/1358 992/1420/1360
f 966/1419/1359 992/1420/1360 965/1421/1361
f 965/1421/1361 992/1420/1360 993/1422/1362
f 965/1421/1361 993/1422/1362 964/1423/1363
f 964/1423/1363 993/1422/1362 994/1424/1364
f 964/1423/1363 994/1424/1364 963/1425/1365
f 963/1425/1365 994/1424/1364 995/1426/1366
f 963/1425/1365 995/1426/1366 962/1377/1319
f 962/1377/1319 995/1426/1366 996/1378/1320
f 1010/1427/1367 1044/1428/1368 1009/1429/1369
f 1009/1429/1369 1044/1428/1368 1045/1430/1370
f 1009/1431/1369 1045/1432/1370 1032/1433/1371
f 1032/1433/1371 1045/1432/1370 1046/1434/1372
f 1032/1433/1371 1046/1434/1372 1031/1435/1373
f 1031/1435/1373 1046/1434/1372 1047/1436/1374
f 1031/1435/1373 1047/1436/1374 1030/1437/1375
f 1030/1437/1375 1047/1436/1374 1048/1438/1376
f 1030/1437/1375 1048/1438/1376 1029/1439/1377
f 1029/1439/1377 1048/1438/1376 1049/1440/1378
f 1029/1439/1377 1049/1440/1378 1028/1441/1379
f 1028/1441/1379 1049/1440/1378 1050/1442/1380
f 1028/1441/1379 1050/1442/1380 1027/1443/1381
f 1027/1443/1381 1050/1442/1380 1051/1444/1382
f 1027/1443/1381 1051/1444/1382 1026/1445/1383
f 1026/1445/1383 1051/1444/1382 1052/1446/1384
f 1026/1445/1383 1052/1446/1384 1025/1447/1385
f 1025/1447/1385 1052/1446/1384 1053/1448/1386
f 1025/1447/1385 1053/1448/1386 1024/1449/1387
f 1024/1449/1387 1053/1448/1386 1054/1450/1388
f 1024/1449/1387 1054/1450/1388 1023/1451/1389
f 1023/1451/1389 1054/1450/1388 1055/1452/1390
f 1023/1451/1389 1055/1452/1390 1022/1453/1391
f 1022/1453/1391 1055/1452/1390 1056/1454/1392
f 1022/1453/1391 1056/1454/1392 1021/1455/1393
f 1021/1455/1393 1056/1454/1392 1033/1456/1394
f 1021/1455/1393 1033/1456/1394 1020/1457/1395
f 1020/1457/1395 1033/1456/1394 1034/1458/1396
f 1020/1457/1395 1034/1458/1396 1019/1459/1397
f 1019/1459/1397 1034/1458/1396 1035/1460/1398
f 1019/1459/1397 1035/1460/1398 1018/1461/1399
f 1018/1461/1399 1035/1460/1398 1036/1462/1400
f 1018/1461/1399 1036/1462/1400 1017/1463/1401
f 1017/1463/1401 1036/1462/1400 1037/1464/1402
f 1017/1463/1401 1037/1464/1402 1016/1465/1403
f 1016/1465/1403 1037/1464/1402 1038/1466/1404
f 1016/1465/1403 1038/1466/1404 1015/1467/1405
f 1015/1467/1405 1038/1466/1404 1039/1468/1406
f 1015/1467/1405 1039/1468/1406 1014/1469/1407
f 1014/1469/1407 1039/1468/1406 1040/1470/1408
f 1014/1469/1407 1040/1470/1408 1013/1471/1409
f 1013/1471/1409 1040/1470/1408 1041/1472/1410
f 1013/1471/1409 1041/1472/1410 1012/1473/1411
f 1012/1473/1411 1041/1472/1410 1042/1474/1412
f 1012/1473/1411 1042/1474/1412 1011/1475/1413
f 1011/1475/1413 1042/1474/1412 1043/1476/1414
f 1011/1475/1413 1043/1476/1414 1010/1427/1367
f 1010/1427/1367 1043/1476/1414 1044/1428/1368
f 1058/1477/1415 1092/1478/1416 1057/1479/1417
f 1057/1479/1417 1092/1478/1416 1093/1480/1418
f 1057/1481/1417 1093/1482/1418 1080/1483/1419
f 1080/1483/1419 1093/1482/1418 1094/1484/1420
f 1080/1483/1419 1094/1484/1420 1079/1485/1421
f 1079/1485/1421 1094/1484/1420 1095/1486/1422
f 1079/1485/1421 1095/1486/1422 1078/1487/1423
f 1078/1487/1423 1095/1486/1422 1096/1488/1424
f 1078/1487/1423 1096/1488/1424 1077/1489/1425
f 1077/1489/1425 1096/1488/1424 1097/1490/1426
f 1077/1489/1425 1097/1490/1426 1076/1491/1427
f 1076/1491/1427 1097/1490/1426 1098/1492/1428
f 1076/1491/1427 1098/1492/1428 1075/1493/1429
f 1075/1493/1429 1098/1492/1428 1099/1494/1430
f 1075/1493/1429 1099/1494/1430 1074/1495/1431
f 1074/1495/1431 1099/1494/1430 1100/1496/1432
f 1074/1495/1431 1100/1496/1432 1073/1497/1433
f 1073/1497/1433 1100/1496/1432 1101/1498/1434
f 1073/1497/1433 1101/1498/1434 1072/1499/1435
f 1072/1499/1435 1101/1498/1434 1102/1500/1436
f 1072/1499/1435 1102/1500/1436 1071/1501/1437
f 1071/1501/1437 1102/1500/1436 1103/1502/1438
f 1071/1501/1437 1103/1502/1438 1070/1503/1439
f 1070/1503/1439 1103/1502/1438 1104/1504/1440
f 1070/1503/1439 1104/1504/1440 1069/1505/1441
f 1069/1505/1441 1104/1504/1440 1081/1506/1442
f 1069/1505/1441 1081/1506/1442 1068/1507/1443
f 1068/1507/1443 1081/1506/1442 1082/1508/1444
f 1068/1507/1443 1082/1508/1444 1067/1509/1445
f 1067/1509/1445 1082/1508/1444 1083/1510/1446
f 1067/1509/1445 1083/1510/1446 1066/1511/1447
f 1066/1511/1447 1083/1510/1446 1084/1512/1448
f 1066/1511/1447 1084/1512/1448 1065/1513/1449
f 1065/1513/1449 1084/1512/1448 1085/1514/1450
f 1065/1513/1449 1085/1514/1450 1064/1515/1451
f 1064/1515/1451 1085/1514/1450 1086/1516/1452
f 1064/1515/1451 1086/1516/1452 1063/1517/1453
f 1063/1517/1453 1086/1516/1452 1087/1518/1454
f 1063/1517/1453 1087/1518/1454 1062/1519/1455
f 1062/1519/1455 1087/1518/1454 1088/1520/1456
f 1062/1519/1455 1088/1520/1456 1061/1521/1457
f 1061/1521/1457 1088/1520/1456 1089/1522/1458
f 1061/1521/1457 1089/1522/1458 1060/1523/1459
f 1060/1523/1459 1089/1522/1458 1090/1524/1460
f 1060/1523/1459 1090/1524/1460 1059/1525/1461
f 1059/1525/1461 1090/1524/1460 1091/1526/1462
f 1059/1525/1461 1091/1526/1462 1058/1477/1415
f 1058/1477/1415 1091/1526/1462 1092/1478/1416
f 1106/1527/1463 1152/1528/1464 1105/1529/1465
f 1105/1529/1465 1152/1528/1464 1129/1530/1466
f 1105/1529/1465 1129/1530/1466 1128/1531/1467
f 1128/1531/1467 1129/1530/1466 1130/1532/1468
f 1128/1531/1467 1130/1532/1468 1127/1533/1469
f 1127/1533/1469 1130/1532/1468 1131/1534/1470
f 1127/1533/1469 1131/1534/1470 1126/1535/1471
f 1126/1535/1471 1131/1534/1470 1132/1536/1472
f 1126/1535/1471 1132/1536/1472 1125/1537/1473
f 1125/1537/1473 1132/1536/1472 1133/1538/1474
f 1125/1537/1473 1133/1538/1474 1124/1539/1475
f 1124/1539/1475 1133/1538/1474 1134/1540/1476
f 1124/1539/1475 1134/1540/1476 1123/1541/1477
f 1123/1541/1477 1134/1540/1476 1135/1542/1478
f 1123/1541/1477 1135/1542/1478 1122/1543/1479
f 1122/1543/1479 1135/1542/1478 1136/1544/1480
f 1122/1543/1479 1136/1544/1480 1121/1545/1481
f 1121/1545/1481 1136/1544/1480 1137/1546/1482
f 1121/1545/1481 1137/1546/1482 1120/1547/1483
f 1120/1547/1483 1137/1546/1482 1138/1548/1484
f 1120/1547/1483 1138/1548/1484 1119/1549/1485
f 1119/1549/1485 1138/1548/1484 1139/1550/1486
f 1119/1549/1485 1139/1550/1486 1118/1551/1487
f 1118/1551/1487 1139/1550/1486 1140/1552/1488
f 1118/1551/1487 1140/1552/1488 1117/1553/1489
f 1117/1553/1489 1140/1552/1488 1141/1554/1490
f 1117/1555/1489 1141/1556/1490 1116/1557/1491
f 1116/1557/1491 1141/1556/1490 1142/1558/1492
f 1116/1557/1491 1142/1558/1492 1115/1559/1493
f 1115/1559/1493 1142/1558/1492 1143/1560/1494
f 1115/1559/1493 1143/1560/1494 1114/1561/1495
f 1114/1561/1495 1143/1560/1494 1144/1562/1496
f 1114/1561/1495 1144/1562/1496 1113/1563/1497
f 1113/1563/1497 1144/1562/1496 1145/1564/1498
f 1113/1563/1497 1145/1564/1498 1112/1565/1499
f 1112/1565/1499 1145/1564/1498 1146/1566/1500
f 1112/1565/1499 1146/1566/1500 1111/1567/1501
f 1111/1567/1501 1146/1566/1500 1147/1568/1502
f 1111/1567/1501 1147/1568/1502 1110/1569/1503
f 1110/1569/1503 1147/1568/1502 1148/1570/1504
f 1110/1569/1503 1148/1570/1504 1109/1571/1505
f 1109/1571/1505 1148/1570/1504 1149/1572/1506
f 1109/1571/1505 1149/1572/1506 1108/1573/1507
f 1108/1573/1507 1149/1572/1506 1150/1574/1508
f 1108/1573/1507 1150/1574/1508 1107/1575/1509
f 1107/1575/1509 1150/1574/1508 1151/1576/1510
f 1107/1575/1509 1151/1576/1510 1106/1527/1463
f 1106/1527/1463 1151/1576/1510 1152/1528/1464
f 1154/1577/1511 1142/1578/1512 1153/1579/1513
f 1153/1579/1513 1142/1578/1512 1141/1580/1514
f 1153/1581/1513 1141/1582/1514 1176/1583/1515
f 1176/1583/1515 1141/1582/1514 1140/1584/1516
f 1176/1583/1515 1140/1584/1516 1175/1585/1517
f 1175/1585/1517 1140/1584/1516 1139/1586/1518
f 1175/1585/1517 1139/1586/1518 1174/1587/1519
f 1174/1587/1519 1139/1586/1518 1138/1588/1520
f 1174/1587/1519 1138/1588/1520 1173/1589/1521
f 1173/1589/1521 1138/1588/1520 1137/1590/1522
f 1173/1589/1521 1137/1590/1522 1172/1591/1523
f 1172/1591/1523 1137/1590/1522 1136/1592/1524
f 1172/1591/1523 1136/1592/1524 1171/1593/1525
f 1171/1593/1525 1136/1592/1524 1135/1594/1526
f 1171/1593/1525 1135/1594/1526 1170/1595/1527
f 1170/1595/1527 1135/1594/1526 1134/1596/1528
f 1170/1595/1527 1134/1596/1528 1169/1597/1529
f 1169/1597/1529 1134/1596/1528 1133/1598/1530
f 1169/1597/1529 1133/1598/1530 1168/1599/1531
f 1168/1599/1531 1133/1598/1530 1132/1600/1532
f 1168/1599/1531 1132/1600/1532 1167/1601/1533
f 1167/1601/1533 1132/1600/1532 1131/1602/1534
f 1167/1601/1533 1131/1602/1534 1166/1603/1535
f 1166/1603/1535 1131/1602/1534 1130/1604/1536
f 1166/1603/1535 1130/1604/1536 1165/1605/1537
f 1165/1605/1537 1130/1604/1536 1129/1606/1538
f 1165/1605/1537 1129/1606/1538 1164/1607/1539
f 1164/1607/1539 1129/1606/1538 1152/1608/1540
f 1164/1607/1539 1152/1608/1540 1163/1609/1541
f 1163/1609/1541 1152/1608/1540 1151/1610/1542
f 1163/1609/1541 1151/1610/1542 1162/1611/1543
f 1162/1611/1543 1151/1610/1542 1150/1612/1544
f 1162/1611/1543 1150/1612/1544 1161/1613/1545
f 1161/1613/1545 1150/1612/1544 1149/1614/1546
f 1161/1613/1545 1149/1614/1546 1160/1615/1547
f 1160/1615/1547 1149/1614/1546 1148/1616/1548
f 1160/1615/1547 1148/1616/1548 1159/1617/1549
f 1159/1617/1549 1148/1616/1548 1147/1618/1550
f 1159/1617/1549 1147/1618/1550 1158/1619/1551
f 1158/1619/1551 1147/1618/1550 1146/1620/1552
f 1158/1619/1551 1146/1620/1552 1157/1621/1553
f 1157/1621/1553 1146/1620/1552 1145/1622/1554
f 1157/1621/1553 1145/1622/1554 1156/1623/1555
f 1156/1623/1555 1145/1622/1554 1144/1624/1556
f 1156/1623/1555 1144/1624/1556 1155/1625/1557
f 1155/1625/1557 1144/1624/1556 1143/1626/1558
f 1155/1625/1557 1143/1626/1558 1154/1577/1511
f 1154/1577/1511 1143/1626/1558 1142/1578/1512
f 1178/1627/1559 1224/1628/1560 1177/1629/1561
f 1177/1629/1561 1224/1628/1560 1201/1630/1562
f 1177/1629/1561 1201/1630/1562 1200/1631/1563
f 1200/1631/1563 1201/1630/1562 1202/1632/1564
f 1200/1631/1563 1202/1632/1564 1199/1633/1565
f 1199/1633/1565 1202/1632/1564 1203/1634/1566
f 1199/1633/1565 1203/1634/1566 1198/1635/1567
f 1198/1635/1567 1203/1634/1566 1204/1636/1568
f 1198/1635/1567 1204/1636/1568 1197/1637/1569
f 1197/1637/1569 1204/1636/1568 1205/1638/1570
f 1197/1637/1569 1205/1638/1570 1196/1639/1571
f 1196/1639/1571 1205/1638/1570 1206/1640/1572
f 1196/1639/1571 1206/1640/1572 1195/1641/1573
f 1195/1641/1573 1206/1640/1572 1207/1642/1574
f 1195/1641/1573 1207/1642/1574 1194/1643/1575
f 1194/1643/1575 1207/1642/1574 1208/1644/1576
f 1194/1643/1575 1208/1644/1576 1193/1645/1577
f 1193/1645/1577 1208/1644/1576 1209/1646/1578
f 1193/1645/1577 1209/1646/1578 1192/1647/1579
f 1192/1647/1579 1209/1646/1578 1210/1648/1580
f 1192/1647/1579 1210/1648/1580 1191/1649/1581
f 1191/1649/1581 1210/1648/1580 1211/1650/1582
f 1191/1649/1581 1211/1650/1582 1190/1651/1583
f 1190/1651/1583 1211/1650/1582 1212/1652/1584
f 1190/1651/1583 1212/1652/1584 1189/1653/1585
f 1189/1653/1585 1212/1652/1584 1213/1654/1586
f 1189/1655/1585 1213/1656/1586 1188/1657/1587
f 1188/1657/1587 1213/1656/1586 1214/1658/1588
f 1188/1657/1587 1214/1658/1588 1187/1659/1589
f 1187/1659/1589 1214/1658/1588 1215/1660/1590
f 1187/1659/1589 1215/1660/1590 1186/1661/1591
f 1186/1661/1591 1215/1660/1590 1216/1662/1592
f 1186/1661/1591 1216/1662/1592 1185/1663/1593
f 1185/1663/1593 1216/1662/1592 1217/1664/1594
f 1185/1663/1593 1217/1664/1594 1184/1665/1595
f 1184/1665/1595 1217/1664/1594 1218/1666/1596
f 1184/1665/1595 1218/1666/1596 1183/1667/1597
f 1183/1667/1597 1218/1666/1596 1219/1668/1598
f 1183/1667/1597 1219/1668/1598 1182/1669/1599
f 1182/1669/1599 1219/1668/1598 1220/1670/1600
f 1182/1669/1599 1220/1670/1600 1181/1671/1601
f 1181/1671/1601 1220/1670/1600 1221/1672/1602
f 1181/1671/1601 1221/1672/1602 1180/1673/1603
f 1180/1673/1603 1221/1672/1602 1222/1674/1604
f 1180/1673/1603 1222/1674/1604 1179/1675/1605
f 1179/1675/1605 1222/1674/1604 1223/1676/1606
f 1179/1675/1605 1223/1676/1606 1178/1627/1559
f 1178/1627/1559 1223/1676/1606 1224/1628/1560
f 1226/1677/1607 1214/1678/1608 1225/1679/1609
f 1225/1679/1609 1214/1678/1608 1213/1680/1610
f 1225/1681/1609 1213/1682/1610 1248/1683/1611
f 1248/1683/1611 1213/1682/1610 1212/1684/1612
f 1248/1683/1611 1212/1684/1612 1247/1685/1613
f 1247/1685/1613 1212/1684/1612 1211/1686/1614
f 1247/1685/1613 1211/1686/1614 1246/1687/1615
f 1246/1687/1615 1211/1686/1614 1210/1688/1616
f 1246/1687/1615 1210/1688/1616 1245/1689/1617
f 1245/1689/1617 1210/1688/1616 1209/1690/1618
f 1245/1689/1617 1209/1690/1618 1244/1691/1619
f 1244/1691/1619 1209/1690/1618 1208/1692/1620
f 1244/1691/1619 1208/1692/1620 1243/1693/1621
f 1243/1693/1621 1208/1692/1620 1207/1694/1622
f 1243/1693/1621 1207/1694/1622 1242/1695/1623
f 1242/1695/1623 1207/1694/1622 1206/1696/1624
f 1242/1695/1623 1206/1696/1624 1241/1697/1625
f 1241/1697/1625 1206/1696/1624 1205/1698/1626
f 1241/1697/1625 1205/1698/1626 1240/1699/1627
f 1240/1699/1627 1205/1698/1626 1204/1700/1628
f 1240/1699/1627 1204/1700/1628 1239/1701/1629
f 1239/1701/1629 1204/1700/1628 1203/1702/1630
f 1239/1701/1629 1203/1702/1630 1238/1703/1631
f 1238/1703/1631 1203/1702/1630 1202/1704/1632
f 1238/1703/1631 1202/1704/1632 1237/1705/1633
f 1237/1705/1633 1202/1704/1632 1201/1706/1634
f 1237/1705/1633 1201/1706/1634 1236/1707/1635
f 1236/1707/1635 1201/1706/1634 1224/1708/1636
f 1236/1707/1635 1224/1708/1636 1235/1709/1637
f 1235/1709/1637 1224/1708/1636 1223/1710/1638
f 1235/1709/1637 1223/1710/1638 1234/1711/1639
f 1234/1711/1639 1223/1710/1638 1222/1712/1640
f 1234/1711/1639 1222/1712/1640 1233/1713/1641
f 1233/1713/1641 1222/1712/1640 1221/1714/1642
f 1233/1713/1641 1221/1714/1642 1232/1715/1643
f 1232/1715/1643 1221/1714/1642 1220/1716/1644
f 1232/1715/1643 1220/1716/1644 1231/1717/1645
f 1231/1717/1645 1220/1716/1644 1219/1718/1646
f 1231/1717/1645 1219/1718/1646 1230/1719/1647
f 1230/1719/1647 1219/1718/1646 1218/1720/1648
f 1230/1719/1647 1218/1720/1648 1229/1721/1649
f 1229/1721/1649 1218/1720/1648 1217/1722/1650
f 1229/1721/1649 1217/1722/1650 1228/1723/1651
f 1228/1723/1651 1217/1722/1650 1216/1724/1652
f 1228/1723/1651 1216/1724/1652 1227/1725/1653
f 1227/1725/1653 1216/1724/1652 1215/1726/1654
f 1227/1725/1653 1215/1726/1654 1226/1677/1607
f 1226/1677/1607 1215/1726/1654 1214/1678/1608
f 1250/1727/1655 1296/1728/1656 1249/1729/1657
f 1249/1729/1657 1296/1728/1656 1273/1730/1658
f 1249/1729/1657 1273/1730/1658 1272/1731/1659
f 1272/1731/1659 1273/1730/1658 1274/1732/1660
f 1272/1731/1659 1274/1732/1660 1271/1733/1661
f 1271/1733/1661 1274/1732/1660 1275/1734/1662
f 1271/1733/1661 1275/1734/1662 1270/1735/1663
f 1270/1735/1663 1275/1734/1662 1276/1736/1664
f 1270/1735/1663 1276/1736/1664 1269/1737/1665
f 1269/1737/1665 1276/1736/1664 1277/1738/1666
f 1269/1737/1665 1277/1738/1666 1268/1739/1667
f 1268/1739/1667 1277/1738/1666 1278/1740/1668
f 1268/1739/1667 1278/1740/1668 1267/1741/1669
f 1267/1741/1669 1278/1740/1668 1279/1742/1670
f 1267/1741/1669 1279/1742/1670 1266/1743/1671
f 1266/1743/1671 1279/1742/1670 1280/1744/1672
f 1266/1743/1671 1280/1744/1672 1265/1745/1673
f 1265/1745/1673 1280/1744/1672 1281/1746/1674
f 1265/1745/1673 1281/1746/1674 1264/1747/1675
f 1264/1747/1675 1281/1746/1674 1282/1748/1676
f 1264/1747/1675 1282/1748/1676 1263/1749/1677
f 1263/1749/1677 1282/1748/1676 1283/1750/1678
f 1263/1749/1677 1283/1750/1678 1262/1751/1679
f 1262/1751/1679 1283/1750/1678 1284/1752/1680
f 1262/1751/1679 1284/1752/1680 1261/1753/1681
f 1261/1753/1681 1284/1752/1680 1285/1754/1682
f 1261/1755/1681 1285/1756/1682 1260/1757/1683
f 1260/1757/1683 1285/1756/1682 1286/1758/1684
f 1260/1757/1683 1286/1758/1684 1259/1759/1685
f 1259/1759/1685 1286/1758/1684 1287/1760/1686
f 1259/1759/1685 1287/1760/1686 1258/1761/1687
f 1258/1761/1687 1287/1760/1686 1288/1762/1688
f 1258/1761/1687 1288/1762/1688 1257/1763/1689
f 1257/1763/1689 1288/1762/1688 1289/1764/1690
f 1257/1763/1689 1289/1764/1690 1256/1765/1691
f 1256/1765/1691 1289/1764/1690 1290/1766/1692
f 1256/1765/1691 1290/1766/1692 1255/1767/1693
f 1255/1767/1693 1290/1766/1692 1291/1768/1694
f 1255/1767/1693 1291/1768/1694 1254/1769/1695
f 1254/1769/1695 1291/1768/1694 1292/1770/1696
f 1254/1769/1695 1292/1770/1696 1253/1771/1697
f 1253/1771/1697 1292/1770/1696 1293/1772/1698
f 1253/1771/1697 1293/1772/1698 1252/1773/1699
f 1252/1773/1699 1293/1772/1698 1294/1774/1700
f 1252/1773/1699 1294/1774/1700 1251/1775/1701
f 1251/1775/1701 1294/1774/1700 1295/1776/1702
f 1251/1775/1701 1295/1776/1702 1250/1727/1655
f 1250/1727/1655 1295/1776/1702 1296/1728/1656
f 1298/1777/1703 1286/1778/1704 1297/1779/1705
f 1297/1779/1705 1286/1778/1704 1285/1780/1706
f 1297/1781/1705 1285/1782/1706 1320/1783/1707
f 1320/1783/1707 1285/1782/1706 1284/1784/1708
f 1320/1783/1707 1284/1784/1708 1319/1785/1709
f 1319/1785/1709 1284/1784/1708 1283/1786/1710
f 1319/1785/1709 1283/1786/1710 1318/1787/1711
f 1318/1787/1711 1283/1786/1710 1282/1788/1712
f 1318/1787/1711 1282/1788/1712 1317/1789/1713
f 1317/1789/1713 1282/1788/1712 1281/1790/1714
f 1317/1789/1713 1281/1790/1714 1316/1791/1715
f 1316/1791/1715 1281/1790/1714 1280/1792/1716
f 1316/1791/1715 1280/1792/1716 1315/1793/1717
f 1315/1793/1717 1280/1792/1716 1279/1794/1718
f 1315/1793/1717 1279/1794/1718 1314/1795/1719
f 1314/1795/1719 1279/1794/1718 1278/1796/1720
f 1314/1795/1719 1278/1796/1720 1313/1797/1721
f 1313/1797/1721 1278/1796/1720 1277/1798/1722
f 1313/1797/1721 1277/1798/1722 1312/1799/1723
f 1312/1799/1723 1277/1798/1722 1276/1800/1724
f 1312/1799/1723 1276/1800/1724 1311/1801/1725
f 1311/1801/1725 1276/1800/1724 1275/1802/1726
f 1311/1801/1725 1275/1802/1726 1310/1803/1727
f 1310/1803/1727 1275/1802/1726 1274/1804/1728
f 1310/1803/1727 1274/1804/1728 1309/1805/1729
f 1309/1805/1729 1274/1804/1728 1273/1806/1730
f 1309/1805/1729 1273/1806/1730 1308/1807/1731
f 1308/1807/1731 1273/1806/1730 1296/1808/1732
f 1308/1807/1731 1296/1808/1732 1307/1809/1733
f 1307/1809/1733 1296/1808/1732 1295/1810/1734
f 1307/1809/1733 1295/1810/1734 1306/1811/1735
f 1306/1811/1735 1295/1810/1734 1294/1812/1736
f 1306/1811/1735 1294/1812/1736 1305/1813/1737
f 1305/1813/1737 1294/1812/1736 1293/1814/1738
f 1305/1813/1737 1293/1814/1738 1304/1815/1739
f 1304/1815/1739 1293/1814/1738 1292/1816/1740
f 1304/1815/1739 1292/1816/1740 1303/1817/1741
f 1303/1817/1741 1292/1816/1740 1291/1818/1742
f 1303/1817/1741 1291/1818/1742 1302/1819/1743
f 1302/1819/1743 1291/1818/1742 1290/1820/1744
f 1302/1819/1743 1290/1820/1744 1301/1821/1745
f 1301/1821/1745 1290/1820/1744 1289/1822/1746
f 1301/1821/1745 1289/1822/1746 1300/1823/1747
f 1300/1823/1747 1289/1822/1746 1288/1824/1748
f 1300/1823/1747 1288/1824/1748 1299/1825/1749
f 1299/1825/1749 1288/1824/1748 1287/1826/1750
f 1299/1825/1749 1287/1826/1750 1298/1777/1703
f 1298/1777/1703 1287/1826/1750 1286/1778/1704
f 1322/1827/1751 1368/1828/1752 1321/1829/1753
f 1321/1829/1753 1368/1828/1752 1345/1830/1754
f 1321/1829/1753 1345/1830/1754 1344/1831/1755
f 1344/1831/1755 1345/1830/1754 1346/1832/1756
f 1344/1831/1755 1346/1832/1756 1343/1833/1757
f 1343/1833/1757 1346/1832/1756 1347/1834/1758
f 1343/1833/1757 1347/1834/1758 1342/1835/1759
f 1342/1835/1759 1347/1834/1758 1348/1836/1760
f 1342/1835/1759 1348/1836/1760 1341/1837/1761
f 1341/1837/1761 1348/1836/1760 1349/1838/1762
f 1341/1837/1761 1349/1838/1762 1340/1839/1763
f 1340/1839/1763 1349/1838/1762 1350/1840/1764
f 1340/1839/1763 1350/1840/1764 1339/1841/1765
f 1339/1841/1765 1350/1840/1764 1351/1842/1766
f 1339/1841/1765 1351/1842/1766 1338/1843/1767
f 1338/1843/1767 1351/1842/1766 1352/1844/1768
f 1338/1843/1767 1352/1844/1768 1337/1845/1769
f 1337/1845/1769 1352/1844/1768 1353/1846/1770
f 1337/1845/1769 1353/1846/1770 1336/1847/1771
f 1336/1847/1771 1353/1846/1770 1354/1848/1772
f 1336/1847/1771 1354/1848/1772 1335/1849/1773
f 1335/1849/1773 1354/1848/1772 1355/1850/1774
f 1335/1849/1773 1355/1850/1774 1334/1851/1775
f 1334/1851/1775 1355/1850/1774 1356/1852/1776
f 1334/1851/1775 1356/1852/1776 1333/1853/1777
f 1333/1853/1777 1356/1852/1776 1357/1854/1778
f 1333/1855/1777 1357/1856/1778 1332/1857/1779
f 1332/1857/1779 1357/1856/1778 1358/1858/1780
f 1332/1857/1779 1358/1858/1780 1331/1859/1781
f 1331/1859/1781 1358/1858/1780 1359/1860/1782
f 1331/1859/1781 1359/1860/1782 1330/1861/1783
f 1330/1861/1783 1359/1860/1782 1360/1862/1784
f 1330/1861/1783 1360/1862/1784 1329/1863/1785
f 1329/1863/1785 1360/1862/1784 1361/1864/1786
f 1329/1863/1785 1361/1864/1786 1328/1865/1787
f 1328/1865/1787 1361/1864/1786 1362/1866/1788
f 1328/1865/1787 1362/1866/1788 1327/1867/1789
f 1327/1867/1789 1362/1866/1788 1363/1868/1790
f 1327/1867/1789 1363/1868/1790 1326/1869/1791
f 1326/1869/1791 1363/1868/1790 1364/1870/1792
f 1326/1869/1791 1364/1870/1792 1325/1871/1793
f 1325/1871/1793 1364/1870/1792 1365/1872/1794
f 1325/1871/1793 1365/1872/1794 1324/1873/1795
f 1324/1873/1795 1365/1872/1794 1366/1874/1796
f 1324/1873/1795 1366/1874/1796 1323/1875/1797
f 1323/1875/1797 1366/1874/1796 1367/1876/1798
f 1323/1875/1797 1367/1876/1798 1322/1827/1751
f 1322/1827/1751 1367/1876/1798 1368/1828/1752
f 1370/1877/1799 1358/1878/1800 1369/1879/1801
f 1369/1879/1801 1358/1878/1800 1357/1880/1802
f 1369/1881/1801 1357/1882/1802 1392/1883/1803
f 1392/1883/1803 1357/1882/1802 1356/1884/1804
f 1392/1883/1803 1356/1884/1804 1391/1885/1805
f 1391/1885/1805 1356/1884/1804 1355/1886/1806
f 1391/1885/1805 1355/1886/1806 1390/1887/1807
f 1390/1887/1807 1355/1886/1806 1354/1888/1808
f 1390/1887/1807 1354/1888/1808 1389/1889/1809
f 1389/1889/1809 1354/1888/1808 1353/1890/1810
f 1389/1889/1809 1353/1890/1810 1388/1891/1811
f 1388/1891/1811 1353/1890/1810 1352/1892/1812
f 1388/1891/1811 1352/1892/1812 1387/1893/1813
f 1387/1893/1813 1352/1892/1812 1351/1894/1814
f 1387/1893/1813 1351/1894/1814 1386/1895/1815
f 1386/1895/1815 1351/1894/1814 1350/1896/1816
f 1386/1895/1815 1350/1896/1816 1385/1897/1817
f 1385/1897/1817 1350/1896/1816 1349/1898/1818
f 1385/1897/1817 1349/1898/1818 1384/1899/1819
f 1384/1899/1819 1349/1898/1818 1348/1900/1820
f 1384/1899/1819 1348/1900/1820 1383/1901/1821
f 1383/1901/1821 1348/1900/1820 1347/1902/1822
f 1383/1901/1821 1347/1902/1822 1382/1903/1823
f 1382/1903/1823 1347/1902/1822 1346/1904/1824
f 1382/1903/1823 1346/1904/1824 1381/1905/1825
f 1381/1905/1825 1346/1904/1824 1345/1906/1826
f 1381/1905/1825 1345/1906/1826 1380/1907/1827
f 1380/1907/1827 1345/1906/1826 1368/1908/1828
f 1380/1907/1827 1368/1908/1828 1379/1909/1829
f 1379/1909/1829 1368/1908/1828 1367/1910/1830
f 1379/1909/1829 1367/1910/1830 1378/1911/1831
f 1378/1911/1831 1367/1910/1830 1366/1912/1832
f 1378/1911/1831 1366/1912/1832 1377/1913/1833
f 1377/1913/1833 1366/1912/1832 1365/1914/1834
f 1377/1913/1833 1365/1914/1834 1376/1915/1835
f 1376/1915/1835 1365/1914/1834 1364/1916/1836
f 1376/1915/1835 1364/1916/1836 1375/1917/1837
f 1375/1917/1837 1364/1916/1836 1363/1918/1838
f 1375/1917/1837 1363/1918/1838 1374/1919/1839
f 1374/1919/1839 1363/1918/1838 1362/1920/1840
f 1374/1919/1839 1362/1920/1840 1373/1921/1841
f 1373/1921/1841 1362/1920/1840 1361/1922/1842
f 1373/1921/1841 1361/1922/1842 1372/1923/1843
f 1372/1923/1843 1361/1922/1842 1360/1924/1844
f 1372/1923/1843 1360/1924/1844 1371/1925/1845
f 1371/1925/1845 1360/1924/1844 1359/1926/1846
f 1371/1925/1845 1359/1926/1846 1370/1877/1799
f 1370/1877/1799 1359/1926/1846 1358/1878/1800
f 768/1927/1847 1179/1928/1848 745/1929/1849
f 745/1929/1849 1179/1928/1848 1178/1930/1850
f 745/1929/1849 1178/1930/1850 1128/1931/1851
f 1128/1931/1851 1178/1930/1850 1396/1932/1852
f 1128/1931/1851 1396/1932/1852 1105/1933/1853
f 1105/1933/1853 1396/1932/1852 1106/1934/1854
f 1106/1934/1854 1396/1932/1852 1107/1935/1855
f 1107/1935/1855 1396/1932/1852 1108/1936/1856
f 1108/1936/1856 1396/1932/1852 1109/1937/1857
f 1109/1937/1857 1396/1932/1852 1110/1938/1858
f 1110/1938/1858 1396/1932/1852 1111/1939/1859
f 1111/1939/1859 1396/1932/1852 1112/1940/1860
f 1112/1940/1860 1396/1932/1852 1397/1941/1861
f 1112/1940/1860 1397/1941/1861 1113/1942/1862
f 1113/1942/1862 1397/1941/1861 1114/1943/1863
f 1114/1943/1863 1397/1941/1861 1115/1944/1864
f 1115/1944/1864 1397/1941/1861 1116/1945/1865
f 1116/1945/1865 1397/1941/1861 896/1946/1866
f 1116/1945/1865 896/1946/1866 895/1947/1867
f 1179/1928/1848 768/1927/1847 1180/1948/1868
f 1180/1948/1868 768/1927/1847 767/1949/1869
f 1180/1948/1868 767/1949/1869 1181/1950/1870
f 1181/1950/1870 767/1949/1869 1182/1951/1871
f 1182/1951/1871 767/1949/1869 766/1952/1872
f 1182/1951/1871 766/1952/1872 1183/1953/1873
f 1183/1953/1873 766/1952/1872 765/1954/1874
f 1183/1953/1873 765/1954/1874 1184/1955/1875
f 1184/1955/1875 765/1954/1874 1185/1956/1876
f 1185/1956/1876 765/1954/1874 764/1957/1877
f 1185/1956/1876 764/1957/1877 815/1958/1878
f 815/1958/1878 764/1957/1877 816/1959/1879
f 816/1959/1879 764/1957/1877 763/1960/1880
f 816/1959/1879 763/1960/1880 793/1961/1881
f 793/1961/1881 763/1960/1880 762/1962/1882
f 793/1961/1881 762/1962/1882 794/1963/1883
f 794/1963/1883 762/1962/1882 761/1964/1884
f 794/1963/1883 761/1964/1884 795/1965/1885
f 795/1965/1885 761/1964/1884 760/1966/1886
f 795/1965/1885 760/1966/1886 796/1967/1887
f 796/1967/1887 760/1966/1886 759/1968/1888
f 796/1967/1887 759/1968/1888 797/1969/1889
f 797/1969/1889 759/1968/1888 758/1970/1890
f 797/1969/1889 758/1970/1890 798/1971/1891
f 798/1971/1891 758/1970/1890 757/1972/1892
f 798/1971/1891 757/1972/1892 908/1973/1893
f 908/1973/1893 757/1972/1892 756/1974/1894
f 908/1973/1893 756/1974/1894 909/1975/1895
f 909/1975/1895 756/1974/1894 755/1976/1896
f 909/1975/1895 755/1976/1896 910/1977/1897
f 910/1977/1897 755/1976/1896 754/1978/1898
f 910/1977/1897 754/1978/1898 911/1979/1899
f 911/1979/1899 754/1978/1898 753/1980/1900
f 911/1979/1899 753/1980/1900 912/1981/1901
f 912/1981/1901 753/1980/1900 752/1982/1902
f 912/1981/1901 752/1982/1902 889/1983/1903
f 889/1983/1903 752/1982/1902 751/1984/1904
f 889/1983/1903 751/1984/1904 890/1985/1905
f 890/1985/1905 751/1984/1904 750/1986/1906
f 890/1985/1905 750/1986/1906 891/1987/1907
f 891/1987/1907 750/1986/1906 1121/1988/1908
f 891/1987/1907 1121/1988/1908 1120/1989/1909
f 750/1986/1906 749/1990/1910 1121/1988/1908
f 1121/1988/1908 749/1990/1910 1122/1991/1911
f 1122/1991/1911 749/1990/1910 1123/1992/1912
f 1123/1992/1912 749/1990/1910 748/1993/1913
f 1123/1992/1912 748/1993/1913 1124/1994/1914
f 1124/1994/1914 748/1993/1913 747/1995/1915
f 1124/1994/1914 747/1995/1915 1125/1996/1916
f 1125/1996/1916 747/1995/1915 1126/1997/1917
f 1126/1997/1917 747/1995/1915 746/1998/1918
f 1126/1997/1917 746/1998/1918 1127/1999/1919
f 1127/1999/1919 746/1998/1918 745/1929/1849
f 1127/1999/1919 745/1929/1849 1128/1931/1851
f 864/2000/1920 800/2001/1921 841/2002/1922
f 841/2002/1922 800/2001/1921 906/2003/1923
f 841/2002/1922 906/2003/1923 842/2004/1924
f 842/2004/1924 906/2003/1923 905/2005/1925
f 842/2004/1924 905/2005/1925 843/2006/1926
f 843/2006/1926 905/2005/1925 904/2007/1927
f 843/2006/1926 904/2007/1927 844/2008/1928
f 844/2008/1928 904/2007/1927 903/2009/1929
f 844/2008/1928 903/2009/1929 845/2010/1930
f 845/2010/1930 903/2009/1929 902/2011/1931
f 845/2010/1930 902/2011/1931 846/2012/1932
f 846/2012/1932 902/2011/1931 901/2013/1933
f 846/2012/1932 901/2013/1933 847/2014/1934
f 847/2014/1934 901/2013/1933 900/2015/1935
f 847/2014/1934 900/2015/1935 848/2016/1936
f 848/2016/1936 900/2015/1935 899/2017/1937
f 848/2016/1936 899/2017/1937 849/2018/1938
f 849/2018/1938 899/2017/1937 1397/1941/1861
f 849/2018/1938 1397/1941/1861 850/2019/1939
f 850/2019/1939 1397/1941/1861 851/2020/1940
f 851/2020/1940 1397/1941/1861 852/2021/1941
f 852/2021/1941 1397/1941/1861 1034/2022/1942
f 852/2021/1941 1034/2022/1942 853/2023/1943
f 853/2023/1943 1034/2022/1942 1033/2024/1944
f 853/2023/1943 1033/2024/1944 716/2025/1945
f 716/2025/1945 1033/2024/1944 1056/2026/1946
f 716/2025/1945 1056/2026/1946 1055/2027/1947
f 800/2001/1921 864/2000/1920 801/2028/1948
f 801/2028/1948 864/2000/1920 863/2029/1949
f 801/2028/1948 863/2029/1949 802/2030/1950
f 802/2030/1950 863/2029/1949 862/2031/1951
f 802/2030/1950 862/2031/1951 803/2032/1952
f 803/2032/1952 862/2031/1951 861/2033/1953
f 803/2032/1952 861/2033/1953 804/2034/1954
f 804/2034/1954 861/2033/1953 860/2035/1955
f 804/2034/1954 860/2035/1955 805/2036/1956
f 805/2036/1956 860/2035/1955 859/2037/1957
f 805/2036/1956 859/2037/1957 806/2038/1958
f 806/2038/1958 859/2037/1957 858/2039/1959
f 806/2038/1958 858/2039/1959 715/2040/1960
f 715/2040/1960 858/2039/1959 857/2041/1961
f 715/2040/1960 857/2041/1961 856/2042/1962
f 856/2042/1962 855/2043/1963 715/2040/1960
f 715/2040/1960 855/2043/1963 854/2044/1964
f 715/2040/1960 854/2044/1964 853/2023/1943
f 960/2045/1965 992/2046/1966 937/2047/1967
f 937/2047/1967 992/2046/1966 1098/2048/1968
f 937/2047/1967 1098/2048/1968 938/2049/1969
f 938/2049/1969 1098/2048/1968 1097/2050/1970
f 938/2049/1969 1097/2050/1970 939/2051/1971
f 939/2051/1971 1097/2050/1970 1096/2052/1972
f 939/2051/1971 1096/2052/1972 940/2053/1973
f 940/2053/1973 1096/2052/1972 1095/2054/1974
f 940/2053/1973 1095/2054/1974 941/2055/1975
f 941/2055/1975 1095/2054/1974 1094/2056/1976
f 941/2055/1975 1094/2056/1976 942/2057/1977
f 942/2057/1977 1094/2056/1976 1093/2058/1978
f 942/2057/1977 1093/2058/1978 943/2059/1979
f 943/2059/1979 1093/2058/1978 1092/2060/1980
f 943/2059/1979 1092/2060/1980 944/2061/1981
f 944/2061/1981 1092/2060/1980 1091/2062/1982
f 944/2061/1981 1091/2062/1982 1341/2063/1983
f 1341/2063/1983 1091/2062/1982 1342/2064/1984
f 1342/2064/1984 1091/2062/1982 1090/2065/1985
f 1342/2064/1984 1090/2065/1985 1343/2066/1986
f 1343/2066/1986 1090/2065/1985 1089/2067/1987
f 1343/2066/1986 1089/2067/1987 1344/2068/1988
f 1344/2068/1988 1089/2067/1987 1088/2069/1989
f 1344/2068/1988 1088/2069/1989 1321/2070/1990
f 1321/2070/1990 1088/2069/1989 1087/2071/1991
f 1321/2070/1990 1087/2071/1991 1322/2072/1992
f 1322/2072/1992 1087/2071/1991 1086/2073/1993
f 1322/2072/1992 1086/2073/1993 1397/1941/1861
f 1397/1941/1861 1086/2073/1993 1085/2074/1994
f 1397/1941/1861 1085/2074/1994 1084/2075/1995
f 992/2046/1966 960/2045/1965 993/2076/1996
f 993/2076/1996 960/2045/1965 959/2077/1997
f 993/2076/1996 959/2077/1997 994/2078/1998
f 994/2078/1998 959/2077/1997 958/2079/1999
f 994/2078/1998 958/2079/1999 995/2080/2000
f 995/2080/2000 958/2079/1999 957/2081/2001
f 995/2080/2000 957/2081/2001 996/2082/2002
f 996/2082/2002 957/2081/2001 956/2083/2003
f 996/2082/2002 956/2083/2003 997/2084/2004
f 997/2084/2004 956/2083/2003 955/2085/2005
f 997/2084/2004 955/2085/2005 998/2086/2006
f 998/2086/2006 955/2085/2005 954/2087/2007
f 998/2086/2006 954/2087/2007 999/2088/2008
f 999/2088/2008 954/2087/2007 1253/2089/2009
f 999/2088/2008 1253/2089/2009 1252/2090/2010
f 1253/2089/2009 954/2087/2007 1254/2091/2011
f 1254/2091/2011 954/2087/2007 953/2092/2012
f 1254/2091/2011 953/2092/2012 1255/2093/2013
f 1255/2093/2013 953/2092/2012 952/2094/2014
f 1255/2093/2013 952/2094/2014 1256/2095/2015
f 1256/2095/2015 952/2094/2014 951/2096/2016
f 1256/2095/2015 951/2096/2016 1257/2097/2017
f 1257/2097/2017 951/2096/2016 1258/2098/2018
f 1258/2098/2018 951/2096/2016 950/2099/2019
f 1258/2098/2018 950/2099/2019 1259/2100/2020
f 1259/2100/2020 950/2099/2019 949/2101/2021
f 1259/2100/2020 949/2101/2021 1260/2102/2022
f 1260/2102/2022 949/2101/2021 1334/2103/2023
f 1260/2102/2022 1334/2103/2023 1393/2104/2024
f 1393/2104/2024 1334/2103/2023 1398/2105/2025
f 1398/2105/2025 1334/2103/2023 1333/2106/2026
f 1398/2105/2025 1333/2106/2026 1332/2107/2027
f 1334/2103/2023 949/2101/2021 1335/2108/2028
f 1335/2108/2028 949/2101/2021 948/2109/2029
f 1335/2108/2028 948/2109/2029 1336/2110/2030
f 1336/2110/2030 948/2109/2029 947/2111/2031
f 1336/2110/2030 947/2111/2031 1337/2112/2032
f 1337/2112/2032 947/2111/2031 1338/2113/2033
f 1338/2113/2033 947/2111/2031 946/2114/2034
f 1338/2113/2033 946/2114/2034 1339/2115/2035
f 1339/2115/2035 946/2114/2034 945/2116/2036
f 1339/2115/2035 945/2116/2036 1340/2117/2037
f 1340/2117/2037 945/2116/2036 944/2061/1981
f 1340/2117/2037 944/2061/1981 1341/2063/1983
f 1008/2118/2038 1051/2119/2039 985/2120/2040
f 985/2120/2040 1051/2119/2039 1050/2121/2041
f 985/2120/2040 1050/2121/2041 986/2122/2042
f 986/2122/2042 1050/2121/2041 1049/2123/2043
f 986/2122/2042 1049/2123/2043 987/2124/2044
f 987/2124/2044 1049/2123/2043 1048/2125/2045
f 987/2124/2044 1048/2125/2045 988/2126/2046
f 988/2126/2046 1048/2125/2045 1047/2127/2047
f 988/2126/2046 1047/2127/2047 989/2128/2048
f 989/2128/2048 1047/2127/2047 1046/2129/2049
f 989/2128/2048 1046/2129/2049 990/2130/2050
f 990/2130/2050 1046/2129/2049 1045/2131/2051
f 990/2130/2050 1045/2131/2051 1100/2132/2052
f 1100/2132/2052 1045/2131/2051 1044/2133/2053
f 1100/2132/2052 1044/2133/2053 1101/2134/2054
f 1101/2134/2054 1044/2133/2053 1043/2135/2055
f 1101/2134/2054 1043/2135/2055 1102/2136/2056
f 1102/2136/2056 1043/2135/2055 1042/2137/2057
f 1102/2136/2056 1042/2137/2057 1103/2138/2058
f 1103/2138/2058 1042/2137/2057 1041/2139/2059
f 1103/2138/2058 1041/2139/2059 1104/2140/2060
f 1104/2140/2060 1041/2139/2059 1040/2141/2061
f 1104/2140/2060 1040/2141/2061 1081/2142/2062
f 1081/2142/2062 1040/2141/2061 1039/2143/2063
f 1081/2142/2062 1039/2143/2063 1082/2144/2064
f 1082/2144/2064 1039/2143/2063 1038/2145/2065
f 1082/2144/2064 1038/2145/2065 1083/2146/2066
f 1083/2146/2066 1038/2145/2065 1037/2147/2067
f 1083/2146/2066 1037/2147/2067 1397/1941/1861
f 1397/1941/1861 1037/2147/2067 1036/2148/2068
f 1397/1941/1861 1036/2148/2068 1035/2149/2069
f 1007/2150/2070 716/2025/1945 1008/2118/2038
f 1008/2118/2038 716/2025/1945 1052/2151/2071
f 1008/2118/2038 1052/2151/2071 1051/2119/2039
f 716/2025/1945 1007/2150/2070 718/2152/2072
f 718/2152/2072 1007/2150/2070 1006/2153/2073
f 718/2152/2072 1006/2153/2073 1005/2154/2074
f 1005/2154/2074 1004/2155/2075 718/2152/2072
f 718/2152/2072 1004/2155/2075 1003/2156/2076
f 718/2152/2072 1003/2156/2076 1249/2157/2077
f 1249/2157/2077 1003/2156/2076 1002/2158/2078
f 1249/2157/2077 1002/2158/2078 1250/2159/2079
f 1250/2159/2079 1002/2158/2078 1001/2160/2080
f 1250/2159/2079 1001/2160/2080 1251/2161/2081
f 1251/2161/2081 1001/2160/2080 1000/2162/2082
f 1251/2161/2081 1000/2162/2082 1252/2090/2010
f 1252/2090/2010 1000/2162/2082 999/2088/2008
f 1098/2048/1968 992/2046/1966 1099/2163/2083
f 1099/2163/2083 992/2046/1966 991/2164/2084
f 1099/2163/2083 991/2164/2084 1100/2132/2052
f 1100/2132/2052 991/2164/2084 990/2130/2050
f 1055/2027/1947 1054/2165/2085 716/2025/1945
f 716/2025/1945 1054/2165/2085 1053/2166/2086
f 716/2025/1945 1053/2166/2086 1052/2151/2071
f 1035/2149/2069 1034/2022/1942 1397/1941/1861
f 1084/2075/1995 1083/2146/2066 1397/1941/1861
f 891/1987/1907 1120/1989/1909 892/2167/2087
f 892/2167/2087 1120/1989/1909 1119/2168/2088
f 892/2167/2087 1119/2168/2088 893/2169/2089
f 893/2169/2089 1119/2168/2088 1118/2170/2090
f 893/2169/2089 1118/2170/2090 894/2171/2091
f 894/2171/2091 1118/2170/2090 1117/2172/2092
f 894/2171/2091 1117/2172/2092 895/1947/1867
f 895/1947/1867 1117/2172/2092 1116/1945/1865
f 1178/1930/1850 1177/2173/2093 1395/2174/2094
f 1395/2174/2094 1177/2173/2093 1200/2175/2095
f 1395/2174/2094 1200/2175/2095 1199/2176/2096
f 1199/2176/2096 1198/2177/2097 1395/2174/2094
f 1395/2174/2094 1198/2177/2097 1197/2178/2098
f 1395/2174/2094 1197/2178/2098 1196/2179/2099
f 1196/2179/2099 1195/2180/2100 1395/2174/2094
f 1395/2174/2094 1195/2180/2100 1194/2181/2101
f 1395/2174/2094 1194/2181/2101 1394/2182/2102
f 1394/2182/2102 1194/2181/2101 1193/2183/2103
f 1394/2182/2102 1193/2183/2103 720/2184/2104
f 720/2184/2104 1193/2183/2103 1192/2185/2105
f 720/2184/2104 1192/2185/2105 1191/2186/2106
f 1191/2186/2106 1190/2187/2107 720/2184/2104
f 720/2184/2104 1190/2187/2107 1189/2188/2108
f 720/2184/2104 1189/2188/2108 811/2189/2109
f 811/2189/2109 1189/2188/2108 812/2190/2110
f 812/2190/2110 1189/2188/2108 1188/2191/2111
f 812/2190/2110 1188/2191/2111 813/2192/2112
f 813/2192/2112 1188/2191/2111 1187/2193/2113
f 813/2192/2112 1187/2193/2113 814/2194/2114
f 814/2194/2114 1187/2193/2113 1186/2195/2115
f 814/2194/2114 1186/2195/2115 815/1958/1878
f 815/1958/1878 1186/2195/2115 1185/1956/1876
f 1396/1932/1852 1178/1930/1850 1395/2174/2094
f 1249/2157/2077 1272/2196/2116 718/2152/2072
f 718/2152/2072 1272/2196/2116 1271/2197/2117
f 718/2152/2072 1271/2197/2117 1270/2198/2118
f 1270/2198/2118 1269/2199/2119 718/2152/2072
f 718/2152/2072 1269/2199/2119 1268/2200/2120
f 718/2152/2072 1268/2200/2120 1394/2182/2102
f 1394/2182/2102 1268/2200/2120 1393/2104/2024
f 1393/2104/2024 1268/2200/2120 1267/2201/2121
f 1393/2104/2024 1267/2201/2121 1266/2202/2122
f 1266/2202/2122 1265/2203/2123 1393/2104/2024
f 1393/2104/2024 1265/2203/2123 1264/2204/2124
f 1393/2104/2024 1264/2204/2124 1263/2205/2125
f 1263/2205/2125 1262/2206/2126 1393/2104/2024
f 1393/2104/2024 1262/2206/2126 1261/2207/2127
f 1393/2104/2024 1261/2207/2127 1260/2102/2022
f 1332/2107/2027 1331/2208/2128 1398/2105/2025
f 1398/2105/2025 1331/2208/2128 1330/2209/2129
f 1398/2105/2025 1330/2209/2129 1329/2210/2130
f 1329/2210/2130 1328/2211/2131 1398/2105/2025
f 1398/2105/2025 1328/2211/2131 1327/2212/2132
f 1398/2105/2025 1327/2212/2132 1326/2213/2133
f 1398/2105/2025 1326/2213/2133 1397/1941/1861
f 1397/1941/1861 1326/2213/2133 1325/2214/2134
f 1397/1941/1861 1325/2214/2134 1324/2215/2135
f 1324/2215/2135 1323/2216/2136 1397/1941/1861
f 1397/1941/1861 1323/2216/2136 1322/2072/1992
f 798/1971/1891 908/1973/1893 799/2217/2137
f 799/2217/2137 908/1973/1893 907/2218/2138
f 799/2217/2137 907/2218/2138 800/2001/1921
f 800/2001/1921 907/2218/2138 906/2003/1923
f 899/2017/1937 898/2219/2139 1397/1941/1861
f 1397/1941/1861 898/2219/2139 897/2220/2140
f 1397/1941/1861 897/2220/2140 896/1946/1866
f 811/2189/2109 810/2221/2141 720/2184/2104
f 720/2184/2104 810/2221/2141 809/2222/2142
f 720/2184/2104 809/2222/2142 808/2223/2143
f 808/2223/2143 807/2224/2144 720/2184/2104
f 720/2184/2104 807/2224/2144 715/2040/1960
f 715/2040/1960 807/2224/2144 806/2038/1958
f 720/2184/2104 718/2152/2072 1394/2182/2102
f 716/2025/1945 715/2040/1960 853/2023/1943
f 744/2225/2145 776/2226/2146 721/2227/2147
f 721/2227/2147 776/2226/2146 882/2228/2148
f 721/2227/2147 882/2228/2148 722/2229/2149
f 722/2229/2149 882/2228/2148 881/2230/2150
f 722/2229/2149 881/2230/2150 723/2231/2151
f 723/2231/2151 881/2230/2150 880/2232/2152
f 723/2231/2151 880/2232/2152 724/2233/2153
f 724/2233/2153 880/2232/2152 879/2234/2154
f 724/2233/2153 879/2234/2154 725/2235/2155
f 725/2235/2155 879/2234/2154 878/2236/2156
f 725/2235/2155 878/2236/2156 726/2237/2157
f 726/2237/2157 878/2236/2156 877/2238/2158
f 726/2237/2157 877/2238/2158 727/2239/2159
f 727/2239/2159 877/2238/2158 876/2240/2160
f 727/2239/2159 876/2240/2160 728/2241/2161
f 728/2241/2161 876/2240/2160 875/2242/2162
f 728/2241/2161 875/2242/2162 1173/2243/2163
f 1173/2243/2163 875/2242/2162 1174/2244/2164
f 1174/2244/2164 875/2242/2162 874/2245/2165
f 1174/2244/2164 874/2245/2165 1175/2246/2166
f 1175/2246/2166 874/2245/2165 873/2247/2167
f 1175/2246/2166 873/2247/2167 1176/2248/2168
f 1176/2248/2168 873/2247/2167 872/2249/2169
f 1176/2248/2168 872/2249/2169 1153/2250/2170
f 1153/2250/2170 872/2249/2169 871/2251/2171
f 1153/2250/2170 871/2251/2171 1154/2252/2172
f 1154/2252/2172 871/2251/2171 870/2253/2173
f 1154/2252/2172 870/2253/2173 1403/2254/2174
f 1403/2254/2174 870/2253/2173 869/2255/2175
f 1403/2254/2174 869/2255/2175 868/2256/2176
f 776/2226/2146 744/2225/2145 777/2257/2177
f 777/2257/2177 744/2225/2145 743/2258/2178
f 777/2257/2177 743/2258/2178 778/2259/2179
f 778/2259/2179 743/2258/2178 742/2260/2180
f 778/2259/2179 742/2260/2180 779/2261/2181
f 779/2261/2181 742/2260/2180 741/2262/2182
f 779/2261/2181 741/2262/2182 780/2263/2183
f 780/2263/2183 741/2262/2182 740/2264/2184
f 780/2263/2183 740/2264/2184 781/2265/2185
f 781/2265/2185 740/2264/2184 739/2266/2186
f 781/2265/2185 739/2266/2186 782/2267/2187
f 782/2267/2187 739/2266/2186 738/2268/2188
f 782/2267/2187 738/2268/2188 783/2269/2189
f 783/2269/2189 738/2268/2188 1229/2270/2190
f 783/2269/2189 1229/2270/2190 1228/2271/2191
f 738/2268/2188 737/2272/2192 1229/2270/2190
f 1229/2270/2190 737/2272/2192 1230/2273/2193
f 1230/2273/2193 737/2272/2192 1231/2274/2194
f 1231/2274/2194 737/2272/2192 736/2275/2195
f 1231/2274/2194 736/2275/2195 1232/2276/2196
f 1232/2276/2196 736/2275/2195 735/2277/2197
f 1232/2276/2196 735/2277/2197 1233/2278/2198
f 1233/2278/2198 735/2277/2197 1234/2279/2199
f 1234/2279/2199 735/2277/2197 734/2280/2200
f 1234/2279/2199 734/2280/2200 1235/2281/2201
f 1235/2281/2201 734/2280/2200 1399/2282/2202
f 1235/2281/2201 1399/2282/2202 1236/2283/2203
f 1236/2283/2203 1399/2282/2202 1237/2284/2204
f 1237/2284/2204 1399/2282/2202 1238/2285/2205
f 1238/2285/2205 1399/2282/2202 1239/2286/2206
f 1239/2286/2206 1399/2282/2202 1240/2287/2207
f 1240/2287/2207 1399/2282/2202 1241/2288/2208
f 1241/2288/2208 1399/2282/2202 1242/2289/2209
f 1242/2289/2209 1399/2282/2202 1243/2290/2210
f 1243/2290/2210 1399/2282/2202 1244/2291/2211
f 1244/2291/2211 1399/2282/2202 1245/2292/2212
f 1245/2292/2212 1399/2282/2202 719/2293/2213
f 1245/2292/2212 719/2293/2213 1246/2294/2214
f 1246/2294/2214 719/2293/2213 1247/2295/2215
f 1247/2295/2215 719/2293/2213 1248/2296/2216
f 1248/2296/2216 719/2293/2213 1225/2297/2217
f 1225/2297/2217 719/2293/2213 787/2298/2218
f 1225/2297/2217 787/2298/2218 786/2299/2219
f 734/2280/2200 733/2300/2220 1399/2282/2202
f 1399/2282/2202 733/2300/2220 1404/2301/2221
f 1404/2301/2221 733/2300/2220 732/2302/2222
f 1404/2301/2221 732/2302/2222 1167/2303/2223
f 1167/2303/2223 732/2302/2222 1168/2304/2224
f 1168/2304/2224 732/2302/2222 731/2305/2225
f 1168/2304/2224 731/2305/2225 1169/2306/2226
f 1169/2306/2226 731/2305/2225 1170/2307/2227
f 1170/2307/2227 731/2305/2225 730/2308/2228
f 1170/2307/2227 730/2308/2228 1171/2309/2229
f 1171/2309/2229 730/2308/2228 729/2310/2230
f 1171/2309/2229 729/2310/2230 1172/2311/2231
f 1172/2311/2231 729/2310/2230 1173/2243/2163
f 1173/2243/2163 729/2310/2230 728/2241/2161
f 840/2312/2232 714/2313/2233 817/2314/2234
f 817/2314/2234 714/2313/2233 713/2315/2235
f 817/2314/2234 713/2315/2235 1021/2316/2236
f 1021/2316/2236 713/2315/2235 1022/2317/2237
f 1022/2317/2237 713/2315/2235 1023/2318/2238
f 1023/2318/2238 713/2315/2235 1024/2319/2239
f 1024/2319/2239 713/2315/2235 1025/2320/2240
f 1025/2320/2240 713/2315/2235 1026/2321/2241
f 1026/2321/2241 713/2315/2235 974/2322/2242
f 1026/2321/2241 974/2322/2242 1027/2323/2243
f 1027/2323/2243 974/2322/2242 973/2324/2244
f 1027/2323/2243 973/2324/2244 1028/2325/2245
f 1028/2325/2245 973/2324/2244 972/2326/2246
f 1028/2325/2245 972/2326/2246 1029/2327/2247
f 1029/2327/2247 972/2326/2246 971/2328/2248
f 1029/2327/2247 971/2328/2248 1030/2329/2249
f 1030/2329/2249 971/2328/2248 970/2330/2250
f 1030/2329/2249 970/2330/2250 1031/2331/2251
f 1031/2331/2251 970/2330/2250 969/2332/2252
f 1031/2331/2251 969/2332/2252 1032/2333/2253
f 1032/2333/2253 969/2332/2252 968/2334/2254
f 1032/2333/2253 968/2334/2254 1009/2335/2255
f 1009/2335/2255 968/2334/2254 1074/2336/2256
f 1009/2335/2255 1074/2336/2256 1010/2337/2257
f 1010/2337/2257 1074/2336/2256 1073/2338/2258
f 1010/2337/2257 1073/2338/2258 1011/2339/2259
f 1011/2339/2259 1073/2338/2258 1072/2340/2260
f 1011/2339/2259 1072/2340/2260 1012/2341/2261
f 1012/2341/2261 1072/2340/2260 1071/2342/2262
f 1012/2341/2261 1071/2342/2262 1013/2343/2263
f 1013/2343/2263 1071/2342/2262 1070/2344/2264
f 1013/2343/2263 1070/2344/2264 1014/2345/2265
f 1014/2345/2265 1070/2344/2264 1069/2346/2266
f 1014/2345/2265 1069/2346/2266 1015/2347/2267
f 1015/2347/2267 1069/2346/2266 1068/2348/2268
f 1015/2347/2267 1068/2348/2268 1016/2349/2269
f 1016/2349/2269 1068/2348/2268 1067/2350/2270
f 1016/2349/2269 1067/2350/2270 1017/2351/2271
f 1017/2351/2271 1067/2350/2270 1403/2254/2174
f 1017/2351/2271 1403/2254/2174 1018/2352/2272
f 1018/2352/2272 1403/2254/2174 1019/2353/2273
f 1019/2353/2273 1403/2254/2174 1020/2354/2274
f 1020/2354/2274 1403/2254/2174 818/2355/2275
f 1020/2354/2274 818/2355/2275 817/2314/2234
f 840/2312/2232 839/2356/2276 714/2313/2233
f 714/2313/2233 839/2356/2276 838/2357/2277
f 714/2313/2233 838/2357/2277 837/2358/2278
f 837/2358/2278 836/2359/2279 714/2313/2233
f 714/2313/2233 836/2359/2279 792/2360/2280
f 714/2313/2233 792/2360/2280 791/2361/2281
f 836/2359/2279 835/2362/2282 792/2360/2280
f 792/2360/2280 835/2362/2282 769/2363/2283
f 769/2363/2283 835/2362/2282 834/2364/2284
f 769/2363/2283 834/2364/2284 770/2365/2285
f 770/2365/2285 834/2364/2284 833/2366/2286
f 770/2365/2285 833/2366/2286 771/2367/2287
f 771/2367/2287 833/2366/2286 832/2368/2288
f 771/2367/2287 832/2368/2288 772/2369/2289
f 772/2369/2289 832/2368/2288 831/2370/2290
f 772/2369/2289 831/2370/2290 773/2371/2291
f 773/2371/2291 831/2370/2290 830/2372/2292
f 773/2371/2291 830/2372/2292 774/2373/2293
f 774/2373/2293 830/2372/2292 829/2374/2294
f 774/2373/2293 829/2374/2294 884/2375/2295
f 884/2375/2295 829/2374/2294 828/2376/2296
f 884/2375/2295 828/2376/2296 885/2377/2297
f 885/2377/2297 828/2376/2296 827/2378/2298
f 885/2377/2297 827/2378/2298 886/2379/2299
f 886/2379/2299 827/2378/2298 826/2380/2300
f 886/2379/2299 826/2380/2300 887/2381/2301
f 887/2381/2301 826/2380/2300 825/2382/2302
f 887/2381/2301 825/2382/2302 888/2383/2303
f 888/2383/2303 825/2382/2302 824/2384/2304
f 888/2383/2303 824/2384/2304 865/2385/2305
f 865/2385/2305 824/2384/2304 823/2386/2306
f 865/2385/2305 823/2386/2306 866/2387/2307
f 866/2387/2307 823/2386/2306 822/2388/2308
f 866/2387/2307 822/2388/2308 867/2389/2309
f 867/2389/2309 822/2388/2308 821/2390/2310
f 867/2389/2309 821/2390/2310 1403/2254/2174
f 1403/2254/2174 821/2390/2310 820/2391/2311
f 1403/2254/2174 820/2391/2311 819/2392/2312
f 819/2392/2312 818/2355/2275 1403/2254/2174
f 936/2393/2313 1401/2394/2314 913/2395/2315
f 913/2395/2315 1401/2394/2314 1402/2396/2316
f 913/2395/2315 1402/2396/2316 914/2397/2317
f 914/2397/2317 1402/2396/2316 1391/2398/2318
f 914/2397/2317 1391/2398/2318 1390/2399/2319
f 935/2400/2320 1300/2401/2321 936/2393/2313
f 936/2393/2313 1300/2401/2321 1299/2402/2322
f 936/2393/2313 1299/2402/2322 1401/2394/2314
f 1401/2394/2314 1299/2402/2322 1298/2403/2323
f 1401/2394/2314 1298/2403/2323 1297/2404/2324
f 1300/2401/2321 935/2400/2320 1301/2405/2325
f 1301/2405/2325 935/2400/2320 934/2406/2326
f 1301/2405/2325 934/2406/2326 1302/2407/2327
f 1302/2407/2327 934/2406/2326 1303/2408/2328
f 1303/2408/2328 934/2406/2326 933/2409/2329
f 1303/2408/2328 933/2409/2329 1304/2410/2330
f 1304/2410/2330 933/2409/2329 932/2411/2331
f 1304/2410/2330 932/2411/2331 1305/2412/2332
f 1305/2412/2332 932/2411/2331 983/2413/2333
f 1305/2412/2332 983/2413/2333 1306/2414/2334
f 1306/2414/2334 983/2413/2333 982/2415/2335
f 1306/2414/2334 982/2415/2335 1307/2416/2336
f 1307/2416/2336 982/2415/2335 981/2417/2337
f 1307/2416/2336 981/2417/2337 1308/2418/2338
f 1308/2418/2338 981/2417/2337 980/2419/2339
f 1308/2418/2338 980/2419/2339 1309/2420/2340
f 1309/2420/2340 980/2419/2339 979/2421/2341
f 1309/2420/2340 979/2421/2341 717/2422/2342
f 717/2422/2342 979/2421/2341 978/2423/2343
f 717/2422/2342 978/2423/2343 977/2424/2344
f 983/2413/2333 932/2411/2331 984/2425/2345
f 984/2425/2345 932/2411/2331 931/2426/2346
f 984/2425/2345 931/2426/2346 961/2427/2347
f 961/2427/2347 931/2426/2346 930/2428/2348
f 961/2427/2347 930/2428/2348 962/2429/2349
f 962/2429/2349 930/2428/2348 929/2430/2350
f 962/2429/2349 929/2430/2350 963/2431/2351
f 963/2431/2351 929/2430/2350 928/2432/2352
f 963/2431/2351 928/2432/2352 964/2433/2353
f 964/2433/2353 928/2432/2352 927/2434/2354
f 964/2433/2353 927/2434/2354 965/2435/2355
f 965/2435/2355 927/2434/2354 926/2436/2356
f 965/2435/2355 926/2436/2356 966/2437/2357
f 966/2437/2357 926/2436/2356 925/2438/2358
f 966/2437/2357 925/2438/2358 1076/2439/2359
f 1076/2439/2359 925/2438/2358 924/2440/2360
f 1076/2439/2359 924/2440/2360 1077/2441/2361
f 1077/2441/2361 924/2440/2360 923/2442/2362
f 1077/2441/2361 923/2442/2362 1078/2443/2363
f 1078/2443/2363 923/2442/2362 922/2444/2364
f 1078/2443/2363 922/2444/2364 1079/2445/2365
f 1079/2445/2365 922/2444/2364 921/2446/2366
f 1079/2445/2365 921/2446/2366 1080/2447/2367
f 1080/2447/2367 921/2446/2366 920/2448/2368
f 1080/2447/2367 920/2448/2368 1057/2449/2369
f 1057/2449/2369 920/2448/2368 919/2450/2370
f 1057/2449/2369 919/2450/2370 1058/2451/2371
f 1058/2451/2371 919/2450/2370 918/2452/2372
f 1058/2451/2371 918/2452/2372 1059/2453/2373
f 1059/2453/2373 918/2452/2372 1385/2454/2374
f 1059/2453/2373 1385/2454/2374 1384/2455/2375
f 918/2452/2372 917/2456/2376 1385/2454/2374
f 1385/2454/2374 917/2456/2376 1386/2457/2377
f 1386/2457/2377 917/2456/2376 1387/2458/2378
f 1387/2458/2378 917/2456/2376 916/2459/2379
f 1387/2458/2378 916/2459/2379 1388/2460/2380
f 1388/2460/2380 916/2459/2379 1389/2461/2381
f 1389/2461/2381 916/2459/2379 915/2462/2382
f 1389/2461/2381 915/2462/2382 1390/2399/2319
f 1390/2399/2319 915/2462/2382 914/2397/2317
f 977/2424/2344 976/2463/2383 717/2422/2342
f 717/2422/2342 976/2463/2383 975/2464/2384
f 717/2422/2342 975/2464/2384 713/2315/2235
f 713/2315/2235 975/2464/2384 974/2322/2242
f 968/2334/2254 967/2465/2385 1074/2336/2256
f 1074/2336/2256 967/2465/2385 1075/2466/2386
f 1075/2466/2386 967/2465/2385 966/2437/2357
f 1075/2466/2386 966/2437/2357 1076/2439/2359
f 1021/2316/2236 1020/2354/2274 817/2314/2234
f 1067/2350/2270 1066/2467/2387 1403/2254/2174
f 1403/2254/2174 1066/2467/2387 1065/2468/2388
f 1403/2254/2174 1065/2468/2388 1064/2469/2389
f 1403/2254/2174 1064/2469/2389 1380/2470/2390
f 1380/2470/2390 1064/2469/2389 1063/2471/2391
f 1380/2470/2390 1063/2471/2391 1381/2472/2392
f 1381/2472/2392 1063/2471/2391 1062/2473/2393
f 1381/2472/2392 1062/2473/2393 1382/2474/2394
f 1382/2474/2394 1062/2473/2393 1061/2475/2395
f 1382/2474/2394 1061/2475/2395 1383/2476/2396
f 1383/2476/2396 1061/2475/2395 1060/2477/2397
f 1383/2476/2396 1060/2477/2397 1384/2455/2375
f 1384/2455/2375 1060/2477/2397 1059/2453/2373
f 1167/2303/2223 1166/2478/2398 1404/2301/2221
f 1404/2301/2221 1166/2478/2398 1165/2479/2399
f 1404/2301/2221 1165/2479/2399 1164/2480/2400
f 1164/2480/2400 1163/2481/2401 1404/2301/2221
f 1404/2301/2221 1163/2481/2401 1162/2482/2402
f 1404/2301/2221 1162/2482/2402 1161/2483/2403
f 1161/2483/2403 1160/2484/2404 1404/2301/2221
f 1404/2301/2221 1160/2484/2404 1159/2485/2405
f 1404/2301/2221 1159/2485/2405 1158/2486/2406
f 1158/2486/2406 1157/2487/2407 1404/2301/2221
f 1404/2301/2221 1157/2487/2407 1403/2254/2174
f 1403/2254/2174 1157/2487/2407 1156/2488/2408
f 1403/2254/2174 1156/2488/2408 1155/2489/2409
f 1155/2489/2409 1154/2252/2172 1403/2254/2174
f 783/2269/2189 1228/2271/2191 784/2490/2410
f 784/2490/2410 1228/2271/2191 1227/2491/2411
f 784/2490/2410 1227/2491/2411 785/2492/2412
f 785/2492/2412 1227/2491/2411 1226/2493/2413
f 785/2492/2412 1226/2493/2413 786/2299/2219
f 786/2299/2219 1226/2493/2413 1225/2297/2217
f 1297/2404/2324 1320/2494/2414 1401/2394/2314
f 1401/2394/2314 1320/2494/2414 1319/2495/2415
f 1401/2394/2314 1319/2495/2415 1318/2496/2416
f 1318/2496/2416 1317/2497/2417 1401/2394/2314
f 1401/2394/2314 1317/2497/2417 1316/2498/2418
f 1401/2394/2314 1316/2498/2418 1315/2499/2419
f 1315/2499/2419 1314/2500/2420 1401/2394/2314
f 1401/2394/2314 1314/2500/2420 1313/2501/2421
f 1401/2394/2314 1313/2501/2421 717/2422/2342
f 717/2422/2342 1313/2501/2421 1312/2502/2422
f 717/2422/2342 1312/2502/2422 1311/2503/2423
f 1311/2503/2423 1310/2504/2424 717/2422/2342
f 717/2422/2342 1310/2504/2424 1309/2420/2340
f 1370/2505/2425 1369/2506/2426 1402/2396/2316
f 1402/2396/2316 1369/2506/2426 1392/2507/2427
f 1402/2396/2316 1392/2507/2427 1391/2398/2318
f 1380/2470/2390 1379/2508/2428 1403/2254/2174
f 1403/2254/2174 1379/2508/2428 1378/2509/2429
f 1403/2254/2174 1378/2509/2429 1377/2510/2430
f 1403/2254/2174 1377/2510/2430 1402/2396/2316
f 1402/2396/2316 1377/2510/2430 1376/2511/2431
f 1402/2396/2316 1376/2511/2431 1375/2512/2432
f 1375/2512/2432 1374/2513/2433 1402/2396/2316
f 1402/2396/2316 1374/2513/2433 1373/2514/2434
f 1402/2396/2316 1373/2514/2434 1372/2515/2435
f 1372/2515/2435 1371/2516/2436 1402/2396/2316
f 1402/2396/2316 1371/2516/2436 1370/2505/2425
f 1399/2282/2202 1400/2517/2437 719/2293/2213
f 719/2293/2213 1400/2517/2437 717/2422/2342
f 717/2422/2342 1400/2517/2437 1401/2394/2314
f 884/2375/2295 883/2518/2438 774/2373/2293
f 774/2373/2293 883/2518/2438 775/2519/2439
f 775/2519/2439 883/2518/2438 882/2228/2148
f 775/2519/2439 882/2228/2148 776/2226/2146
f 868/2256/2176 867/2389/2309 1403/2254/2174
f 714/2313/2233 791/2361/2281 719/2293/2213
f 719/2293/2213 791/2361/2281 790/2520/2440
f 719/2293/2213 790/2520/2440 789/2521/2441
f 789/2521/2441 788/2522/2442 719/2293/2213
f 719/2293/2213 788/2522/2442 787/2298/2218
f 1398/2523/2443 1402/2524/2444 1393/2525/2445
f 1393/2525/2445 1402/2524/2444 1401/2526/2446
f 1396/2527/2447 1404/2528/2448 1397/2529/2449
f 1397/2529/2449 1404/2528/2448 1403/2530/2450
f 1397/2529/2449 1403/2530/2450 1398/2531/2451
f 1398/2531/2451 1403/2530/2450 1402/2532/2452
f 1395/2533/2453 1399/2534/2454 1396/2535/2455
f 1396/2535/2455 1399/2534/2454 1404/2536/2456
f 1393/2537/2457 1401/2538/2458 1394/2539/2459
f 1394/2539/2459 1401/2538/2458 1400/2540/2460
f 1394/2539/2459 1400/2540/2460 1395/2541/2461
f 1395/2541/2461 1400/2540/2460 1399/2542/2462
# 1404 vertices
# 2542 texture params
# 2462 normals
# 2852 facets

# 2 groups
